Kota Padang;Bungus Teluk Kabung;Bungus Barat;waspada
Kota Padang;Bungus Teluk Kabung;Bungus Selatan;waspada
Kota Padang;Bungus Teluk Kabung;Bungus Timur;waspada
Kota Padang;Bungus Teluk Kabung;Teluk Kabung Selatan;waspada
Kota Padang;Bungus Teluk Kabung;Teluk Kabung Tengah;Waspada
Kota Padang;Bungus Teluk Kabung;Teluk Kabung Utara;Waspada
Kota Padang;Koto Tangah;Air Pacah;Waspada
Kota Padang;Koto Tangah;Balai Gadang;Waspada
Kota Padang;Koto Tangah;Batang Kabung Ganting;Waspada
Kota Padang;Koto Tangah;Batipuh Panjang;Waspada
Kota Padang;Koto Tangah;Bungo Pasang;Waspada
Kota Padang;Koto Tangah;Dadok Tunggul Hitam;waspada
Kota Padang;Koto Tangah;Koto panjang Ikua Koto;Waspada
Kota Padang;Koto Tangah;Koto Pulai;Waspada
Kota Padang;Koto Tangah;Lubuk Buayo;Waspada
Kota Padang;Koto Tangah;Lubuk Minturun;Waspada
Kota Padang;Koto Tangah;Padang Sarai;waspada
Kota Padang;Koto Tangah;Parupuk Tabing;waspada
Kota Padang;Koto Tangah;Pasir Nan Tigo;Waspada
Kota Padang;Kuranji;Ampang;Waspada
Kota Padang;Kuranji;Anduring;Waspada
Kota Padang;Kuranji;Gunung Sarik;Waspada
Kota Padang;Kuranji;Kalumbuk;Waspada
Kota Padang;Kuranji;Korong Gadang;Waspada
Kota Padang;Kuranji;Kuranji;Waspada
Kota Padang;Kuranji;Lubuk Lintah;Waspada
Kota Padang;Kuranji;Pasar Ambacang;Waspada
Kota Padang;Kuranji;Sungai sapih;Waspada
Kota Padang;Lubuk Begalung;Banuaran Nan XX;Waspada
Kota Padang;Lubuk Begalung;Batung Taba Nan XX;Waspada
Kota Padang;Lubuk Begalung;Cengkeh Nan XX;Waspada
Kota Padang;Lubuk Begalung;Gates Nan XX;Waspada
Kota Padang;Lubuk Begalung;Gurun Laweh Nan XX;Waspada
Kota Padang;Lubuk Begalung;Kampung Baru Nan XX;Waspada
Kota Padang;Lubuk Begalung;Kampung Jua Nan XX;Waspada
Kota Padang;Lubuk Begalung;Koto Baru Nan XX;Waspada
Kota Padang;Lubuk Begalung;Lubuk Begalung Nan XX;Waspada
Kota Padang;Lubuk Begalung;Pegambiran Ampalu Nan XX;Waspada
Kota Padang;Lubuk Begalung;Pampangan Nan XX;Waspada
Kota Padang;Lubuk Begalung;Parak laweh Pulau Air Nan XX;Waspada
Kota Padang;Lubuk Begalung;Pitameh Tanjuang Saba Nan XX;Waspada
Kota Padang;Lubuk Begalung;Tanah Sirah Piai Nan XX;Waspada
Kota Padang;Lubuk Begalung;Tanjuang Aur Nan XX;Waspada
Kota Padang;Lubuk Kilangan;Bandar Buat;Waspada
Kota Padang;Lubuk Kilangan;Batu Gadang;Waspada
Kota Padang;Lubuk Kilangan;Beringin;Waspada
Kota Padang;Lubuk Kilangan;Indarung;Waspada
Kota Padang;Lubuk Kilangan;Koto Lalang;Waspada
Kota Padang;Lubuk Kilangan;Padang Besi;Waspada
Kota Padang;Lubuk Kilangan;Tarantang;Waspada
Kota Padang;Nanggalo;Gurun Laweh;waspada
Kota Padang;Nanggalo;Kampung Lapai;Waspada
Kota Padang;Nanggalo;Kampung Olo;Waspada
Kota Padang;Nanggalo;Kurau Pagang;Waspada
Kota Padang;Nanggalo;Surau Gadang;Waspada
Kota Padang;Nanggalo;Tabing Banda Gadang;Waspada
Kota Padang;Padang Barat;Belakang Tangsi;Waspada
Kota Padang;Padang Barat;Berok Nipah;Waspada
Kota Padang;Padang Barat;Flamboyan Baru;Waspada
Kota Padang;Padang Barat;Kampung Jao;Waspada
Kota Padang;Padang Barat;Kampung Pondok;waspada
Kota Padang;Padang Barat;Olo;Waspada
Kota Padang;Padang Barat;Padang Pasir;Waspada
Kota Padang;Padang Barat;Purus;Waspada
Kota Padang;Padang Barat;Rimbo Kaluang;Waspada
Kota Padang;Padang Barat;Ujung Gurun;Waspada
Kota Padang;Padang Selatan;Air Manis;Waspada
Kota Padang;Padang Selatan;Alang Laweh;Waspada
Kota Padang;Padang Selatan;Batang Arau;Waspada
Kota Padang;Padang Selatan;Belakang Pondok;Waspada
Kota Padang;Padang Selatan;Bukit Gado-Gado;Waspada
Kota Padang;Padang Selatan;Mato Aie;Waspada
Kota Padang;Padang Selatan;Pasa Gadang;Waspada
Kota Padang;Padang Selatan;Ranah Parak Rumbio;Waspada
Kota Padang;Padang Selatan;Rawang;Waspada
Kota Padang;Padang Selatan;Seberang Padang;Waspada
Kota Padang;Padang Selatan;Seberang Palinggam;Waspada
Kota Padang;Padang Selatan;Teluk Bayur;Waspada
Kota Padang;Padang Timur;Andalas;Waspada
Kota Padang;Padang Timur;Ganting Parak Gadang;Waspada
Kota Padang;Padang Timur;Jati;Waspada
Kota Padang;Padang Timur;Jati Baru;Waspada
Kota Padang;Padang Timur;Kubu Dalam Parak Karakah;Waspada
Kota Padang;Padang Timur;Kubu Marapalam;Waspada
Kota Padang;Padang Timur;Parak Gadang Timur;Waspada
Kota Padang;Padang Timur;Sawahan;Waspada
Kota Padang;Padang Timur;Sawahan Timur;Waspada
Kota Padang;Padang Timur;Simpang Haru;Waspada
Kota Padang;Padang Utara;Air Tawar Barat;Waspada
Kota Padang;Padang Utara;Air Tawar Timur;Waspada
Kota Padang;Padang Utara;Alai Parak Kopi;Waspada
Kota Padang;Padang Utara;Gunung Pangilun;Waspada
Kota Padang;Padang Utara;Lolong Belanti;Waspada
Kota Padang;Padang Utara;Ulak Karang Selatan;Waspada
Kota Padang;Padang Utara;Ulak Karang Utara;Waspada
Kota Padang;Pauh;Binuang Kampuang Dalam;Waspada
Kota Padang;Pauh;Cupak Tangah;Waspada
Kota Padang;Pauh;Kapalo Koto;Waspada
Kota Padang;Pauh;Koto Luar;Waspada
Kota Padang;Pauh;Lambung Bukit;Waspada
Kota Padang;Pauh;Limau Manis;Waspada
Kota Padang;Pauh;Limau Manis Selatan;Waspada
Kota Padang;Pauh;Piai Tangah;Bahaya
Kota Padang;Pauh;Pisang;Waspada
Kota Bukittinggi;Aur Birugo Tigo Baleh;Aur Kuning;Waspada
Kota Bukittinggi;Aur Birugo Tigo Baleh;Belakang Balok;Bahaya
Kota Bukittinggi;Aur Birugo Tigo Baleh;Birugo;Waspada
Kota Bukittinggi;Aur Birugo Tigo Baleh;Kubu Tanjung;Waspada
Kota Bukittinggi;Aur Birugo Tigo Baleh;Ladang Cakiah;Waspada
Kota Bukittinggi;Aur Birugo Tigo Baleh;Pakan Labuah;Waspada
Kota Bukittinggi;Aur Birugo Tigo Baleh;Parit Antang;Waspada
Kota Bukittinggi;Aur Birugo Tigo Baleh;Sapiran;Waspada
Kota Bukittinggi;Guguk Panjang;Aur Tajungkang Tengah Sawah;Waspada
Kota Bukittinggi;Guguk Panjang;Benteng Pasar Atas;Waspada
Kota Bukittinggi;Guguk Panjang;Bukit Apit Puhun;Bahaya
Kota Bukittinggi;Guguk Panjang;Bukit Cangang Kayu Ramang;Waspada
Kota Bukittinggi;Guguk Panjang;Kayu Kubu;Bahaya
Kota Bukittinggi;Guguk Panjang;Pakan Kurai;Waspada
Kota Bukittinggi;Guguk Panjang;Tarok Dipo;Bahaya
Kota Bukittinggi;Mandiangin Koto Selayan;Campago Guguk Bulek;Waspada
Kota Bukittinggi;Mandiangin Koto Selayan;Campago Ipuh;Bahaya
Kota Bukittinggi;Mandiangin Koto Selayan;Garegeh;Waspada
Kota Bukittinggi;Mandiangin Koto Selayan;Koto Selayan;Bahaya
Kota Bukittinggi;Mandiangin Koto Selayan;Kubu Gulai Bancah;Bahaya
Kota Bukittinggi;Mandiangin Koto Selayan;Manggis/Ganting;Waspada
Kota Bukittinggi;Mandiangin Koto Selayan;Puhun Pintu Kabun;Waspada
Kota Bukittinggi;Mandiangin Koto Selayan;Puhun Tembok;Waspada
Kota Bukittinggi;Mandiangin Koto Selayan;Pulai Anak Air;Waspada
Kota Padang Panjang;Padang Panjang Barat;Balai-balai;Waspada
Kota Padang Panjang;Padang Panjang Barat;Bukit Surungan;Waspada
Kota Padang Panjang;Padang Panjang Barat;Kampung Manggis;Waspada
Kota Padang Panjang;Padang Panjang Barat;Pasar Baru;Waspada
Kota Padang Panjang;Padang Panjang Barat;Pasar Usang;Waspada
Kota Padang Panjang;Padang Panjang Barat;Silaing Atas;Waspada
Kota Padang Panjang;Padang Panjang Barat;Silaing Bawah;Bahaya
Kota Padang Panjang;Padang Panjang Barat;Tanah Hitam;Waspada
Kota Padang Panjang;Padang Panjang Timur;Ekor Lubuk;Waspada
Kota Padang Panjang;Padang Panjang Timur;Ganting;Bahaya
Kota Padang Panjang;Padang Panjang Timur;Guguk Malintang;Bahaya
Kota Padang Panjang;Padang Panjang Timur;Koto Katik;Bahaya
Kota Padang Panjang;Padang Panjang Timur;Koto Panjang;Bahaya
Kota Padang Panjang;Padang Panjang Timur;Ngalau;Waspada
Kota Padang Panjang;Padang Panjang Timur;Sigando;Bahaya
Kota Padang Panjang;Padang Panjang Timur;Tanah Pak Lambik;Waspada
Kota Pariaman;Pariaman Selatan;Balai Kurai Taji;Waspada
Kota Pariaman;Pariaman Selatan;Batang Tajongkek;Waspada
Kota Pariaman;Pariaman Selatan;Kampung Apar;Waspada
Kota Pariaman;Pariaman Selatan;Marabau;Bahaya
Kota Pariaman;Pariaman Selatan;Marunggi;Waspada
Kota Pariaman;Pariaman Selatan;Padang Cakur;Bahaya
Kota Pariaman;Pariaman Selatan;Palak Aneh;Bahaya
Kota Pariaman;Pariaman Selatan;Pasir Sunur;Bahaya
Kota Pariaman;Pariaman Selatan;Pauh Kurai Taji;Waspada
Kota Pariaman;Pariaman Selatan;Punggung Lading;Bahaya
Kota Pariaman;Pariaman Selatan;Rambai;Bahaya
Kota Pariaman;Pariaman Selatan;Sikabu;Bahaya
Kota Pariaman;Pariaman Selatan;Simpang;Waspada
Kota Pariaman;Pariaman Selatan;Sungai Kasai;Waspada
Kota Pariaman;Pariaman Selatan;Taluk;Bahaya
Kota Pariaman;Pariaman Selatan;Toboh Palabah;Bahaya
Kota Pariaman;Pariaman Tengah;Cimparuh;Bahaya
Kota Pariaman;Pariaman Tengah;Jati Mudik;Bahaya
Kota Pariaman;Pariaman Tengah;Kampung Baru;Bahaya
Kota Pariaman;Pariaman Tengah;Pauh Barat;Waspada
Kota Pariaman;Pariaman Tengah;Pauh Timur;Bahaya
Kota Pariaman;Pariaman Tengah;Rawang;Bahaya
Kota Pariaman;Pariaman Tengah;Alai Gelombang;Bahaya
Kota Pariaman;Pariaman Tengah;Jalan Baru;Bahaya
Kota Pariaman;Pariaman Tengah;Jalan Kereta Api;Bahaya
Kota Pariaman;Pariaman Tengah;Jati Hilir;Bahaya
Kota Pariaman;Pariaman Tengah;Jawi-jawi I;Bahaya
Kota Pariaman;Pariaman Tengah;Jawi-jawi II;Bahaya
Kota Pariaman;Pariaman Tengah;Kampung Jawa I;Bahaya
Kota Pariaman;Pariaman Tengah;Kampung Jawa II;Bahaya
Kota Pariaman;Pariaman Tengah;Kampung Perak;Waspada
Kota Pariaman;Pariaman Tengah;Kampung Pondok;Waspada
Kota Pariaman;Pariaman Tengah;Karan Aur;Bahaya
Kota Pariaman;Pariaman Tengah;Lohong;Bahaya
Kota Pariaman;Pariaman Tengah;Pasir;Bahaya
Kota Pariaman;Pariaman Tengah;Pondok II;Waspada
Kota Pariaman;Pariaman Tengah;Taratak;Waspada
Kota Pariaman;Pariaman Tengah;Ujung Batung;Waspada
Kota Pariaman;Pariaman Timur;Air Santok;Waspada
Kota Pariaman;Pariaman Timur;Batang Kabung;Waspada
Kota Pariaman;Pariaman Timur;Bato;Waspada
Kota Pariaman;Pariaman Timur;Bungo Tanjung;Waspada
Kota Pariaman;Pariaman Timur;Cubadak Mentawai;Waspada
Kota Pariaman;Pariaman Timur;Kajai;Waspada
Kota Pariaman;Pariaman Timur;Kaluat;Waspada
Kota Pariaman;Pariaman Timur;Kampung Baru Padusunan;Waspada
Kota Pariaman;Pariaman Timur;Kampung Gadang;Waspada
Kota Pariaman;Pariaman Timur;Kampung Kandang;Waspada
Kota Pariaman;Pariaman Timur;Kampung Tangah;Waspada
Kota Pariaman;Pariaman Timur;Koto Marapak;Waspada
Kota Pariaman;Pariaman Timur;Pakasai;Waspada
Kota Pariaman;Pariaman Timur;Sungai Pasak;Waspada
Kota Pariaman;Pariaman Timur;Sungai Sirah;Waspada
Kota Pariaman;Pariaman Timur;Talago Sarik;Waspada
Kota Pariaman;Pariaman Utara;Ampalu;Waspada
Kota Pariaman;Pariaman Utara;Apar;Waspada
Kota Pariaman;Pariaman Utara;Balai Naras;Waspada
Kota Pariaman;Pariaman Utara;Cubadak Air;Waspada
Kota Pariaman;Pariaman Utara;Cubadak Air Selatan;Waspada
Kota Pariaman;Pariaman Utara;Cubadak Air Utara;Waspada
Kota Pariaman;Pariaman Utara;Manggung;Waspada
Kota Pariaman;Pariaman Utara;Naras Hilir;Waspada
Kota Pariaman;Pariaman Utara;Naras I;Waspada
Kota Pariaman;Pariaman Utara;Padang Birik-Birik;Waspada
Kota Pariaman;Pariaman Utara;Sikapak Barat;Waspada
Kota Pariaman;Pariaman Utara;Sikapak Timur;Waspada
Kota Pariaman;Pariaman Utara;Sintuk;Waspada
Kota Pariaman;Pariaman Utara;Sungai Rambai;Waspada
Kota Pariaman;Pariaman Utara;Tanjung Sabar;Waspada
Kota Pariaman;Pariaman Utara;Tungkal Selatan;Waspada
Kota Pariaman;Pariaman Utara;Tungkal Utara;Waspada
Kota Payakumbuh;Lamposi Tigo Nagari;Koto Panjang Dalam;Waspada
Kota Payakumbuh;Lamposi Tigo Nagari;Koto Panjang Padang;Waspada
Kota Payakumbuh;Lamposi Tigo Nagari;Padang Sikabu;Waspada
Kota Payakumbuh;Lamposi Tigo Nagari;Parambahan;Waspada
Kota Payakumbuh;Lamposi Tigo Nagari;Parik Muko Aie;Waspada
Kota Payakumbuh;Lamposi Tigo Nagari;Sungai durian;Waspada
Kota Payakumbuh;Payakumbuh Barat;Bulakan balai kandi;Waspada
Kota Payakumbuh;Payakumbuh Barat;Ibuh;Waspada
Kota Payakumbuh;Payakumbuh Barat;Koto Tangah;Waspada
Kota Payakumbuh;Payakumbuh Barat;Kubu Gadang;Waspada
Kota Payakumbuh;Payakumbuh Barat;Labuh Basilang;Waspada
Kota Payakumbuh;Payakumbuh Barat;Nunang Daya Bangun;Waspada
Kota Payakumbuh;Payakumbuh Barat;Padang Datar Tanah Mati;Waspada
Kota Payakumbuh;Payakumbuh Barat;Padang Tinggi Piliang;Waspada
Kota Payakumbuh;Payakumbuh Barat;Padang Tongah Balainanduo;Waspada
Kota Payakumbuh;Payakumbuh Barat;Pakan Sinayan;Waspada
Kota Payakumbuh;Payakumbuh Barat;Parak Betung;Waspada
Kota Payakumbuh;Payakumbuh Barat;Parit Rantang;Waspada
Kota Payakumbuh;Payakumbuh Barat;Payolansek;Waspada
Kota Payakumbuh;Payakumbuh Barat;Subarang Batuang;Waspada
Kota Payakumbuh;Payakumbuh Barat;Talang;Waspada
Kota Payakumbuh;Payakumbuh Barat;Tanjuanggodang Sungaipinago;Waspada
Kota Payakumbuh;Payakumbuh Barat;Tanjung Pauh;Bahaya
Kota Payakumbuh;Payakumbuh Selatan;Balai Panjang;Waspada
Kota Payakumbuh;Payakumbuh Selatan;Kapalo Koto Ampangan;Waspada
Kota Payakumbuh;Payakumbuh Selatan;Koto Tuo Limokampuang;Waspada
Kota Payakumbuh;Payakumbuh Selatan;Limbukan;Waspada
Kota Payakumbuh;Payakumbuh Selatan;Padang Karambia;Waspada
Kota Payakumbuh;Payakumbuh Selatan;Sawahpadang Aua Kuniang;Bahaya
Kota Payakumbuh;Payakumbuh Timur;Balai Jaring;Waspada
Kota Payakumbuh;Payakumbuh Timur;Koto Baru;Bahaya
Kota Payakumbuh;Payakumbuh Timur;Koto Panjang;Bahaya
Kota Payakumbuh;Payakumbuh Timur;Padang Alai Bodi;Waspada
Kota Payakumbuh;Payakumbuh Timur;Padang Tangah Payobadar;Waspada
Kota Payakumbuh;Payakumbuh Timur;Padang Tiakar;Waspada
Kota Payakumbuh;Payakumbuh Timur;Payo Basung;Waspada
Kota Payakumbuh;Payakumbuh Timur;Sicincin;Waspada
Kota Payakumbuh;Payakumbuh Timur;Tiakar;Waspada
Kota Payakumbuh;Payakumbuh Utara;Balai Tongah Koto;Bahaya
Kota Payakumbuh;Payakumbuh Utara;Ikua Koto Dibalai;Waspada
Kota Payakumbuh;Payakumbuh Utara;Kapalo Koto Dibalai;Bahaya
Kota Payakumbuh;Payakumbuh Utara;Kotokociak Kubu Tapakrajo;Waspada
Kota Payakumbuh;Payakumbuh Utara;Napar;Waspada
Kota Payakumbuh;Payakumbuh Utara;Ompong Tanah Sirah;Waspada
Kota Payakumbuh;Payakumbuh Utara;Taratak Padang Kampuang;Waspada
Kota Payakumbuh;Payakumbuh Utara;Tigo Koto Diateh;Waspada
Kota Payakumbuh;Payakumbuh Utara;Tigo Koto Dibawah;Bahaya
Kota Sawahlunto;Barangin;Balai Batu Sandaran;Waspada
Kota Sawahlunto;Barangin;Kolok Mudiak;Waspada
Kota Sawahlunto;Barangin;Kolok Nan Tuo;Waspada
Kota Sawahlunto;Barangin;Lumindai;Waspada
Kota Sawahlunto;Barangin;Santua;Waspada
Kota Sawahlunto;Barangin;Talago Gunuang;Waspada
Kota Sawahlunto;Barangin;Durian I;Waspada
Kota Sawahlunto;Barangin;Durian II;Waspada
Kota Sawahlunto;Barangin;Lubuk Panjang;Waspada
Kota Sawahlunto;Barangin;Saringan;Waspada
Kota Sawahlunto;Lembah Segar;Kubang Tanang;Waspada
Kota Sawahlunto;Lembah Segar;Kubang Utara Sikabu;Waspada
Kota Sawahlunto;Lembah Segar;Lunto Barat;Waspada
Kota Sawahlunto;Lembah Segar;Lunto Timur;Waspada
Kota Sawahlunto;Lembah Segar;Pasa Kubang;Waspada
Kota Sawahlunto;Lembah Segar;Air Dingin;Waspada
Kota Sawahlunto;Lembah Segar;Aiir Mulo;Waspada
Kota Sawahlunto;Lembah Segar;Kubang Sirakuak Selatan;Waspada
Kota Sawahlunto;Lembah Segar;Kubang Sikaruak Utara;Waspada
Kota Sawahlunto;Lembah Segar;Pasar;Waspada
Kota Sawahlunto;Lembah Segar;Tanah Lapang;Waspada
Kota Sawahlunto;Silungkang;Muaro Kalaban;Waspada
Kota Sawahlunto;Silungkang;Silungkang Oso;Waspada
Kota Sawahlunto;Silungkang;Silungkang Duo;Bahaya
Kota Sawahlunto;Silungkang;Silungkang Tigo;Bahaya
Kota Sawahlunto;Silungkang;Taratak Bocah;Waspada
Kota Sawahlunto;Talawi;Batu Tanjung;Waspada
Kota Sawahlunto;Talawi;Bukit Gadang;Waspada
Kota Sawahlunto;Talawi;Data Mansiang;Waspada
Kota Sawahlunto;Talawi;Kumbayau;Waspada
Kota Sawahlunto;Talawi;Rantih;Waspada
Kota Sawahlunto;Talawi;Salak;Waspada
Kota Sawahlunto;Talawi;Sijantang Koto;Waspada
Kota Sawahlunto;Talawi;Sikalang;Waspada
Kota Sawahlunto;Talawi;Talawi Hilie;Waspada
Kota Sawahlunto;Talawi;Talawi Mudiak;Waspada
Kota Sawahlunto;Talawi;Tumpuk Tangan;Waspada
Kota Solok;Lubuk Sikarah;VI Suku;Waspada
Kota Solok;Lubuk Sikarah;IX Korong;Waspada
Kota Solok;Lubuk Sikarah;Aro IV Korong;Waspada
Kota Solok;Lubuk Sikarah;Kampai Tabu Karambia;Waspada
Kota Solok;Lubuk Sikarah;Simpang Rumbio;Waspada
Kota Solok;Lubuk Sikarah;Sinapa Piliang;Waspada
Kota Solok;Lubuk Sikarah;Tanah Garam;Waspada
Kota Solok;Tanjung Harapan;Kampung Jawa;Waspada
Kota Solok;Tanjung Harapan;Koto Panjang;Waspada
Kota Solok;Tanjung Harapan;Laing;Waspada
Kota Solok;Tanjung Harapan;Nan Balimo;Waspada
Kota Solok;Tanjung Harapan;Pasar Pandan Air Mati;Waspada
Kota Solok;Tanjung Harapan;Tanjung Paku;Waspada
Kabupaten Solok;IX Koto Sungai Lasi;Nagari Bukik Bais;Waspada
Kabupaten Solok;IX Koto Sungai Lasi;Nagari Guguak Sarai;Waspada
Kabupaten Solok;IX Koto Sungai Lasi;Nagari Indudur;Waspada
Kabupaten Solok;IX Koto Sungai Lasi;Nagari Koto Laweh;Waspada
Kabupaten Solok;IX Koto Sungai Lasi;Nagari Pianggu;Waspada
Kabupaten Solok;IX Koto Sungai Lasi;Nagari Siaro-Aro;Waspada
Kabupaten Solok;IX Koto Sungai Lasi;Nagari Sungai Durian;Waspada
Kabupaten Solok;IX Koto Sungai Lasi;Nagari Sungai Jambur;Waspada
Kabupaten Solok;IX Koto Sungai Lasi;Nagari Taruang -Taruang;Waspada
Kabupaten Solok;X Koto Diatas;Nagari Bukit Kanduang;Waspada
Kabupaten Solok;X Koto Diatas;Nagari Katialo;Waspada
Kabupaten Solok;X Koto Diatas;Nagari Kuncir;Waspada
Kabupaten Solok;X Koto Diatas;Nagari Labuh Panjang;Waspada
Kabupaten Solok;X Koto Diatas;Nagari Paninjauan;Waspada
Kabupaten Solok;X Koto Diatas;Nagari Pasilihan;Waspada
Kabupaten Solok;X Koto Diatas;Nagari Sibarambang;Waspada
Kabupaten Solok;X Koto Diatas;Nagari Sulit Air;Waspada
Kabupaten Solok;X Koto Diatas;Nagari Tanjung Balik;Waspada
Kabupaten Solok;X Koto Singkarak;Nagari Aripan;Waspada
Kabupaten Solok;X Koto Singkarak;Nagari Kacang;Waspada
Kabupaten Solok;X Koto Singkarak;Nagari Koto Sani;Waspada
Kabupaten Solok;X Koto Singkarak;Nagari Saniangbaka;Waspada
Kabupaten Solok;X Koto Singkarak;Nagari Singkarak;Waspada
Kabupaten Solok;X Koto Singkarak;Nagari Sumani;Waspada
Kabupaten Solok;X Koto Singkarak;Nagari Tanjung Alai;Waspada
Kabupaten Solok;X Koto Singkarak;Nagari Tikalak;Waspada
Kabupaten Solok;Bukit Sundi;Nagari Bukit Tandang;Waspada
Kabupaten Solok;Bukit Sundi;Nagari Dilam;Waspada
Kabupaten Solok;Bukit Sundi;Nagari Kinari;Waspada
Kabupaten Solok;Bukit Sundi;Nagari Muaro Paneh;Waspada
Kabupaten Solok;Bukit Sundi;Nagari Parambahan;Waspada
Kabupaten Solok;Danau Kembar;Nagari Kampung Batu Dalam;Waspada
Kabupaten Solok;Danau Kembar;Nagari Simpang Tanjung Nan IV;Waspada
Kabupaten Solok;Gunung Talang;Nagari Aie Batumbuak;Waspada
Kabupaten Solok;Gunung Talang;Nagari Batang Barus;Waspada
Kabupaten Solok;Gunung Talang;Nagari Cupak;Waspada
Kabupaten Solok;Gunung Talang;Nagari Jawi Jawi;Waspada
Kabupaten Solok;Gunung Talang;Nagari Koto Gadang Guguak;Waspada
Kabupaten Solok;Gunung Talang;Nagari Koto Gaek Guguak;Waspada
Kabupaten Solok;Gunung Talang;Nagari Sungai Janiah;Waspada
Kabupaten Solok;Gunung Talang;Nagari Talang;Waspada
Kabupaten Solok;Hiliran Gumanti;Nagari Sariak Alahan Tigo;Waspada
Kabupaten Solok;Hiliran Gumanti;Nagari Sungai Abu;Waspada
Kabupaten Solok;Hiliran Gumanti;Nagari Talang Babungo;Waspada
Kabupaten Solok;Lembah Gumanti;Nagari Air Dingin;Waspada
Kabupaten Solok;Lembah Gumanti;Nagari Alahan Panjang;Waspada
Kabupaten Solok;Lembah Gumanti;Nagari Salimpat;Waspada
Kabupaten Solok;Lembah Gumanti;Nagari Sungai Nanam;Waspada
Kabupaten Solok;Lembang Jaya;Nagari Batu Bajanjang;Waspada
Kabupaten Solok;Lembang Jaya;Nagari Batu Banyak;Waspada
Kabupaten Solok;Lembang Jaya;Nagari Koto Gadang Koto Anau;Waspada
Kabupaten Solok;Lembang Jaya;Nagari Koto Laweh;Waspada
Kabupaten Solok;Lembang Jaya;Nagari Limau Lunggo;Waspada
Kabupaten Solok;Lembang Jaya;Nagari Selayo Tanang Bukit Sileh;Waspada
Kabupaten Solok;Kubung;Nagari Gantuang Ciri;Waspada
Kabupaten Solok;Kubung;Nagari Gaung;Waspada
Kabupaten Solok;Kubung;Nagari Koto Baru;Waspada
Kabupaten Solok;Kubung;Nagari Koto Hilalang;Waspada
Kabupaten Solok;Kubung;Nagari Panyakalan;Waspada
Kabupaten Solok;Kubung;Nagari Salayo;Waspada
Kabupaten Solok;Kubung;Nagari Saok Laweh;Waspada
Kabupaten Solok;Kubung;Nagari Tanjung Bingkuang;Waspada
Kabupaten Solok;Junjung Sirih;Nagari Muaro Pingai;Waspada
Kabupaten Solok;Junjung Sirih;Nagari Paninggahan;Waspada
Kabupaten Solok;Pantai Cermin;Nagari Lolo;Waspada
Kabupaten Solok;Pantai Cermin;Nagari Surian;Waspada
Kabupaten Solok;Payung Sekaki;Nagari Aie Luo;Waspada
Kabupaten Solok;Payung Sekaki;Nagari Sirukam;Waspada
Kabupaten Solok;Payung Sekaki;Nagari Supayang;Waspada
Kabupaten Solok;Tigo Lurah;Nagari Batu Bajanjang;Waspada
Kabupaten Solok;Tigo Lurah;Nagari Garabak Data;Waspada
Kabupaten Solok;Tigo Lurah;Nagari Rangkiang Luluih;Waspada
Kabupaten Solok;Tigo Lurah;Nagari Simanau;Waspada
Kabupaten Solok;Tigo Lurah;Nagari Tanjung Balik Sumiso;Waspada
Kabupaten Solok Selatan;Koto Parik Gadang Diateh;Nagari Pakan Rabaa;Waspada
Kabupaten Solok Selatan;Koto Parik Gadang Diateh;Nagari Pakan Rabaa Tengah;Waspada
Kabupaten Solok Selatan;Koto Parik Gadang Diateh;Nagari Pakan Rabaa Timur;Waspada
Kabupaten Solok Selatan;Koto Parik Gadang Diateh;Nagari Pakan Rabaa Utara;Waspada
Kabupaten Solok Selatan;Pauh Duo;Nagari Alam Pauh Duo;Waspada
Kabupaten Solok Selatan;Pauh Duo;Nagari Kapau Alam Pauh Duo;Waspada
Kabupaten Solok Selatan;Pauh Duo;Nagari Luak Kapau Alam Pauh Duo;Waspada
Kabupaten Solok Selatan;Pauh Duo;Nagari Pauh Duo Nan Batigo;Waspada
Kabupaten Solok Selatan;Sangir;;Waspada
;;;Waspada
;;;Waspada
Nagari Lubuk Gadang;;;Waspada
Kabupaten Solok Selatan;Sangir;Nagari Lubuk Gadang Selatan;Waspada
Kabupaten Solok Selatan;Sangir;Nagari Lubuk Gadang Timur;Waspada
Kabupaten Solok Selatan;Sangir;Nagari Lubuk Gadang Utara;Waspada
Kabupaten Solok Selatan;Sangir Balai Janggo;Nagari Sungai Kunyit;Waspada
Kabupaten Solok Selatan;Sangir Balai Janggo;Nagari Sungai Kunyit Barat;Waspada
Kabupaten Solok Selatan;Sangir Balai Janggo;Nagari Talao Sungai Kunyit;Waspada
Kabupaten Solok Selatan;Sangir Balai Janggo;Nagari Talunan Maju;Waspada
Kabupaten Solok Selatan;Sangir Batang Hari;Nagari Abai;Waspada
Kabupaten Solok Selatan;Sangir Batang Hari;Nagari Dusun Tangah;Waspada
Kabupaten Solok Selatan;Sangir Batang Hari;Nagari Lubuk Ulang Aling;Waspada
Kabupaten Solok Selatan;Sangir Batang Hari;Nagari Lubuk Ulang Aling Selatan;Waspada
Kabupaten Solok Selatan;Sangir Batang Hari;Nagari Lubuk Ulang Aling Tengah;Waspada
Kabupaten Solok Selatan;Sangir Batang Hari;Nagari Ranah Pantai Cermin;Waspada
Kabupaten Solok Selatan;Sangir Batang Hari;Nagari Sitapus;Waspada
Kabupaten Solok Selatan;Sangir Jujuan;Nagari Bidar Alam;Waspada
Kabupaten Solok Selatan;Sangir Jujuan;Nagari Lubuk Malako;Waspada
Kabupaten Solok Selatan;Sangir Jujuan;Nagari Padang Air Dingin;Waspada
Kabupaten Solok Selatan;Sangir Jujuan;Nagari Padang Gantiang;Waspada
Kabupaten Solok Selatan;Sangir Jujuan;Nagari Padang Limau Sundai;Waspada
Kabupaten Solok Selatan;Sungai Pagu;Nagari Bomas;Waspada
Kabupaten Solok Selatan;Sungai Pagu;Nagari Koto Baru;Waspada
Kabupaten Solok Selatan;Sungai Pagu;Nagari Pasar Muara Labuh;Waspada
Kabupaten Solok Selatan;Sungai Pagu;Nagari Pasir Talang;Waspada
Kabupaten Solok Selatan;Sungai Pagu;Nagari Pasir Talang Barat;Waspada
Kabupaten Solok Selatan;Sungai Pagu;Nagari Pasir Talang Selatan;Waspada
Kabupaten Solok Selatan;Sungai Pagu;Nagari Pasir Talang Timur;Waspada
Kabupaten Solok Selatan;Sungai Pagu;Nagari Pulakek Koto Baru;Waspada
Kabupaten Solok Selatan;Sungai Pagu;Nagari Sako Pasia Talang;Waspada
Kabupaten Solok Selatan;Sungai Pagu;Nagari Sako Selatan Pasia Talang;Waspada
Kabupaten Solok Selatan;Sungai Pagu;Nagari Sako Utara Pasia Talang;Waspada
Kabupaten Agam;IV Koto;Nagari Balingka;Waspada
Kabupaten Agam;IV Koto;Nagari Guguak Tabek Sarajo;Waspada
Kabupaten Agam;IV Koto;Nagari Koto Gadang;Waspada
Kabupaten Agam;IV Koto;Nagari Koto Panjang;Waspada
Kabupaten Agam;IV Koto;Nagari Koto Tuo;Waspada
Kabupaten Agam;IV Koto;Nagari Sianok Anam Suku;Waspada
Kabupaten Agam;IV Koto;Nagari Sungai Landia;Waspada
Kabupaten Agam;Ampek Angkek;Nagari Ampang Gadang;Waspada
Kabupaten Agam;Ampek Angkek;Nagari Balai Gurah;Waspada
Kabupaten Agam;Ampek Angkek;Nagari Batu Taba;Waspada
Kabupaten Agam;Ampek Angkek;Nagari Biaro Gadang;Waspada
Kabupaten Agam;Ampek Angkek;Nagari Lambah;Waspada
Kabupaten Agam;Ampek Angkek;Nagari Panampuang;Waspada
Kabupaten Agam;Ampek Angkek;Nagari Pasia;Waspada
Kabupaten Agam;Ampek Nagari;Nagari Batu Kambing;Waspada
Kabupaten Agam;Ampek Nagari;Nagari Bawan;Waspada
Kabupaten Agam;Ampek Nagari;Nagari Sitalang;Waspada
Kabupaten Agam;Ampek Nagari;Nagari Sitanang;Waspada
Kabupaten Agam;Banuhampu;Nagari Cingkariang;Waspada
Kabupaten Agam;Banuhampu;Nagari Kubang Putiah;Waspada
Kabupaten Agam;Banuhampu;Nagari Ladang Laweh;Waspada
Kabupaten Agam;Banuhampu;Nagari Padang Lua;Waspada
Kabupaten Agam;Banuhampu;Nagari Padang Sinayan;Waspada
Kabupaten Agam;Banuhampu;Nagari Sungai Tanang;Waspada
Kabupaten Agam;Banuhampu;Nagari Taluak IV Suku;Waspada
Kabupaten Agam;Baso;Nagari Koto Baru;Waspada
Kabupaten Agam;Baso;Nagari Koto Tinggi;Waspada
Kabupaten Agam;Baso;Nagari Padang Tarok;Bahaya
Kabupaten Agam;Baso;Nagari Salo;Waspada
Kabupaten Agam;Baso;Nagari Simarosok;Bahaya
Kabupaten Agam;Baso;Nagari Tabek Panjang;Waspada
Kabupaten Agam;Candung;;Waspada
;;;Bahaya
Nagari Bukik Batabuah;;;Bahaya
Kabupaten Agam;Candung;Nagari Candung Koto Laweh;Waspada
Kabupaten Agam;Candung;Nagari Lasi;Waspada
Kabupaten Agam;Kamang Magek;;Bahaya
;;;Bahaya
Nagari Kamang Hilia;;;Waspada
Kabupaten Agam;Kamang Magek;Nagari Kamang Mudiak;Waspada
Kabupaten Agam;Kamang Magek;Nagari Magek;Waspada
Kabupaten Agam;Lubuk Basung;;Bahaya
;;;Waspada
;;;Waspada
;;;Waspada
Nagari Geragahan;;;Bahaya
Kabupaten Agam;Lubuk Basung;Nagari Kampung Pinang;Waspada
Kabupaten Agam;Lubuk Basung;Nagari Kampung Tangah;Waspada
Kabupaten Agam;Lubuk Basung;Nagari Lubuk Basung;Waspada
Kabupaten Agam;Lubuk Basung;Nagari Manggopoh;Bahaya
Kabupaten Agam;Malalak;;Waspada
;;;Waspada
;;;Waspada
Nagari Malalak Barat;;;Waspada
Kabupaten Agam;Malalak;Nagari Malalak Selatan;Waspada
Kabupaten Agam;Malalak;Nagari Malalak Timur;Waspada
Kabupaten Agam;Malalak;Nagari Malalak Utara;Waspada
Kabupaten Agam;Matur;;Waspada
;;;Waspada
;;;Waspada
;;;Waspada
;;;Bahaya
Nagari Lawang;;;Waspada
Kabupaten Agam;Matur;Nagari Matua Hilia;Waspada
Kabupaten Agam;Matur;Nagari Matua Mudiak;Bahaya
Kabupaten Agam;Matur;Nagari Panta Pauh;Waspada
Kabupaten Agam;Matur;Nagari Parik Panjang;Waspada
Kabupaten Agam;Matur;Nagari Tigo Balai;Waspada
Kabupaten Agam;Palupuh;;Waspada
;;;Waspada
;;;Waspada
Nagari Koto Rantang;;;Bahaya
Kabupaten Agam;Palupuh;Nagari Nan Tujuh;Waspada
Kabupaten Agam;Palupuh;Nagari Pagadih;Waspada
Kabupaten Agam;Palupuh;Nagari Pasia Laweh;Waspada
Kabupaten Agam;Palembayan;;Waspada
;;;Waspada
;;;Bahaya
;;;Waspada
Nagari Ampek Koto Palembayan;;;Waspada
Kabupaten Agam;Palembayan;Nagari Baringin;Bahaya
Kabupaten Agam;Palembayan;Nagari Salareh Aia;Waspada
Kabupaten Agam;Palembayan;Nagari Sipinang;Waspada
Kabupaten Agam;Palembayan;Nagari Sungai Pua;Bahaya
Kabupaten Agam;Palembayan;Nagari Tigo Koto Silungkang;Waspada
Kabupaten Agam;Sungai Pua;;Waspada
;;;Waspada
;;;Waspada
;;;Waspada
Nagari Batagak;;;Waspada
Kabupaten Agam;Sungai Pua;Nagari Batu Palano;Waspada
Kabupaten Agam;Sungai Pua;Nagari Padang Laweh;Waspada
Kabupaten Agam;Sungai Pua;Nagari Sariak;Waspada
Kabupaten Agam;Sungai Pua;Nagari Sungai Pua;Waspada
Kabupaten Agam;Tanjung Mutiara;;Waspada
;;;Waspada
Nagari Tiku Selatan;;;Waspada
Kabupaten Agam;Tanjung Mutiara;Nagari Tiku Utara;bahaya
Kabupaten Agam;Tanjung Mutiara;Nagari Tiku V Jorong;Waspada
Kabupaten Agam;Tanjung Raya;Nagari Bayua;Waspada
Kabupaten Agam;Tanjung Raya;Nagari Duo Koto;Waspada
Kabupaten Agam;Tanjung Raya;Nagari Koto Gadang;Waspada
Kabupaten Agam;Tanjung Raya;Nagari Koto Kaciak;Waspada
Kabupaten Agam;Tanjung Raya;Nagari Koto Malintang;Waspada
Kabupaten Agam;Tanjung Raya;Nagari Maninjau;Waspada
Kabupaten Agam;Tanjung Raya;Nagari Paninjauan;
Kabupaten Agam;Tanjung Raya;Nagari Sungai Batang;
Kabupaten Agam;Tanjung Raya;Nagari Tanjung Sani;
Kabupaten Agam;Tilatang Kamang;Nagari Gadut;
Kabupaten Agam;Tilatang Kamang;Nagari Kapau;
Kabupaten Agam;Tilatang Kamang;Nagari Koto Tangah;
Kabupaten Dharmasraya;Asam Jujuhan;Nagari Alahan Nan Tigo;
Kabupaten Dharmasraya;Asam Jujuhan;Nagari Lubuk Besar;
Kabupaten Dharmasraya;Asam Jujuhan;Nagari Sinamar;
Kabupaten Dharmasraya;Asam Jujuhan;Nagari Sungai Limau;
Kabupaten Dharmasraya;Asam Jujuhan;Nagari Tanjung Alam;
Kabupaten Dharmasraya;Koto Baru;Nagari Ampang Kuranji;
Kabupaten Dharmasraya;Koto Baru;Nagari Koto Baru;
Kabupaten Dharmasraya;Koto Baru;Nagari Koto Padang;
Kabupaten Dharmasraya;Koto Baru;Nagari Silaiang Gaung;
Kabupaten Dharmasraya;Koto Besar;Nagari Abai Siat;
Kabupaten Dharmasraya;Koto Besar;Nagari Bonjol;
Kabupaten Dharmasraya;Koto Besar;Nagari Koto Besar;
Kabupaten Dharmasraya;Koto Besar;Nagari Koto Gadang;
Kabupaten Dharmasraya;Koto Besar;Nagari Koto Laweh;
Kabupaten Dharmasraya;Koto Besar;Nagari Koto Ranah;
Kabupaten Dharmasraya;Koto Besar;Nagari Koto Tinggi;
Kabupaten Dharmasraya;Koto Salak;Nagari Ampalu;
Kabupaten Dharmasraya;Koto Salak;Nagari Koto Salak;
Kabupaten Dharmasraya;Koto Salak;Nagari Padukuan;
Kabupaten Dharmasraya;Koto Salak;Nagari Pulau Mainan;
Kabupaten Dharmasraya;Koto Salak;Nagari Simalidu;
Kabupaten Dharmasraya;Padang Laweh;Nagari Batu Rijal;
Kabupaten Dharmasraya;Padang Laweh;Nagari Muaro Sopan;
Kabupaten Dharmasraya;Padang Laweh;Nagari Padang Laweh;
Kabupaten Dharmasraya;Padang Laweh;Nagari Sopan Jaya;
Kabupaten Dharmasraya;Pulau Punjung;Nagari Empat Koto Pulau Punjung;
Kabupaten Dharmasraya;Pulau Punjung;Nagari Gunung Selasih;
Kabupaten Dharmasraya;Pulau Punjung;Nagari Sikabau;
Kabupaten Dharmasraya;Pulau Punjung;Nagari Sungai Dareh;
Kabupaten Dharmasraya;Pulau Punjung;Nagari Sungai Kambut;
Kabupaten Dharmasraya;Pulau Punjung;Nagari Tebing Tinggi;
Kabupaten Dharmasraya;Sembilan Koto;Nagari Banai;
Kabupaten Dharmasraya;Sembilan Koto;Nagari Koto Nan Empat Dibawuh;
Kabupaten Dharmasraya;Sembilan Koto;Nagari Lubuak Karak;
Kabupaten Dharmasraya;Sembilan Koto;Nagari Silago;
Kabupaten Dharmasraya;Sitiung;Nagari Gunung Medan;
Kabupaten Dharmasraya;Sitiung;Nagari Siguntur;
Kabupaten Dharmasraya;Sitiung;Nagari Sitiung;
Kabupaten Dharmasraya;Sitiung;Nagari Sungai Duo;
Kabupaten Dharmasraya;Sungai Rumbai;;
;;;
;;;
Nagari Kurnia Koto Salak;;;
Kabupaten Dharmasraya;Sungai Rumbai;Nagari Kurnia Selatan;
Kabupaten Dharmasraya;Sungai Rumbai;Nagari Sungai Rumbai;
Kabupaten Dharmasraya;Sungai Rumbai;Nagari Sungai Rumbai Timur;
Kabupaten Dharmasraya;Timpeh;;
;;;
;;;
;;;
Nagari Panyubarangan;;;
Kabupaten Dharmasraya;Timpeh;Nagari Ranah Palabi;
Kabupaten Dharmasraya;Timpeh;Nagari Tabek;
Kabupaten Dharmasraya;Timpeh;Nagari Taratak Tinggi;
Kabupaten Dharmasraya;Timpeh;Nagari Timpeh;
Kabupaten Dharmasraya;Tiumang;Nagari Koto Beringin;
Kabupaten Dharmasraya;Tiumang;;
;;;
Nagari Sipangkur;;;
Kabupaten Dharmasraya;Tiumang;Nagari Sungai Langkok;
Kabupaten Dharmasraya;Tiumang;Nagari Tiumang;
Kabupaten Sijunjung;IV Nagari;;
;;;
;;;
;;;
Nagari Koto Baru;;;
Kabupaten Sijunjung;IV Nagari;Nagari Koto Tuo;
Kabupaten Sijunjung;IV Nagari;Nagari Muaro Bodi;
Kabupaten Sijunjung;IV Nagari;Nagari Mundam Sakti;
Kabupaten Sijunjung;IV Nagari;Nagari Palangki;
Kabupaten Sijunjung;Kamang Baru;Nagari Aie Amo;
Kabupaten Sijunjung;Kamang Baru;Nagari Kamang;
Kabupaten Sijunjung;Kamang Baru;Nagari Kunangan Parik Rantang;
Kabupaten Sijunjung;Kamang Baru;Nagari Lubuk Tarantang;
Kabupaten Sijunjung;Kamang Baru;Nagari Maloro;
Kabupaten Sijunjung;Kamang Baru;Nagari Muaro Takung;
Kabupaten Sijunjung;Kamang Baru;Nagari Padang Tarok;
Kabupaten Sijunjung;Kamang Baru;Nagari Siaur;
Kabupaten Sijunjung;Kamang Baru;Nagari Sungai Batuang;
Kabupaten Sijunjung;Kamang Baru;Nagari Sungai Lansek;
Kabupaten Sijunjung;Kamang Baru;Nagari Tanjung Kaliang;
Kabupaten Sijunjung;Koto VII;Nagari Bukit Bual;
Kabupaten Sijunjung;Koto VII;Nagari Guguak;
Kabupaten Sijunjung;Koto VII;Nagari Limo Koto;
Kabupaten Sijunjung;Koto VII;Nagari Padang Laweh;
Kabupaten Sijunjung;Koto VII;Nagari Palaluar;
Kabupaten Sijunjung;Koto VII;Nagari Tanjung;
Kabupaten Sijunjung;Kupitan;Nagari Batu Manjulur;
Kabupaten Sijunjung;Kupitan;Nagari Kampung Baru;
Kabupaten Sijunjung;Kupitan;Nagari Padang Sibusuk;
Kabupaten Sijunjung;Kupitan;Nagari Pamuatan;
Kabupaten Sijunjung;Lubuk Tarok;Nagari Buluah Kasok;
Kabupaten Sijunjung;Lubuk Tarok;Nagari Kampung Dalam;
Kabupaten Sijunjung;Lubuk Tarok;Nagari Lalan;
Kabupaten Sijunjung;Lubuk Tarok;Nagari Latang;
Kabupaten Sijunjung;Lubuk Tarok;Nagari Lubuk Tarok;
Kabupaten Sijunjung;Lubuk Tarok;Nagari Silongo;
Kabupaten Sijunjung;Sijunjung;Nagari Aie Angek;
Kabupaten Sijunjung;Sijunjung;Nagari Durian Gadang;
Kabupaten Sijunjung;Sijunjung;Nagari Kandang Baru;
Kabupaten Sijunjung;Sijunjung;Nagari Muaro;
Kabupaten Sijunjung;Sijunjung;Nagari Paru;
Kabupaten Sijunjung;Sijunjung;Nagari Pematang Panjang;
Kabupaten Sijunjung;Sijunjung;Nagari Sijunjung;
Kabupaten Sijunjung;Sijunjung;Nagari Silokek;
Kabupaten Sijunjung;Sijunjung;Nagari Solok Ambah;
Kabupaten Sijunjung;Sumpur Kudus;Nagari Kumanis;
Kabupaten Sijunjung;Sumpur Kudus;Nagari Manganti;
Kabupaten Sijunjung;Sumpur Kudus;Nagari Silantai;
Kabupaten Sijunjung;Sumpur Kudus;Nagari Sisawah;
Kabupaten Sijunjung;Sumpur Kudus;Nagari Sumpur Kudus;
Kabupaten Sijunjung;Sumpur Kudus;Nagari Sumpur Kudus Selatan;
Kabupaten Sijunjung;Sumpur Kudus;Nagari Tamparungo;
Kabupaten Sijunjung;Sumpur Kudus;Nagari Tanjung Bonai Aur;
Kabupaten Sijunjung;Sumpur Kudus;Nagari Tanjung Bonai Aur Selatan;
Kabupaten Sijunjung;Sumpur Kudus;Nagari Tanjung Labuah;
Kabupaten Sijunjung;Sumpur Kudus;Nagari Unggan;
Kabupaten Sijunjung;Tanjung Gadang;Nagari Langki;
Kabupaten Sijunjung;Tanjung Gadang;Nagari Pulasan;
Kabupaten Sijunjung;Tanjung Gadang;Nagari Sibakur;
Kabupaten Sijunjung;Tanjung Gadang;Nagari Sinyamu;
Kabupaten Sijunjung;Tanjung Gadang;Nagari Tanjung Gadang;
Kabupaten Sijunjung;Tanjung Gadang;Nagari Tanjung Lolo;
Kabupaten Sijunjung;Tanjung Gadang;Nagari Taratak Baru;
Kabupaten Sijunjung;Tanjung Gadang;Nagari Taratak Baru Utara;
Kabupaten Sijunjung;Tanjung Gadang;Nagari Timbulun;
Kabupaten Pesisir Selatan;IV Jurai;Nagari Ampang Tareh Lumpo;
Kabupaten Pesisir Selatan;IV Jurai;Nagari Ampuan Lumpo;
Kabupaten Pesisir Selatan;IV Jurai;Nagari Balai Sinayan Lumpo;
Kabupaten Pesisir Selatan;IV Jurai;Nagari Batu Kunik Lumpo;
Kabupaten Pesisir Selatan;IV Jurai;Nagari Bukik Kaciak Lumpon;
Kabupaten Pesisir Selatan;IV Jurai;Nagari Bunga Pasang Salido;
Kabupaten Pesisir Selatan;IV Jurai;Nagari Gunung Bungkuak Lumpo;
Kabupaten Pesisir Selatan;IV Jurai;Nagari Koto Rawang;
Kabupaten Pesisir Selatan;IV Jurai;Nagari Limau Gadang Lumpo;
Kabupaten Pesisir Selatan;IV Jurai;Nagari Lumpo;
Kabupaten Pesisir Selatan;IV Jurai;Nagari Painan;
Kabupaten Pesisir Selatan;IV Jurai;Nagari Painan Selatan Painan;
Kabupaten Pesisir Selatan;IV Jurai;Nagari Painan Timur Painan;
Kabupaten Pesisir Selatan;IV Jurai;Nagari Sago Salido;
Kabupaten Pesisir Selatan;IV Jurai;Nagari Salido;
Kabupaten Pesisir Selatan;IV Jurai;Nagari Salido Sari Bulan;
Kabupaten Pesisir Selatan;IV Jurai;Nagari Sungai Gayo Lumpo;
Kabupaten Pesisir Selatan;IV Jurai;Nagari Sungai Sariak Lumpo;
Kabupaten Pesisir Selatan;IV Jurai;Nagari Tambang;
Kabupaten Pesisir Selatan;IV Jurai;Nagari Taratak Tangah Lumpo;
Kabupaten Pesisir Selatan;IV Nagari Bayang Utara;Nagari Koto Ranah;
Kabupaten Pesisir Selatan;IV Nagari Bayang Utara;Nagari Limau Gadang Pancung Taba;
Kabupaten Pesisir Selatan;IV Nagari Bayang Utara;Nagari Muaro Aie;
Kabupaten Pesisir Selatan;IV Nagari Bayang Utara;Nagari Pancuang Taba;
Kabupaten Pesisir Selatan;IV Nagari Bayang Utara;Nagari Puluik-puluik;
Kabupaten Pesisir Selatan;IV Nagari Bayang Utara;Nagari Puluik-Puluik Selatan;
Kabupaten Pesisir Selatan;Airpura;Nagari Damar Lapan Batang Inderapura;
Kabupaten Pesisir Selatan;Airpura;Nagari Inderapura Timur;
Kabupaten Pesisir Selatan;Airpura;Nagari Inderapura Utara;
Kabupaten Pesisir Selatan;Airpura;Nagari Lalang Panjang Inderapura;
Kabupaten Pesisir Selatan;Airpura;Nagari Lubuk Betung Inderapura;
Kabupaten Pesisir Selatan;Airpura;Nagari Muara Inderapura;
Kabupaten Pesisir Selatan;Airpura;Nagari Palokan Inderapura;
Kabupaten Pesisir Selatan;Airpura;Nagari Pulau Rajo Inderapura;
Kabupaten Pesisir Selatan;Airpura;Nagari Tanah Bakali Inderapura;
Kabupaten Pesisir Selatan;Airpura;Nagari Tluk Kualo Inderapura;
Kabupaten Pesisir Selatan;Basa Ampek Balai Tapan;Nagari Ampang Tulak Tapan;
Kabupaten Pesisir Selatan;Basa Ampek Balai Tapan;Nagari Batang Arah Tapan;
Kabupaten Pesisir Selatan;Basa Ampek Balai Tapan;Nagari Batang Betung Tapan;
Kabupaten Pesisir Selatan;Basa Ampek Balai Tapan;Nagari Bukit Buai Tapan;
Kabupaten Pesisir Selatan;Basa Ampek Balai Tapan;Nagari Dusun Baru Tapan;
Kabupaten Pesisir Selatan;Basa Ampek Balai Tapan;Nagari Koto Anau Tapan;
Kabupaten Pesisir Selatan;Basa Ampek Balai Tapan;Nagari Pasar Tapan;
Kabupaten Pesisir Selatan;Basa Ampek Balai Tapan;Nagari Riak Danau Tapan;
Kabupaten Pesisir Selatan;Basa Ampek Balai Tapan;Nagari Tanjung Pondok Tapan;
Kabupaten Pesisir Selatan;Basa Ampek Balai Tapan;Nagari Tapan;
Kabupaten Pesisir Selatan;Batang Kapas;Nagari IV Koto Hilie;
Kabupaten Pesisir Selatan;Batang Kapas;Nagari IV Koto Mudiek;
Kabupaten Pesisir Selatan;Batang Kapas;Nagari Koto nan Duo IV Koto Hilie;
Kabupaten Pesisir Selatan;Batang Kapas;Nagari Koto Nan Tigo IV Koto Hilie;
Kabupaten Pesisir Selatan;Batang Kapas;Nagari Sungai Nyalo IV Koto Mudiek;
Kabupaten Pesisir Selatan;Batang Kapas;Nagari Taluak;
Kabupaten Pesisir Selatan;Batang Kapas;Nagari Taluak Tigo Sakato;
Kabupaten Pesisir Selatan;Batang Kapas;Nagari Teratak Tempatih IV Koto Mudiek;
Kabupaten Pesisir Selatan;Batang Kapas;Nagari Tuik IV Koto Mudiek;
Kabupaten Pesisir Selatan;Bayang;Nagari Api-Api Pasar Baru;
Kabupaten Pesisir Selatan;Bayang;Nagari Asam Kamba Pasar Baru;
Kabupaten Pesisir Selatan;Bayang;Nagari Aur Begalung Talaok;
Kabupaten Pesisir Selatan;Bayang;Nagari Gurun Panjang;
Kabupaten Pesisir Selatan;Bayang;Nagari Gurun Panjang Barat;
Kabupaten Pesisir Selatan;Bayang;Nagari Gurun Panjang Selatan;
Kabupaten Pesisir Selatan;Bayang;Nagari Gurun Panjang Utara;
Kabupaten Pesisir Selatan;Bayang;Nagari Kapeh Panji Jaya Talaok;
Kabupaten Pesisir Selatan;Bayang;Nagari Kapelgam Koto Berapak;
Kabupaten Pesisir Selatan;Bayang;Nagari Kapujan Koto Berapak;
Kabupaten Pesisir Selatan;Bayang;Nagari Koto Baru Koto Berapak;
Kabupaten Pesisir Selatan;Bayang;Nagari Koto Berapak;
Kabupaten Pesisir Selatan;Bayang;Nagari Kubang Koto Berapak;
Kabupaten Pesisir Selatan;Bayang;Nagari Pasar Baru;
Kabupaten Pesisir Selatan;Bayang;Nagari Sawah Laweh Pasar Baru;
Kabupaten Pesisir Selatan;Bayang;Nagari Talaok;
Kabupaten Pesisir Selatan;Bayang;Nagari Tanjung Durian Pasar Baru;
Kabupaten Pesisir Selatan;Koto XI Tarusan;Nagari Ampang Pulai;
Kabupaten Pesisir Selatan;Koto XI Tarusan;Nagari Barung-Barung Balantai;
Kabupaten Pesisir Selatan;Koto XI Tarusan;Nagari Barung-Barung Balantai Selatan;
Kabupaten Pesisir Selatan;Koto XI Tarusan;Nagari Barung-Barung Balantai Tengah;
Kabupaten Pesisir Selatan;Koto XI Tarusan;Nagari Barung-Barung Balantai Timur;
Kabupaten Pesisir Selatan;Koto XI Tarusan;Nagari Batu Hampa;
Kabupaten Pesisir Selatan;Koto XI Tarusan;Nagari Batu Hampa Selatan;
Kabupaten Pesisir Selatan;Koto XI Tarusan;Nagari Cerocok Anau Ampang Pulai;
Kabupaten Pesisir Selatan;Koto XI Tarusan;Nagari Duku;
Kabupaten Pesisir Selatan;Koto XI Tarusan;Nagari Duku Utara;
Kabupaten Pesisir Selatan;Koto XI Tarusan;Nagari Jinang Kampuang Pansur Ampang Pulai;
Kabupaten Pesisir Selatan;Koto XI Tarusan;Nagari Kampung Baru Korong Nan Ampek;
Kabupaten Pesisir Selatan;Koto XI Tarusan;Nagari Kapuah Utara;
Kabupaten Pesisir Selatan;Koto XI Tarusan;Nagari Kapuh;
Kabupaten Pesisir Selatan;Koto XI Tarusan;Nagari Mandeh;
Kabupaten Pesisir Selatan;Koto XI Tarusan;Nagari Nanggalo;
Kabupaten Pesisir Selatan;Koto XI Tarusan;Nagari Pulau Karam Ampang Pulai;
Kabupaten Pesisir Selatan;Koto XI Tarusan;Nagari Setara Nanggalo;
Kabupaten Pesisir Selatan;Koto XI Tarusan;Nagari Siguntur;
Kabupaten Pesisir Selatan;Koto XI Tarusan;Nagari Siguntur Tua;
Kabupaten Pesisir Selatan;Koto XI Tarusan;Nagari Sungai Nyalo Mudiak Aia;
Kabupaten Pesisir Selatan;Koto XI Tarusan;Nagari Sungai Pinang;
Kabupaten Pesisir Selatan;Koto XI Tarusan;Nagari Taratak Sungai Lundang;
Kabupaten Pesisir Selatan;Linggo Sari Baganti;Nagari Air Haji;
Kabupaten Pesisir Selatan;Linggo Sari Baganti;Nagari Air Haji Barat;
Kabupaten Pesisir Selatan;Linggo Sari Baganti;Nagari Air Haji Tengah;
Kabupaten Pesisir Selatan;Linggo Sari Baganti;Nagari Air Haji Tenggara;
Kabupaten Pesisir Selatan;Linggo Sari Baganti;Nagari Lagan Hilir Punggusan;
Kabupaten Pesisir Selatan;Linggo Sari Baganti;Nagari Lagan Mudik Punggasan;
Kabupaten Pesisir Selatan;Linggo Sari Baganti;Nagari Muara Gadang Air Haji;
Kabupaten Pesisir Selatan;Linggo Sari Baganti;Nagari Muara Kandis Punggusan;
Kabupaten Pesisir Selatan;Linggo Sari Baganti;Nagari Padang XI Punggusan;
Kabupaten Pesisir Selatan;Linggo Sari Baganti;Nagari Pasar Bukit Air Haji;
Kabupaten Pesisir Selatan;Linggo Sari Baganti;Nagari Pasar Lama Muara Air Haji;
Kabupaten Pesisir Selatan;Linggo Sari Baganti;Nagari Punggasan;
Kabupaten Pesisir Selatan;Linggo Sari Baganti;Nagari Punggasan Timur;
Kabupaten Pesisir Selatan;Linggo Sari Baganti;Nagari Punggasan Utara;
Kabupaten Pesisir Selatan;Linggo Sari Baganti;Nagari Rantau Simalenang Air Haji;
Kabupaten Pesisir Selatan;Linggo Sari Baganti;Nagari Sungai Sirah Air Haji;
Kabupaten Pesisir Selatan;Lengayang;Nagari Kambang;
Kabupaten Pesisir Selatan;Lengayang;Nagari Kambang Barat;
Kabupaten Pesisir Selatan;Lengayang;Nagari Kambang Timur;
Kabupaten Pesisir Selatan;Lengayang;Nagari Kambang Utara;
Kabupaten Pesisir Selatan;Lengayang;Nagari Lakitan;
Kabupaten Pesisir Selatan;Lengayang;Nagari Lakitan Selatan;
Kabupaten Pesisir Selatan;Lengayang;Nagari Lakitan Tengah;
Kabupaten Pesisir Selatan;Lengayang;Nagari Lakitan Timur;
Kabupaten Pesisir Selatan;Lengayang;Nagari Lakitan Utara;
Kabupaten Pesisir Selatan;Lunang;Nagari Lunang;
Kabupaten Pesisir Selatan;Lunang;Nagari Lunang Barat;
Kabupaten Pesisir Selatan;Lunang;Nagari Lunang Dua;
Kabupaten Pesisir Selatan;Lunang;Nagari Lunang Satu;
Kabupaten Pesisir Selatan;Lunang;Nagari Lunang Selatan;
Kabupaten Pesisir Selatan;Lunang;Nagari Lunang Tengah;
Kabupaten Pesisir Selatan;Lunang;Nagari Lunang Tiga;
Kabupaten Pesisir Selatan;Lunang;Nagari Lunang Utara;
Kabupaten Pesisir Selatan;Lunang;Nagari Pondok Parian Lunang;
Kabupaten Pesisir Selatan;Lunang;Nagari Sindang Lunang;
Kabupaten Pesisir Selatan;Pancung Soal;Nagari Inderapura;
Kabupaten Pesisir Selatan;Pancung Soal;Nagari Inderapura Barat;
Kabupaten Pesisir Selatan;Pancung Soal;Nagari Inderapura Selatan;
Kabupaten Pesisir Selatan;Pancung Soal;Nagari Inderapura Tengah;
Kabupaten Pesisir Selatan;Pancung Soal;Nagari Kudo-Kudo Inderapura;
Kabupaten Pesisir Selatan;Pancung Soal;Nagari Muaro Sakai Inderapura;
Kabupaten Pesisir Selatan;Pancung Soal;Nagari Simpang Lama Inderapura;
Kabupaten Pesisir Selatan;Pancung Soal;Nagari Tiga Sepakat Ibderapura;
Kabupaten Pesisir Selatan;Pancung Soal;Nagari Tigo Sungai Inderapura;
Kabupaten Pesisir Selatan;Pancung Soal;Nagari Tluk Amplu Inderapura;
Kabupaten Pesisir Selatan;Ranah Ampek Hulu Tapan;Nagari Binjai Tapan;
Kabupaten Pesisir Selatan;Ranah Ampek Hulu Tapan;Nagari Kampung Tengah Tapan;
Kabupaten Pesisir Selatan;Ranah Ampek Hulu Tapan;Nagari Kubu Tapan;
Kabupaten Pesisir Selatan;Ranah Ampek Hulu Tapan;Nagari Limau Purut Tapan;
Kabupaten Pesisir Selatan;Ranah Ampek Hulu Tapan;Nagari Simpang Gunung Tapan;
Kabupaten Pesisir Selatan;Ranah Ampek Hulu Tapan;Nagari Sungai Gambir Sako Tapan;
Kabupaten Pesisir Selatan;Ranah Ampek Hulu Tapan;Nagari Sungai Pinang Tapan;
Kabupaten Pesisir Selatan;Ranah Ampek Hulu Tapan;Nagari Talang Balirik Tapan;
Kabupaten Pesisir Selatan;Ranah Ampek Hulu Tapan;Nagari Talang Koto Pulai Tapan;
Kabupaten Pesisir Selatan;Ranah Ampek Hulu Tapan;Nagari Tebing Tinggi Tapan;
Kabupaten Pesisir Selatan;Ranah Pesisir;Nagari Koto VIII Pelangai;
Kabupaten Pesisir Selatan;Ranah Pesisir;Nagari Nyiur Melambai Pelangi;
Kabupaten Pesisir Selatan;Ranah Pesisir;Nagari Pasia Pelangai;
Kabupaten Pesisir Selatan;Ranah Pesisir;Nagari Pelangai;
Kabupaten Pesisir Selatan;Ranah Pesisir;Nagari Pelangai Gadang;
Kabupaten Pesisir Selatan;Ranah Pesisir;Nagari Pelangai Kaciak;
Kabupaten Pesisir Selatan;Ranah Pesisir;Nagari Sungai Liku Pelangi;
Kabupaten Pesisir Selatan;Ranah Pesisir;Nagari Sungai Tunu;
Kabupaten Pesisir Selatan;Ranah Pesisir;Nagari Sungai Tunu Barat;
Kabupaten Pesisir Selatan;Ranah Pesisir;Nagari Sungai Tunu Utara;
Kabupaten Pesisir Selatan;Silaut;Nagari Air Hitam;
Kabupaten Pesisir Selatan;Silaut;Nagari Durian Seribu;
Kabupaten Pesisir Selatan;Silaut;Nagari Lubuk Bunta;
Kabupaten Pesisir Selatan;Silaut;Nagari Pasir Binjai;
Kabupaten Pesisir Selatan;Silaut;Nagari Sambungo;
Kabupaten Pesisir Selatan;Silaut;Nagari Silaut;
Kabupaten Pesisir Selatan;Silaut;Nagari Sungai Pulai;
Kabupaten Pesisir Selatan;Silaut;Nagari Sungai Sarik;
Kabupaten Pesisir Selatan;Silaut;Nagari Sungai Sirah;
Kabupaten Pesisir Selatan;Silaut;Nagari Talang Binjai;
Kabupaten Pesisir Selatan;Sutera;Nagari Amping Parak;
Kabupaten Pesisir Selatan;Sutera;Nagari Amping Parak Timur;
Kabupaten Pesisir Selatan;Sutera;Nagari Aur Duri Surantih;
Kabupaten Pesisir Selatan;Sutera;Nagari Ganting Mudiak Selatan Surantih;
Kabupaten Pesisir Selatan;Sutera;Nagari Ganting Mudiak Utara Surantih;
Kabupaten Pesisir Selatan;Sutera;Nagari Koto Nan Tigo Selatan Surantik;
Kabupaten Pesisir Selatan;Sutera;Nagari Koto Nan Tigo Utara Surantih;
Kabupaten Pesisir Selatan;Sutera;Nagari Koto Taratak;
Kabupaten Pesisir Selatan;Sutera;Nagari Lansano Taratak;
Kabupaten Pesisir Selatan;Sutera;Nagari Rawang Gunung Malelo Surantih;
Kabupaten Pesisir Selatan;Sutera;Nagari Surantih;
Kabupaten Pesisir Selatan;Sutera;Nagari Taratak;
Kabupaten Kep Mentawai;Pagai Selatan;Busalat;
Kabupaten Kep Mentawai;Pagai Selatan;Makalo;
Kabupaten Kep Mentawai;Pagai Selatan;Malakopa;
Kabupaten Kep Mentawai;Pagai Selatan;Sinaka;
Kabupaten Kep Mentawai;Pagai Utara;Betumonga;
Kabupaten Kep Mentawai;Pagai Utara;Saumangannya;
Kabupaten Kep Mentawai;Pagai Utara;Silabu;
Kabupaten Kep Mentawai;Siberut Barat;Sigapokna;
Kabupaten Kep Mentawai;Siberut Barat;Simalegi;
Kabupaten Kep Mentawai;Siberut Barat;Simatalu;
Kabupaten Kep Mentawai;Siberut Barat Daya;Katurei;
Kabupaten Kep Mentawai;Siberut Barat Daya;Pasakiat Taileleu;
Kabupaten Kep Mentawai;Siberut Barat Daya;Sagulubbeg;
Kabupaten Kep Mentawai;Siberut Selatan;Madobag;
Kabupaten Kep Mentawai;Siberut Selatan;Maileppet;
Kabupaten Kep Mentawai;Siberut Selatan;Matotonan;
Kabupaten Kep Mentawai;Siberut Selatan;Muara Siberut;
Kabupaten Kep Mentawai;Siberut Selatan;Muntai;
Kabupaten Kep Mentawai;Siberut Utara;Bojakan;
Kabupaten Kep Mentawai;Siberut Utara;Malancan;
Kabupaten Kep Mentawai;Siberut Utara;Mongan Paula;
Kabupaten Kep Mentawai;Siberut Utara;Muara Sikabaluan;
Kabupaten Kep Mentawai;Siberut Utara;Sirilogui;
Kabupaten Kep Mentawai;Siberut Utara;Sotboyak;
Kabupaten Kep Mentawai;Siberut Tengah;;
;;;
Cimpungan;;;
Kabupaten Kep Mentawai;Siberut Tengah;Saibi Samukop;
Kabupaten Kep Mentawai;Siberut Tengah;Saliguma;
Kabupaten Kep Mentawai;Sikakap;;
;;;
Matobe;;;
Kabupaten Kep Mentawai;Sikakap;Sikakap;
Kabupaten Kep Mentawai;Sikakap;Taikako;
Kabupaten Kep Mentawai;Sipora Selatan;Beriulou;
Kabupaten Kep Mentawai;Sipora Selatan;Bosua;
Kabupaten Kep Mentawai;Sipora Selatan;Mara;
Kabupaten Kep Mentawai;Sipora Selatan;Matobe;
Kabupaten Kep Mentawai;Sipora Selatan;Nemnemleleu;
Kabupaten Kep Mentawai;Sipora Selatan;Saureinu;
Kabupaten Kep Mentawai;Sipora Selatan;Sioban;
Kabupaten Kep Mentawai;Sipora Utara;Betumonga;
Kabupaten Kep Mentawai;Sipora Utara;Bukit Pamewa;
Kabupaten Kep Mentawai;Sipora Utara;Goisooinan;
Kabupaten Kep Mentawai;Sipora Utara;Sido Makmur;
Kabupaten Kep Mentawai;Sipora Utara;Sipora Jaya;
Kabupaten Kep Mentawai;Sipora Utara;Tuapejat;
Kabupaten Padang Pariaman;2x11 Enam Lingkung;;
;;;
Nagari Lubuk Pandan;;;
Kabupaten Padang Pariaman;2x11 Enam Lingkung;Nagari Sicincin;
Kabupaten Padang Pariaman;2x11 Enam Lingkung;Nagari Sungai Asam;
Kabupaten Padang Pariaman;2x11 Kayu Tanam;;
;;;
;;;
Nagari Anduriang;;;
Kabupaten Padang Pariaman;2x11 Kayu Tanam;Nagari Guguak;
Kabupaten Padang Pariaman;2x11 Kayu Tanam;Nagari Kapalo Hilalang;
Kabupaten Padang Pariaman;2x11 Kayu Tanam;Nagari Kayu Tanam;
Kabupaten Padang Pariaman;IV Koto Aur Malintang;;
;;;
;;;
;;;
Nagari III Koto Aur Malintang;;;
Kabupaten Padang Pariaman;IV Koto Aur Malintang;Nagari III Koto Aur Malintang Selatan;
Kabupaten Padang Pariaman;IV Koto Aur Malintang;Nagari III Koto Aur Malintang Timur;
Kabupaten Padang Pariaman;IV Koto Aur Malintang;Nagari III Koto Aur Malintang Utara;
Kabupaten Padang Pariaman;IV Koto Aur Malintang;Nagari Balai Baiak Malaik III Koto;
Kabupaten Padang Pariaman;V Koto Kampung Dalam;Nagari Campago;
Kabupaten Padang Pariaman;V Koto Kampung Dalam;Nagari Campago Barat;
Kabupaten Padang Pariaman;V Koto Kampung Dalam;Nagari Campago Selatan;
Kabupaten Padang Pariaman;V Koto Kampung Dalam;Nagari Sicukur;
Kabupaten Padang Pariaman;V Koto Kampung Dalam;Nagari Sicukur Barat;
Kabupaten Padang Pariaman;V Koto Kampung Dalam;Nagari Sicukur Tengah;
Kabupaten Padang Pariaman;V Koto Kampung Dalam;Nagari Sicukur Timur;
Kabupaten Padang Pariaman;V Koto Kampung Dalam;Nagari Sicukur Utara;
Kabupaten Padang Pariaman;V Koto Timur;;
;;;
;;;
Nagari Gunung Padang Alai;;;
Kabupaten Padang Pariaman;V Koto Timur;Nagari Kudu Gantiang;
Kabupaten Padang Pariaman;V Koto Timur;Nagari Kudu Gantiang Barat;
Kabupaten Padang Pariaman;V Koto Timur;Nagari Limau Puruik;
Kabupaten Padang Pariaman;VII Koto Sungai Sarik;Nagari Ambuang Kapua Sungai Sariak;
Kabupaten Padang Pariaman;VII Koto Sungai Sarik;Nagari Balah Aie;
Kabupaten Padang Pariaman;VII Koto Sungai Sarik;Nagari Balah Aie Timur;
Kabupaten Padang Pariaman;VII Koto Sungai Sarik;Nagari Balah Aie Utara;
Kabupaten Padang Pariaman;VII Koto Sungai Sarik;Nagari Bisati Sungai Sariak;
Kabupaten Padang Pariaman;VII Koto Sungai Sarik;Nagari Lareh Nan Panjang;
Kabupaten Padang Pariaman;VII Koto Sungai Sarik;Nagari Lareh Nan Panjang Barat;
Kabupaten Padang Pariaman;VII Koto Sungai Sarik;Nagari Lareh Nan Panjang Selatan;
Kabupaten Padang Pariaman;VII Koto Sungai Sarik;Nagari Lareh Nan Panjang Sungai Sariak;
Kabupaten Padang Pariaman;VII Koto Sungai Sarik;Nagari Limpato Sungai Sariak;
Kabupaten Padang Pariaman;VII Koto Sungai Sarik;Nagari Lurah Ampalu;
Kabupaten Padang Pariaman;VII Koto Sungai Sarik;Nagari Sungai Sariak;
Kabupaten Padang Pariaman;Batang Anai;Nagari Buayan Lubuk Alung;
Kabupaten Padang Pariaman;Batang Anai;Nagari Kasang;
Kabupaten Padang Pariaman;Batang Anai;Nagari Katapiang;
Kabupaten Padang Pariaman;Batang Anai;Nagari Sungai Buluah;
Kabupaten Padang Pariaman;Batang Anai;Nagari Sungai Buluah Barat;
Kabupaten Padang Pariaman;Batang Anai;Nagari Sungai Buluah Selatan;
Kabupaten Padang Pariaman;Batang Anai;Nagari Sungai Buluah Timur;
Kabupaten Padang Pariaman;Batang Anai;Nagari Sungai Buluah Utara;
Kabupaten Padang Pariaman;Batang Gasan;;
;;;
Nagari Gasan Gadang;;;
Kabupaten Padang Pariaman;Batang Gasan;Nagari Malai V Suku;
Kabupaten Padang Pariaman;Batang Gasan;Nagari Malai V Suku Timur;
Kabupaten Padang Pariaman;Enam Lingkung;Nagari Gadur;
Kabupaten Padang Pariaman;Enam Lingkung;Nagari Koto Tinggi;
Kabupaten Padang Pariaman;Enam Lingkung;Nagari Pakandangan;
Kabupaten Padang Pariaman;Enam Lingkung;Nagari Parit Malintang;
Kabupaten Padang Pariaman;Enam Lingkung;Nagari Toboh Ketek;
Kabupaten Padang Pariaman;Lubuk Alung;Nagari Aie Tajun Lubuk Alung;
Kabupaten Padang Pariaman;Lubuk Alung;Nagari Lubuk Alung;
Kabupaten Padang Pariaman;Lubuk Alung;Nagari Balah Hilie Lubuk Alung;
Kabupaten Padang Pariaman;Lubuk Alung;Nagari Pasie Laweh Lubuk Alung;
Kabupaten Padang Pariaman;Lubuk Alung;Nagari Punggung Kasiak Lubuk Alung;
Kabupaten Padang Pariaman;Lubuk Alung;Nagari Salibutan Lubuk Alung;
Kabupaten Padang Pariaman;Lubuk Alung;Nagari Sikabu Lubuk Alung;
Kabupaten Padang Pariaman;Lubuk Alung;Nagari Singguliang Lubuk Alung;
Kabupaten Padang Pariaman;Lubuk Alung;Nagari Sungai Abang Lubuk Alung;
Kabupaten Padang Pariaman;Nan Sabaris;Nagari Kapalo Koto;
Kabupaten Padang Pariaman;Nan Sabaris;Nagari Kurai Taji;
Kabupaten Padang Pariaman;Nan Sabaris;Nagari Kurai Taji Timur;
Kabupaten Padang Pariaman;Nan Sabaris;Nagari Padang Bintungan;
Kabupaten Padang Pariaman;Nan Sabaris;Nagari Padang Kandang Pulau Air Padang;
Kabupaten Padang Pariaman;Nan Sabaris;Nagari Pauh Kambar;
Kabupaten Padang Pariaman;Nan Sabaris;Nagari Sunua;
Kabupaten Padang Pariaman;Nan Sabaris;Nagari Sunua Barat;
Kabupaten Padang Pariaman;Nan Sabaris;Nagari Sunua Tengah;
Kabupaten Padang Pariaman;Padang Sago;Nagari Batu Kalang;
Kabupaten Padang Pariaman;Padang Sago;Nagari Batu Kalang Utara;
Kabupaten Padang Pariaman;Padang Sago;Nagari Koto Baru;
Kabupaten Padang Pariaman;Padang Sago;Nagari Koto Dalam;
Kabupaten Padang Pariaman;Padang Sago;Nagari Koto Dalam Barat;
Kabupaten Padang Pariaman;Padang Sago;Nagari Koto Dalam Selatan;
Kabupaten Padang Pariaman;Patamuan;Nagari Kampuang Tanjuang Koto Mambang Sungai;
Kabupaten Padang Pariaman;Patamuan;Nagari Sungai Durian;
Kabupaten Padang Pariaman;Patamuan;Nagari Tandikek;
Kabupaten Padang Pariaman;Patamuan;Nagari Tandikek Barat;
Kabupaten Padang Pariaman;Patamuan;Nagari Tandikek Selatan;
Kabupaten Padang Pariaman;Patamuan;Nagari Tandikek Utara;
Kabupaten Padang Pariaman;Sintuk Toboh Gadang;Nagari Sintuk;
Kabupaten Padang Pariaman;Sintuk Toboh Gadang;Nagari Toboh Gadang;
Kabupaten Padang Pariaman;Sintuk Toboh Gadang;Nagari Toboh Gadang Barat;
Kabupaten Padang Pariaman;Sintuk Toboh Gadang;Nagari Toboh Gadang Selatan;
Kabupaten Padang Pariaman;Sintuk Toboh Gadang;Nagari Toboh Gadang Timur;
Kabupaten Padang Pariaman;Sungai Gerringging;Nagari Batu Gadang Kuranji Hulu;
Kabupaten Padang Pariaman;Sungai Gerringging;Nagari Kuranji Hulu;
Kabupaten Padang Pariaman;Sungai Gerringging;Nagari Malai III Koto;
Kabupaten Padang Pariaman;Sungai Gerringging;Nagari Sungai Sirah Kuranji Hulu;
Kabupaten Padang Pariaman;Sungai Limau;Nagari Guguak Kuranji Hilir;
Kabupaten Padang Pariaman;Sungai Limau;Nagari Koto Tinggi Kuranji Hilir;
Kabupaten Padang Pariaman;Sungai Limau;Nagari Kuranji Hilir;
Kabupaten Padang Pariaman;Sungai Limau;Nagari Pilubang;
Kabupaten Padang Pariaman;Ulakan Tapakis;Nagari Kampung Gelapuang Ulakan;
Kabupaten Padang Pariaman;Ulakan Tapakis;Nagari Manggopoh Palak Gadang Ulakan;
Kabupaten Padang Pariaman;Ulakan Tapakis;Nagari Padang Toboh Ulakan;
Kabupaten Padang Pariaman;Ulakan Tapakis;Nagari Sandi Ulakan;
Kabupaten Padang Pariaman;Ulakan Tapakis;Nagari Seulayat Ulakan;
Kabupaten Padang Pariaman;Ulakan Tapakis;Nagari Sungai Gimba Ulakan;
Kabupaten Padang Pariaman;Ulakan Tapakis;Nagari Tapakih;
Kabupaten Padang Pariaman;Ulakan Tapakis;Nagari Ulakan;
Kabupaten Pasaman;Bonjol;Nagari Ganggo Hilia;
Kabupaten Pasaman;Bonjol;Nagari Ganggo Mudiak;
Kabupaten Pasaman;Bonjol;Nagari Koto Kaciak;
Kabupaten Pasaman;Bonjol;Nagari Limo Koto;
Kabupaten Pasaman;Duo Koto;Nagari Cubadak;
Kabupaten Pasaman;Duo Koto;Nagari Simpang Tonang;
Kabupaten Pasaman;Lubuk Sikaping;Nagari Aia Manggih;
Kabupaten Pasaman;Lubuk Sikaping;Nagari Durian Tinggi;
Kabupaten Pasaman;Lubuk Sikaping;Nagari Jambak;
Kabupaten Pasaman;Lubuk Sikaping;Nagari Pauh;
Kabupaten Pasaman;Lubuk Sikaping;Nagari Sundata;
Kabupaten Pasaman;Lubuk Sikaping;Nagari Tanjung Beringin;
Kabupaten Pasaman;Panti;Nagari Panti;
Kabupaten Pasaman;Panti;Nagari Panti Selatan;
Kabupaten Pasaman;Panti;Nagari Panti Timur;
Kabupaten Pasaman;Mapat Tunggul;Nagari Lubuak Gadang;
Kabupaten Pasaman;Mapat Tunggul;Nagari Muara Tais;
Kabupaten Pasaman;Mapat Tunggul;Nagari Pintu Padang;
Kabupaten Pasaman;Mapat Tunggul Selatan;Nagari Muaro Sungai Lolo;
Kabupaten Pasaman;Mapat Tunggul Selatan;Nagari Silayang;
Kabupaten Pasaman;Padang Gelugur;Nagari Bahagia Padang Gelugua;
Kabupaten Pasaman;Padang Gelugur;Nagari Padang Gelugur;
Kabupaten Pasaman;Padang Gelugur;Nagari Sitombol Padang Gelugua;
Kabupaten Pasaman;Padang Gelugur;Nagari Sontang Cubadak;
Kabupaten Pasaman;Rao;Nagari Padang Mantinggi;
Kabupaten Pasaman;Rao;Nagari Taruang Taruang;
Kabupaten Pasaman;Rao Selatan;;
Nagari Lansek Kadok;;;
Kabupaten Pasaman;Rao Selatan;Nagari Lubuak Layang;
Kabupaten Pasaman;Rao Selatan;Nagari Tanjung Betung;
Kabupaten Pasaman;Rao Utara;Nagari Koto Napan;
Kabupaten Pasaman;Rao Utara;Nagari Koto Rajo;
Kabupaten Pasaman;Rao Utara;Nagari Languang;
Kabupaten Pasaman;Simpang Alahan Mati;Nagari Alahan Mati;
Kabupaten Pasaman;Simpang Alahan Mati;Nagari Simpang;
Kabupaten Pasaman;Tigo Nagari;Nagari Binjai;
Kabupaten Pasaman;Tigo Nagari;Nagari Ladang Panjang;
Kabupaten Pasaman;Tigo Nagari;Nagari Malampah;
Kabupaten Pasaman Barat;Gunung Tuleh;Nagari Muaro Kiawai;
Kabupaten Pasaman Barat;Gunung Tuleh;Nagari Rabi Jonggor;
Kabupaten Pasaman Barat;Kinali;Nagari Katiagan;
Kabupaten Pasaman Barat;Kinali;Nagari Kinali;
Kabupaten Pasaman Barat;Koto Balingka;Nagari Parit;
Kabupaten Pasaman Barat;Lembah Melintang;Nagari Ujung Gading;
Kabupaten Pasaman Barat;Lunak Nan Duo;Nagari Kapa;
Kabupaten Pasaman Barat;Lunak Nan Duo;Nagari Koto Baru;
Kabupaten Pasaman Barat;Pasaman;Nagari Aia Gadang;
Kabupaten Pasaman Barat;Pasaman;Nagari Aua Kuniang;
Kabupaten Pasaman Barat;Pasaman;Nagari Lingkuang Aua;
Kabupaten Pasaman Barat;Ranah Batahan;Nagari Batahan;
Kabupaten Pasaman Barat;;Nagari Baru;
Kabupaten Pasaman Barat;Sasak Ranah Pasisie;Nagari Sasak;
Kabupaten Pasaman Barat;Sungai Aur;Nagari Sungai Aua;
Kabupaten Pasaman Barat;Sungai Beremas;Nagari Aia Bangih;
Kabupaten Pasaman Barat;Talamau;Nagari Kajai;
Kabupaten Pasaman Barat;Talamau;Nagari Sinuruik;
Kabupaten Pasaman Barat;Talamau;Nagari Talu;
Kabupaten Lima Puluh Kota;Akabiluru;Nagari Batu Hampar;
Kabupaten Lima Puluh Kota;Akabiluru;Nagari Durian Gadang;
Kabupaten Lima Puluh Kota;Akabiluru;Nagari Koto Tangah Batu Ampa;
Kabupaten Lima Puluh Kota;Akabiluru;Nagari Pauh Sangik;
Kabupaten Lima Puluh Kota;Akabiluru;Nagari Sariak Laweh;
Kabupaten Lima Puluh Kota;Akabiluru;Nagari Suayan;
Kabupaten Lima Puluh Kota;Akabiluru;Nagari Sungai Balantiak;
Kabupaten Lima Puluh Kota;Bukik Barisan;Nagari Banja Loweh;
Kabupaten Lima Puluh Kota;Bukik Barisan;Nagari Buruah Gunuang;
Kabupaten Lima Puluh Kota;Bukik Barisan;Nagari Koto Tangah;
Kabupaten Lima Puluh Kota;Bukik Barisan;Nagari Maek;
Kabupaten Lima Puluh Kota;Bukik Barisan;Nagari Sungai Naniang;
Kabupaten Lima Puluh Kota;Guguak;Nagari Kubang;
Kabupaten Lima Puluh Kota;Guguak;Nagari Kubang Timur;
Kabupaten Lima Puluh Kota;Guguak;Nagari Kubang Barat;
Kabupaten Lima Puluh Kota;Guguak;Nagari Sungai Talang;
Kabupaten Lima Puluh Kota;Guguak;Nagari VII Koto Talago;
Kabupaten Lima Puluh Kota;Gunuang Omeh;Nagari Koto Tinggi;
Kabupaten Lima Puluh Kota;Gunuang Omeh;Nagari Pandam Gadang;
Kabupaten Lima Puluh Kota;Gunuang Omeh;Nagari Talang Anau;
Kabupaten Lima Puluh Kota;Harau;Nagari Batu Balang;
Kabupaten Lima Puluh Kota;Harau;Nagari Bukik Limbuku;
Kabupaten Lima Puluh Kota;Harau;Nagari Gurun;
Kabupaten Lima Puluh Kota;Harau;Nagari Harau;
Kabupaten Lima Puluh Kota;Harau;Nagari Koto Tou;
Kabupaten Lima Puluh Kota;Harau;Nagari Lubuak Batingkok;
Kabupaten Lima Puluh Kota;Harau;Nagari Pilubang;
Kabupaten Lima Puluh Kota;Harau;Nagari Sarilamak;
Kabupaten Lima Puluh Kota;Harau;Nagari Solok Bio Bio;
Kabupaten Lima Puluh Kota;Harau;Nagari Taram;
Kabupaten Lima Puluh Kota;Harau;Nagari Tarantang;
Kabupaten Lima Puluh Kota;Kapur IX;Nagari Durian Tinggi;
Kabupaten Lima Puluh Kota;Kapur IX;Nagari Galugua;
Kabupaten Lima Puluh Kota;Kapur IX;Nagari Koto Bangun;
Kabupaten Lima Puluh Kota;Kapur IX;Nagari Koto Lamo;
Kabupaten Lima Puluh Kota;Kapur IX;Nagari Lubuak Alai;
Kabupaten Lima Puluh Kota;Kapur IX;Nagari Muaro Paiti;
Kabupaten Lima Puluh Kota;Kapur IX;Nagari Sialang;
Kabupaten Lima Puluh Kota;Lareh Sago Halaban;Nagari Ampalu;
Kabupaten Lima Puluh Kota;Lareh Sago Halaban;Nagari Balai Panjang;
Kabupaten Lima Puluh Kota;Lareh Sago Halaban;Nagari Batu Payuang;
Kabupaten Lima Puluh Kota;Lareh Sago Halaban;Nagari Bukik Sikumpa;
Kabupaten Lima Puluh Kota;Lareh Sago Halaban;Nagari Halaban;
Kabupaten Lima Puluh Kota;Lareh Sago Halaban;Nagari Labuah Gunuang;
Kabupaten Lima Puluh Kota;Lareh Sago Halaban;Nagari Sitanang;
Kabupaten Lima Puluh Kota;Lareh Sago Halaban;Nagari Tanjuang Gadang;
Kabupaten Lima Puluh Kota;Luak;Nagari Andaleh;
Kabupaten Lima Puluh Kota;Luak;Nagari Mungo;
Kabupaten Lima Puluh Kota;Luak;Nagari Sungai Kamuyang;
Kabupaten Lima Puluh Kota;Luak;Nagari Tanjung Haro Sikabu-kabu Padang Panjang;
Kabupaten Lima Puluh Kota;Mungka;Nagari Jopang Manganti;
Kabupaten Lima Puluh Kota;Mungka;Nagari Mungka;
Kabupaten Lima Puluh Kota;Mungka;Nagari Simpang Kapuak;
Kabupaten Lima Puluh Kota;Mungka;Nagari Sungai Antuan;
Kabupaten Lima Puluh Kota;Mungka;Nagari Talang Maur;
Kabupaten Lima Puluh Kota;Pangkalan Koto Baru;Nagari Gunuang Malintang;
Kabupaten Lima Puluh Kota;Pangkalan Koto Baru;Nagari Koto Alam;
Kabupaten Lima Puluh Kota;Pangkalan Koto Baru;Nagari Manggilang;
Kabupaten Lima Puluh Kota;Pangkalan Koto Baru;Nagari Pangkalan;
Kabupaten Lima Puluh Kota;Pangkalan Koto Baru;Nagari Tanjuang Balik;
Kabupaten Lima Puluh Kota;Pangkalan Koto Baru;Nagari Tanjung Pauh;
Kabupaten Lima Puluh Kota;Payakumbuh;Nagari Koto Baru Simalanggang;
Kabupaten Lima Puluh Kota;Payakumbuh;Nagari Koto Tangah Simalanggang;
Kabupaten Lima Puluh Kota;Payakumbuh;Nagari Piobang;
Kabupaten Lima Puluh Kota;Payakumbuh;Nagari Simalanggang;
Kabupaten Lima Puluh Kota;Payakumbuh;Nagari Sungai Beringin;
Kabupaten Lima Puluh Kota;Payakumbuh;Nagari Taeh Baruah;
Kabupaten Lima Puluh Kota;Payakumbuh;Nagari Taeh Bukik;
Kabupaten Lima Puluh Kota;Situjuh Limo Nagari;Nagari Situjuah Banda Dalam;
Kabupaten Lima Puluh Kota;Situjuh Limo Nagari;Nagari Situjuah Batua;
Kabupaten Lima Puluh Kota;Situjuh Limo Nagari;Nagari Situjuah Gadang;
Kabupaten Lima Puluh Kota;Situjuh Limo Nagari;Nagari Situjuah Ladang Laweh;
Kabupaten Lima Puluh Kota;Situjuh Limo Nagari;Nagari Tungka;
Kabupaten Lima Puluh Kota;Suliki;Nagari Andiang;
Kabupaten Lima Puluh Kota;Suliki;Nagari Kurai;
Kabupaten Lima Puluh Kota;Suliki;Nagari Limbanang;
Kabupaten Lima Puluh Kota;Suliki;Nagari Suliki;
Kabupaten Lima Puluh Kota;Suliki;Nagari Sungai Rimbang;
Kabupaten Lima Puluh Kota;Suliki;Nagari Tanjuang Bungo;
Kabupaten Tanah Datar;X Koto;Nagari Aie Angek;
Kabupaten Tanah Datar;X Koto;Nagari Jaho;
Kabupaten Tanah Datar;X Koto;Nagari Koto Baru;
Kabupaten Tanah Datar;X Koto;Nagari Koto Laweh;
Kabupaten Tanah Datar;X Koto;Nagari Pandai Sikek;
Kabupaten Tanah Datar;X Koto;Nagari Paninjauan;
Kabupaten Tanah Datar;X Koto;Nagari Panyalaian;
Kabupaten Tanah Datar;X Koto;Nagari Singgalang;
Kabupaten Tanah Datar;X Koto;Nagari Tambangan;
Kabupaten Tanah Datar;Batipuh;Nagari Andaleh;
Kabupaten Tanah Datar;Batipuh;Nagari Batipuh Ateh;
Kabupaten Tanah Datar;Batipuh;Nagari Batipuh Baruah;
Kabupaten Tanah Datar;Batipuh;Nagari Bungo Tanjuang;
Kabupaten Tanah Datar;Batipuh;Nagari Gunuang Rajo;
Kabupaten Tanah Datar;Batipuh;Nagari Pitalah;
Kabupaten Tanah Datar;Batipuh;Nagari Sabu;
Kabupaten Tanah Datar;Batipuh;Nagari Tanjuang Barulak;
Kabupaten Tanah Datar;Batipuh Selatan;Nagari Batu Bata;
Kabupaten Tanah Datar;Batipuh Selatan;Nagari Guguak Malalo;
Kabupaten Tanah Datar;Batipuh Selatan;Nagari Padang Laweh Malalo;
Kabupaten Tanah Datar;Batipuh Selatan;Nagari Sumpur;
Kabupaten Tanah Datar;Lima Kaum;Nagari Baringin;
Kabupaten Tanah Datar;Lima Kaum;Nagari Cubadak;
Kabupaten Tanah Datar;Lima Kaum;Nagari Labuah;
Kabupaten Tanah Datar;Lima Kaum;Nagari Limo Kaum;
Kabupaten Tanah Datar;Lima Kaum;Nagari Parambahan;
Kabupaten Tanah Datar;Lintau Buo;Nagari Buo;
Kabupaten Tanah Datar;Lintau Buo;Nagari Pangian;
Kabupaten Tanah Datar;Lintau Buo;Nagari Taluak;
Kabupaten Tanah Datar;Lintau Buo;Nagari Tigo Jangko;
Kabupaten Tanah Datar;Lintau Buo Utara;Nagari Balai Tangah;
Kabupaten Tanah Datar;Lintau Buo Utara;Nagari Batu Bulek;
Kabupaten Tanah Datar;Lintau Buo Utara;Nagari Lubuak Jantan;
Kabupaten Tanah Datar;Lintau Buo Utara;Nagari Tanjung Bonai;
Kabupaten Tanah Datar;Lintau Buo Utara;Nagari Tepi Selo;
Kabupaten Tanah Datar;Padang Ganting;Nagari Atar;
Kabupaten Tanah Datar;Padang Ganting;Nagari Padang Ganting;
Kabupaten Tanah Datar;Pariangan;Nagari Batu Basa;
Kabupaten Tanah Datar;Pariangan;Nagari Pariangan;
Kabupaten Tanah Datar;Pariangan;Nagari Sawah Tangah;
Kabupaten Tanah Datar;Pariangan;Nagari Simabur;
Kabupaten Tanah Datar;Pariangan;Nagari Sungai Jambu;
Kabupaten Tanah Datar;Pariangan;Nagari Tabek;
Kabupaten Tanah Datar;Rambatan;Nagari III Koto;
Kabupaten Tanah Datar;Rambatan;Nagari Balimbing;
Kabupaten Tanah Datar;Rambatan;Nagari Padang Magek;
Kabupaten Tanah Datar;Rambatan;Nagari Rambatan;
Kabupaten Tanah Datar;Rambatan;Nagari Simawang;
Kabupaten Tanah Datar;Salimpaung;Nagari Lawang Mandahiling;
Kabupaten Tanah Datar;Salimpaung;Nagari Salimpaung;
Kabupaten Tanah Datar;Salimpaung;Nagari Situmbuk;
Kabupaten Tanah Datar;Salimpaung;Nagari Sumanik;
Kabupaten Tanah Datar;Salimpaung;Nagari Supayang;
Kabupaten Tanah Datar;Salimpaung;Nagari Tabek Patah;
Kabupaten Tanah Datar;Sungai Tarab;Nagari Gurun;
Kabupaten Tanah Datar;Sungai Tarab;Nagari Koto Baru;
Kabupaten Tanah Datar;Sungai Tarab;Nagari Koto Tuo;
Kabupaten Tanah Datar;Sungai Tarab;Nagari Kumango;
Kabupaten Tanah Datar;Sungai Tarab;Nagari Padang Laweh;
Kabupaten Tanah Datar;Sungai Tarab;Nagari Pasie Laweh;
Kabupaten Tanah Datar;Sungai Tarab;Nagari Rao-Rao;
Kabupaten Tanah Datar;Sungai Tarab;Nagari Simpuruik;
Kabupaten Tanah Datar;Sungai Tarab;Nagari Sungai Tarab;
Kabupaten Tanah Datar;Sungai Tarab;Nagari Talang Tangah;
Kabupaten Tanah Datar;Sungayang;Nagari Andaleh Baruh Bukik;
Kabupaten Tanah Datar;Sungayang;Nagari Minangkabau;
Kabupaten Tanah Datar;Sungayang;Nagari Sungai Patai;
Kabupaten Tanah Datar;Sungayang;Nagari Sungayang;
Kabupaten Tanah Datar;Sungayang;Nagari Tanjung;
Kabupaten Tanah Datar;Tanjung Baru;;
Nagari Barulak;;;
Kabupaten Tanah Datar;Tanjung Baru;Nagari Tanjung Alam;
Kabupaten Tanah Datar;Tanjung Emas;Nagari Koto Tangah;
Kabupaten Tanah Datar;Tanjung Emas;Nagari Pagaruyung;
Kabupaten Tanah Datar;Tanjung Emas;Nagari Saruaso;
Kabupaten Tanah Datar;Tanjung Emas;Nagari Tanjuang Barulak;
