KOTA PEKANBARU,TAMPAN,DELIMA,Aman
KOTA PEKANBARU,TAMPAN,AIRPUTIH,Aman
KOTA PEKANBARU,TAMPAN,BINAWIDYA,Aman
KOTA PEKANBARU,TAMPAN,TUAHKARYA,Aman
KOTA PEKANBARU,TAMPAN,TUAHMADANI,Aman
KOTA PEKANBARU,TAMPAN,SIMPANGBARU,Aman
KOTA PEKANBARU,TAMPAN,TOBEKGODANG,Aman
KOTA PEKANBARU,TAMPAN,SIALANGMUNGGU,Aman
KOTA PEKANBARU,TAMPAN,SIDOMULYO BARAT,Aman
KOTA PEKANBARU,PAYUNG SEKAKI,LABUH BARU TIMUR,Aman
KOTA PEKANBARU,PAYUNG SEKAKI,TAMPAN,Aman
KOTA PEKANBARU,PAYUNG SEKAKI,AIR HITAM,Aman
KOTA PEKANBARU,PAYUNG SEKAKI,LABUH BARU BARAT,Aman
KOTA PEKANBARU,PAYUNG SEKAKI,TIRTASIAK,Aman
KOTA PEKANBARU,PAYUNG SEKAKI,BANDARRAYA,Aman
KOTA PEKANBARU,PAYUNG SEKAKI,SUNGAISIBAM,Aman
KOTA PEKANBARU,BUKIT RAYA,SIMPANG TIGA,Aman
KOTA PEKANBARU,BUKIT RAYA,TENGKERANG SELATAN,Aman
KOTA PEKANBARU,BUKIT RAYA,TENGKERANG UTARA,Aman
KOTA PEKANBARU,BUKIT RAYA,TENGKERANG LABUAI,Aman
KOTA PEKANBARU,BUKIT RAYA,AIR DINGIN,Aman
KOTA PEKANBARU,MARPOYAN DAMAI,TENGKERANG TENGAH,Aman
KOTA PEKANBARU,MARPOYAN DAMAI,TENGKERANG BARAT,Aman
KOTA PEKANBARU,MARPOYAN DAMAI,MAHARATU,Aman
KOTA PEKANBARU,MARPOYAN DAMAI,SIDOMULYO TIMUR,Aman
KOTA PEKANBARU,MARPOYAN DAMAI,WONOREJO,Aman
KOTA PEKANBARU,MARPOYAN DAMAI,PERHENTIAN MARPOYAN,Aman
KOTA PEKANBARU,TENAYAN RAYA,KULIM,Aman
KOTA PEKANBARU,TENAYAN RAYA,MELEBUNG,Aman
KOTA PEKANBARU,TENAYAN RAYA,PEBATUAN,Aman
KOTA PEKANBARU,TENAYAN RAYA,MENTANGOR,Aman
KOTA PEKANBARU,TENAYAN RAYA,REJO SARI,Aman
KOTA PEKANBARU,TENAYAN RAYA,TUAHNEGERI,Aman
KOTA PEKANBARU,TENAYAN RAYA,BAMBUKUNING,Aman
KOTA PEKANBARU,TENAYAN RAYA,BENCAHLESUNG,Aman
KOTA PEKANBARU,TENAYAN RAYA,SIALANGSAKTI,Aman
KOTA PEKANBARU,TENAYAN RAYA,PEMATANGKAPAU,Aman
KOTA PEKANBARU,TENAYAN RAYA,SIALANGRAMPAI,Aman
KOTA PEKANBARU,TENAYAN RAYA,INDUSTRITENAYAN,Aman
KOTA PEKANBARU,TENAYAN RAYA,TANGKERANG TIMUR,Aman
KOTA PEKANBARU,LIMAPULUH,RINTIS,Aman
KOTA PEKANBARU,LIMAPULUH,SEKIP,Aman
KOTA PEKANBARU,LIMAPULUH,TANJUNG RHU,Aman
KOTA PEKANBARU,LIMAPULUH,PESISIR,Aman
KOTA PEKANBARU,SAIL,CINTA RAJA,Aman
KOTA PEKANBARU,SAIL,SUKA MAJU,Aman
KOTA PEKANBARU,SAIL,SUKA MULIA,Aman
KOTA PEKANBARU,PEKANBARU KOTA,SIMPANG EMPAT,Aman
KOTA PEKANBARU,PEKANBARU KOTA,SUMAHILANG,Aman
KOTA PEKANBARU,PEKANBARU KOTA,HIDAYAT,Bahaya
KOTA PEKANBARU,PEKANBARU KOTA,KOTA BARU,Aman
KOTA PEKANBARU,PEKANBARU KOTA,SUKARAMAI,Aman
KOTA PEKANBARU,PEKANBARU KOTA,KOTA TINGGI,Aman
KOTA PEKANBARU,SUKAJADI,JADIREJO,Aman
KOTA PEKANBARU,SUKAJADI,KAMPUNG TENGAH,Aman
KOTA PEKANBARU,SUKAJADI,KAMPUNG MELAYU,Aman
KOTA PEKANBARU,SUKAJADI,KEDUNGSARI,Aman
KOTA PEKANBARU,SUKAJADI,HARJOSARI,Aman
KOTA PEKANBARU,SUKAJADI,SUKAJADI,Aman
KOTA PEKANBARU,SUKAJADI,"PULAU KARAM/PULAU
KAROMAH",Waspada
KOTA PEKANBARU,SENAPELAN,PADANG BULAN,Aman
KOTA PEKANBARU,SENAPELAN,PADANG TERUBUK,Aman
KOTA PEKANBARU,SENAPELAN,SAGO,Aman
KOTA PEKANBARU,SENAPELAN,KAMPUNG DALAM,Bahaya
KOTA PEKANBARU,SENAPELAN,KAMPUNG BANDAR,Aman
KOTA PEKANBARU,SENAPELAN,KAMPUNG BARU,Aman
KOTA PEKANBARU,RUMBAI,UMBAN SARI,Aman
KOTA PEKANBARU,RUMBAI,RUMBAI BUKIT,Aman
KOTA PEKANBARU,RUMBAI,MUARA FAJAR BARAT,Aman
KOTA PEKANBARU,RUMBAI,PALAS,Aman
KOTA PEKANBARU,RUMBAI,SRI MERANTI,Aman
KOTA PEKANBARU,RUMBAI,MAHARANI,Aman
KOTA PEKANBARU,RUMBAI,AGROWISATA,Aman
KOTA PEKANBARU,RUMBAI,RANTAU PANJANG,Aman
KOTA PEKANBARU,RUMBAI,MUARA FAJAR TIMUR,Aman
KOTA PEKANBARU,RUMBAI PESISIR,MERANTI PANDAK,Aman
KOTA PEKANBARU,RUMBAI PESISIR,LIMBUNGAN,Aman
KOTA PEKANBARU,RUMBAI PESISIR,LEMBAH SARI,Aman
KOTA PEKANBARU,RUMBAI PESISIR,LEMBAH DAMAI,Aman
KOTA PEKANBARU,RUMBAI PESISIR,LIMBUNGAN BARU,Aman
KOTA PEKANBARU,RUMBAI PESISIR,TEBING TINGGI OKURA,Aman
KOTA PEKANBARU,RUMBAI PESISIR,SUNGAIUKAI,Aman
KOTA PEKANBARU,RUMBAI PESISIR,SUNGAIAMBANG,Aman
KOTA  DUMAI,BUKIT KAPUR,BUKIT NENAS,Aman
KOTA  DUMAI,BUKIT KAPUR,BAGAN BESAR,Bahaya
KOTA  DUMAI,BUKIT KAPUR,BUKIT KAYU KAPUR,Aman
KOTA  DUMAI,BUKIT KAPUR,GURUN PANJANG,Aman
KOTA  DUMAI,BUKIT KAPUR,KAMPUNG BARU,Aman
KOTA  DUMAI,MEDANG KAMPAI,PELINTUNG,Bahaya
KOTA  DUMAI,MEDANG KAMPAI,GUNTUNG,Aman
KOTA  DUMAI,MEDANG KAMPAI,TELUK MAKMUR,Aman
KOTA  DUMAI,MEDANG KAMPAI,MUNDAM,Aman
KOTA  DUMAI,SUNGAI SEMBILAN,BANGSAL ACEH,Aman
KOTA  DUMAI,SUNGAI SEMBILAN,LUBUK GAUNG,Bahaya
KOTA  DUMAI,SUNGAI SEMBILAN,BASILAM BARU,Aman
KOTA  DUMAI,SUNGAI SEMBILAN,BATU TERITIP,Waspada
KOTA  DUMAI,SUNGAI SEMBILAN,TANJUNG PENYEMBAL,Aman
KOTA  DUMAI,DUMAI BARAT,PANGKALAN SESAI,Aman
KOTA  DUMAI,DUMAI BARAT,PURNAMA,Waspada
KOTA  DUMAI,DUMAI BARAT,SIMPANG TETAP DARUL IHSAN,Aman
KOTA  DUMAI,DUMAI BARAT,BAGAN KELADI,Aman
KOTA  DUMAI,DUMAI SELATAN,MEKAR SARI,Aman
KOTA  DUMAI,DUMAI SELATAN,BUKIT TIMAH,Aman
KOTA  DUMAI,DUMAI SELATAN,BUMI AYU,Aman
KOTA  DUMAI,DUMAI SELATAN,BUKIT DATUK,Aman
KOTA  DUMAI,DUMAI SELATAN,RATU SIMA,Aman
KOTA  DUMAI,DUMAI TIMUR,TANJUNG PALAS,Aman
KOTA  DUMAI,DUMAI TIMUR,JAYA MUKTI,Aman
KOTA  DUMAI,DUMAI TIMUR,TELUK BINJAI,Aman
KOTA  DUMAI,DUMAI TIMUR,BULUH KASAP,Bahaya
KOTA  DUMAI,DUMAI TIMUR,BUKIT BATREM,Aman
KOTA  DUMAI,DUMAI KOTA,RIMBA SEKAMPUNG,Aman
KOTA  DUMAI,DUMAI KOTA,SUKAJADI,Aman
KOTA  DUMAI,DUMAI KOTA,BINTAN,Aman
KOTA  DUMAI,DUMAI KOTA,DUMAI KOTA,Aman
KOTA  DUMAI,DUMAI KOTA,LAKSAMANA,Bahaya
KUANTAN  SINGINGI,KUANTAN MUDIK,PANTAI,Aman
KUANTAN  SINGINGI,KUANTAN MUDIK,AIR BULUH,Aman
KUANTAN  SINGINGI,KUANTAN MUDIK,LUBUK RAMO,Aman
KUANTAN  SINGINGI,KUANTAN MUDIK,KOTO CENGAR,Aman
KUANTAN  SINGINGI,KUANTAN MUDIK,SEBERANG CENGAR,Aman
KUANTAN  SINGINGI,KUANTAN MUDIK,SANGAU,Aman
KUANTAN  SINGINGI,KUANTAN MUDIK,BANJAR PADANG,Aman
KUANTAN  SINGINGI,KUANTAN MUDIK,LUBUK JAMBI,Aman
KUANTAN  SINGINGI,KUANTAN MUDIK,KOTO LUBUK JAMBI,Aman
KUANTAN  SINGINGI,KUANTAN MUDIK,KASANG,Aman
KUANTAN  SINGINGI,KUANTAN MUDIK,AUR DURI,Aman
KUANTAN  SINGINGI,KUANTAN MUDIK,BUKIT KAUMAN,Aman
KUANTAN  SINGINGI,KUANTAN MUDIK,SUNGAI MANAU,Aman
KUANTAN  SINGINGI,KUANTAN MUDIK,SAIK,Aman
KUANTAN  SINGINGI,KUANTAN MUDIK,PEBAUN HULU,Aman
KUANTAN  SINGINGI,KUANTAN MUDIK,PEBAUN HILIR,Aman
KUANTAN  SINGINGI,KUANTAN MUDIK,KINALI,Aman
KUANTAN  SINGINGI,KUANTAN MUDIK,PULAU BINJAI,Aman
KUANTAN  SINGINGI,KUANTAN MUDIK,SEBERANG PANTAI,Aman
KUANTAN  SINGINGI,KUANTAN MUDIK,LUAI,Aman
KUANTAN  SINGINGI,KUANTAN MUDIK,RANTAU SIALANG,Aman
KUANTAN  SINGINGI,KUANTAN MUDIK,BANJAR GUNTUNG,Aman
KUANTAN  SINGINGI,KUANTAN MUDIK,BUKIT PEDUSUNAN,Aman
KUANTAN  SINGINGI,KUANTAN MUDIK,MUARO TOMBANG,Aman
KUANTAN  SINGINGI,HULU KUANTAN,SUNGAI KELELAWAR,Aman
KUANTAN  SINGINGI,HULU KUANTAN,SUNGAI ALAH,Aman
KUANTAN  SINGINGI,HULU KUANTAN,LUBUK AMBACANG,Aman
KUANTAN  SINGINGI,HULU KUANTAN,KOTO KOMBU,Aman
KUANTAN  SINGINGI,HULU KUANTAN,SUMPU,Aman
KUANTAN  SINGINGI,HULU KUANTAN,INUMAN,Aman
KUANTAN  SINGINGI,HULU KUANTAN,TANJUNG MEDANG,Aman
KUANTAN  SINGINGI,HULU KUANTAN,MUDIK ULO,Aman
KUANTAN  SINGINGI,HULU KUANTAN,SUNGAI PINANG,Aman
KUANTAN  SINGINGI,HULU KUANTAN,TANJUNG,Aman
KUANTAN  SINGINGI,HULU KUANTAN,SEROSAH,Aman
KUANTAN  SINGINGI,HULU KUANTAN,SAMPURAGO,Aman
KUANTAN  SINGINGI,GUNUNG TOAR,PULAU RUMPUT,Aman
KUANTAN  SINGINGI,GUNUNG TOAR,KOTO GUNUNG,Aman
KUANTAN  SINGINGI,GUNUNG TOAR,TELUK BERINGIN,Aman
KUANTAN  SINGINGI,GUNUNG TOAR,PULAU MUNGKUR,Aman
KUANTAN  SINGINGI,GUNUNG TOAR,SEBERANG GUNUNG,Aman
KUANTAN  SINGINGI,GUNUNG TOAR,TEBERAU PANJANG,Aman
KUANTAN  SINGINGI,GUNUNG TOAR,GUNUNG,Aman
KUANTAN  SINGINGI,GUNUNG TOAR,TOAR,Aman
KUANTAN  SINGINGI,GUNUNG TOAR,KAMPUNG BARU,Aman
KUANTAN  SINGINGI,GUNUNG TOAR,PETAPAHAN,Aman
KUANTAN  SINGINGI,GUNUNG TOAR,LUBUK TERANTANG,Aman
KUANTAN  SINGINGI,GUNUNG TOAR,SIBEROBAH,Aman
KUANTAN  SINGINGI,GUNUNG TOAR,PISANG BEREBUS,Aman
KUANTAN  SINGINGI,GUNUNG TOAR,SEBERANG SUNGAI,Aman
KUANTAN  SINGINGI,PUCUK RANTAU,PERHENTIAN SUNGKAI,Aman
KUANTAN  SINGINGI,PUCUK RANTAU,SUNGAI BESAR,Aman
KUANTAN  SINGINGI,PUCUK RANTAU,SUNGAI BESAR HILIR,Aman
KUANTAN  SINGINGI,PUCUK RANTAU,IBUL,Aman
KUANTAN  SINGINGI,PUCUK RANTAU,KAMPUNG BARU IBUL,Aman
KUANTAN  SINGINGI,PUCUK RANTAU,PANGKALAN,Aman
KUANTAN  SINGINGI,PUCUK RANTAU,MUARO TOBEK,Aman
KUANTAN  SINGINGI,PUCUK RANTAU,MUARO TIU MAKMUR,Aman
KUANTAN  SINGINGI,PUCUK RANTAU,MUARA PETAI,Aman
KUANTAN  SINGINGI,PUCUK RANTAU,SETIANG,Aman
KUANTAN  SINGINGI,SINGINGI,PANGKALAN INDARUNG,Aman
KUANTAN  SINGINGI,SINGINGI,PULAU PADANG,Aman
KUANTAN  SINGINGI,SINGINGI,MUARA LEMBU,Aman
KUANTAN  SINGINGI,SINGINGI,LOGAS,Aman
KUANTAN  SINGINGI,SINGINGI,SUNGAI BAWANG,Aman
KUANTAN  SINGINGI,SINGINGI,AIR MAS,Aman
KUANTAN  SINGINGI,SINGINGI,SUMBER DATAR,Aman
KUANTAN  SINGINGI,SINGINGI,SUNGAI KERANJI,Aman
KUANTAN  SINGINGI,SINGINGI,PASIR EMAS,Aman
KUANTAN  SINGINGI,SINGINGI,SUNGAI SIRIH,Aman
KUANTAN  SINGINGI,SINGINGI,KEBUN LADO,Aman
KUANTAN  SINGINGI,SINGINGI,SUNGAI KUNING,Aman
KUANTAN  SINGINGI,SINGINGI,PETAI BARU,Aman
KUANTAN  SINGINGI,SINGINGI,LOGAS HILIR,Aman
KUANTAN  SINGINGI,SINGINGI HILIR,PETAI,Aman
KUANTAN  SINGINGI,SINGINGI HILIR,SUNGAI BULUH,Aman
KUANTAN  SINGINGI,SINGINGI HILIR,SIMPANG RAYA,Aman
KUANTAN  SINGINGI,SINGINGI HILIR,KOTO BARU,Aman
KUANTAN  SINGINGI,SINGINGI HILIR,SUMBER JAYA,Aman
KUANTAN  SINGINGI,SINGINGI HILIR,SUKA DAMAI,Aman
KUANTAN  SINGINGI,SINGINGI HILIR,MUARA BAHAN,Aman
KUANTAN  SINGINGI,SINGINGI HILIR,BUKIT RAYA,Aman
KUANTAN  SINGINGI,SINGINGI HILIR,BERINGI,Siaga
KUANTAN  SINGINGI,SINGINGI HILIR,SUKAMAJU,Aman
KUANTAN  SINGINGI,SINGINGI HILIR,SUNGAI PAKU,Siaga
KUANTAN  SINGINGI,SINGINGI HILIR,TANJUNG PAUH,Waspada
KUANTAN  SINGINGI,KUANTAN TENGAH,BANDAR ALAI,Aman
KUANTAN  SINGINGI,KUANTAN TENGAH,PULAU KEDUNDUNG,Aman
KUANTAN  SINGINGI,KUANTAN TENGAH,PULAU ARO,Aman
KUANTAN  SINGINGI,KUANTAN TENGAH,SEBERANG TALUK,Bahaya
KUANTAN  SINGINGI,KUANTAN TENGAH,PULAU BARU,Aman
KUANTAN  SINGINGI,KUANTAN TENGAH,KOTO TUO,Aman
KUANTAN  SINGINGI,KUANTAN TENGAH,KOPAH,Aman
KUANTAN  SINGINGI,KUANTAN TENGAH,JAYA,Aman
KUANTAN  SINGINGI,KUANTAN TENGAH,MUNSALO,Aman
KUANTAN  SINGINGI,KUANTAN TENGAH,BERINGIN TALUK,Aman
KUANTAN  SINGINGI,KUANTAN TENGAH,SAWAH,Aman
KUANTAN  SINGINGI,KUANTAN TENGAH,PASAR TALUK,Aman
KUANTAN  SINGINGI,KUANTAN TENGAH,KOTO TALUK,Waspada
KUANTAN  SINGINGI,KUANTAN TENGAH,SIMPANG TIGA,Aman
KUANTAN  SINGINGI,KUANTAN TENGAH,PULAU GODANG,Aman
KUANTAN  SINGINGI,KUANTAN TENGAH,KOTO KARI,Aman
KUANTAN  SINGINGI,KUANTAN TENGAH,PINTU GOBANG,Aman
KUANTAN  SINGINGI,KUANTAN TENGAH,JAKE,Aman
KUANTAN  SINGINGI,KUANTAN TENGAH,SITORAJO,Aman
KUANTAN  SINGINGI,KUANTAN TENGAH,SEBERANG TELUK HILIR,Aman
KUANTAN  SINGINGI,KUANTAN TENGAH,SUNGAI JERING,Siaga
KUANTAN  SINGINGI,KUANTAN TENGAH,TITIAN MODANG KOPAH,Aman
KUANTAN  SINGINGI,KUANTAN TENGAH,PULAU BANJAR KARI,Aman
KUANTAN  SINGINGI,SENTAJO RAYA,PULAU KOPUNG,Aman
KUANTAN  SINGINGI,SENTAJO RAYA,KAMPUNG BARU SENTAJO,Aman
KUANTAN  SINGINGI,SENTAJO RAYA,KOTO SENTAJO,Aman
KUANTAN  SINGINGI,SENTAJO RAYA,MUARO SENTAJO,Aman
KUANTAN  SINGINGI,SENTAJO RAYA,PULAU KOMANG,Aman
KUANTAN  SINGINGI,SENTAJO RAYA,BERINGIN JAYA,Aman
KUANTAN  SINGINGI,SENTAJO RAYA,JALUR PATAH,Aman
KUANTAN  SINGINGI,SENTAJO RAYA,TERATAK AIR HITAM,Aman
KUANTAN  SINGINGI,SENTAJO RAYA,PARIT TERATAK AIR HITAM,Aman
KUANTAN  SINGINGI,SENTAJO RAYA,HITAM,Aman
KUANTAN  SINGINGI,SENTAJO RAYA,GERINGGING BARU,Aman
KUANTAN  SINGINGI,SENTAJO RAYA,MARSAWA,Aman
KUANTAN  SINGINGI,SENTAJO RAYA,LANGSAT HULU,Aman
KUANTAN  SINGINGI,SENTAJO RAYA,MUARA LANGSAT,Siaga
KUANTAN  SINGINGI,SENTAJO RAYA,GERINGGING JAYA,Aman
KUANTAN  SINGINGI,BENAI,KOTO BENAI,Aman
KUANTAN  SINGINGI,BENAI,TALONTAM,Waspada
KUANTAN  SINGINGI,BENAI,BANJAR BENAI,Aman
KUANTAN  SINGINGI,BENAI,GUNUNG KESIANGAN,Siaga
KUANTAN  SINGINGI,BENAI,BANJAR LOPAK,Aman
KUANTAN  SINGINGI,BENAI,PULAU KALIMANTING,Aman
KUANTAN  SINGINGI,BENAI,TANJUNG,Aman
KUANTAN  SINGINGI,BENAI,PULAU INGU,Aman
KUANTAN  SINGINGI,BENAI,SIMANDOLAK,Aman
KUANTAN  SINGINGI,BENAI,TEBING TINGGI,Siaga
KUANTAN  SINGINGI,BENAI,PULAU LANCANG,Aman
KUANTAN  SINGINGI,BENAI,PULAU TONGAH,Aman
KUANTAN  SINGINGI,BENAI,UJUNG TANJUNG,Aman
KUANTAN  SINGINGI,BENAI,SIBERAKUN,Aman
KUANTAN  SINGINGI,BENAI,BENAI,Aman
KUANTAN  SINGINGI,BENAI,BENAI KECIL,Aman
KUANTAN  SINGINGI,KUANTAN HILIR,PULAU KIJANG,Aman
KUANTAN  SINGINGI,KUANTAN HILIR,BANUARAN,Aman
KUANTAN  SINGINGI,KUANTAN HILIR,KOTO TUO,Aman
KUANTAN  SINGINGI,KUANTAN HILIR,PASAR USANG BASERAH,Aman
KUANTAN  SINGINGI,KUANTAN HILIR,PULAU MADINAH,Aman
KUANTAN  SINGINGI,KUANTAN HILIR,KAMPUNG TENGAH,Aman
KUANTAN  SINGINGI,KUANTAN HILIR,KEPALA PULAU,Siaga
KUANTAN  SINGINGI,KUANTAN HILIR,KAMPUNG MEDAN,Aman
KUANTAN  SINGINGI,KUANTAN HILIR,PASAR BARU BASERAH,Waspada
KUANTAN  SINGINGI,KUANTAN HILIR,SIMPANG TANAH LAPANG,Aman
KUANTAN  SINGINGI,KUANTAN HILIR,KAMPUNG MADURA,Aman
KUANTAN  SINGINGI,KUANTAN HILIR,RAWANG BONTO,Aman
KUANTAN  SINGINGI,KUANTAN HILIR,DUSUN TUO,Aman
KUANTAN  SINGINGI,KUANTAN HILIR,GUNUNG MELINTANG,Aman
KUANTAN  SINGINGI,KUANTAN HILIR,TERATAK BARU,Aman
KUANTAN  SINGINGI,KUANTAN HILIR,SIMPANG PULAU BERALO,Aman
KUANTAN  SINGINGI,PANGEAN,PEMBATANG,Aman
KUANTAN  SINGINGI,PANGEAN,PADANG KUNIK,Aman
KUANTAN  SINGINGI,PANGEAN,PADANG TANGGUNG,Aman
KUANTAN  SINGINGI,PANGEAN,TELUK PAUH,Aman
KUANTAN  SINGINGI,PANGEAN,TANAH BEKALI,Aman
KUANTAN  SINGINGI,PANGEAN,PULAU DERAS,Aman
KUANTAN  SINGINGI,PANGEAN,PULAU KUMPAI,Aman
KUANTAN  SINGINGI,PANGEAN,PULAU TENGAH,Aman
KUANTAN  SINGINGI,PANGEAN,KOTO PANGEAN,Aman
KUANTAN  SINGINGI,PANGEAN,SUKAPING,Aman
KUANTAN  SINGINGI,PANGEAN,PULAU RENGAS,Aman
KUANTAN  SINGINGI,PANGEAN,PAUH ANGIT,Aman
KUANTAN  SINGINGI,PANGEAN,RAWANG BINJAI,Aman
KUANTAN  SINGINGI,PANGEAN,PASAR BARU PANGEAN,Aman
KUANTAN  SINGINGI,PANGEAN,PAUH ANGIT HULU,Aman
KUANTAN  SINGINGI,PANGEAN,SAKO,Waspada
KUANTAN  SINGINGI,PANGEAN,SUNGAI LANGSAT,Aman
KUANTAN  SINGINGI,LOGAS TANAH DARAT,SIKIJANG,Aman
KUANTAN  SINGINGI,LOGAS TANAH DARAT,TERATAK RENDAH,Aman
KUANTAN  SINGINGI,LOGAS TANAH DARAT,PERHENTIAN LUAS,Aman
KUANTAN  SINGINGI,LOGAS TANAH DARAT,LOGAS,Siaga
KUANTAN  SINGINGI,LOGAS TANAH DARAT,SUNGAI RAMBAI,Aman
KUANTAN  SINGINGI,LOGAS TANAH DARAT,RAMBAHAN,Aman
KUANTAN  SINGINGI,LOGAS TANAH DARAT,LUBUK KEBUN,Aman
KUANTAN  SINGINGI,LOGAS TANAH DARAT,SITUGAL,Aman
KUANTAN  SINGINGI,LOGAS TANAH DARAT,HULU TESO,Aman
KUANTAN  SINGINGI,LOGAS TANAH DARAT,SUKARAJA,Aman
KUANTAN  SINGINGI,LOGAS TANAH DARAT,SAKO MARGASARI,Aman
KUANTAN  SINGINGI,LOGAS TANAH DARAT,GIRI SAKO,Aman
KUANTAN  SINGINGI,LOGAS TANAH DARAT,KUANTAN SAKO,Aman
KUANTAN  SINGINGI,LOGAS TANAH DARAT,SIDODADI,Aman
KUANTAN  SINGINGI,LOGAS TANAH DARAT,BUMI MULYA,Aman
KUANTAN  SINGINGI,"KUANTAN HILIR
SEBERANG",TANJUNG PISANG,Aman
KUANTAN  SINGINGI,"KUANTAN HILIR
SEBERANG",PENGALIAN,Aman
KUANTAN  SINGINGI,"KUANTAN HILIR
SEBERANG",KASANG LIMAU SUNDAI,Aman
KUANTAN  SINGINGI,"KUANTAN HILIR
SEBERANG",TERATAK JERING,Aman
KUANTAN  SINGINGI,"KUANTAN HILIR
SEBERANG",KOTO RAJO,Aman
KUANTAN  SINGINGI,"KUANTAN HILIR
SEBERANG",DANAU,Aman
KUANTAN  SINGINGI,"KUANTAN HILIR
SEBERANG",LUMBOK,Aman
KUANTAN  SINGINGI,"KUANTAN HILIR
SEBERANG",PELUKAHAN,Aman
KUANTAN  SINGINGI,"KUANTAN HILIR
SEBERANG",PULAU BARU,Aman
KUANTAN  SINGINGI,"KUANTAN HILIR
SEBERANG",TANJUNG,Aman
KUANTAN  SINGINGI,"KUANTAN HILIR
SEBERANG",SUNGAI SERIK,Aman
KUANTAN  SINGINGI,"KUANTAN HILIR
SEBERANG",RAWANG OGUANG,Aman
KUANTAN  SINGINGI,"KUANTAN HILIR
SEBERANG",PULAU KULUR,Aman
KUANTAN  SINGINGI,"KUANTAN HILIR
SEBERANG",PULAU BERALO,Aman
KUANTAN  SINGINGI,CERENTI,SIKAKAK,Aman
KUANTAN  SINGINGI,CERENTI,PULAU JAMBU,Aman
KUANTAN  SINGINGI,CERENTI,PULAU BAYUR,Aman
KUANTAN  SINGINGI,CERENTI,PULAU PANJANG CERENTI,Aman
KUANTAN  SINGINGI,CERENTI,TELUK PAUH,Aman
KUANTAN  SINGINGI,CERENTI,PESIKAIAN,Aman
KUANTAN  SINGINGI,CERENTI,KOTO CERENTI,Aman
KUANTAN  SINGINGI,CERENTI,KOTO PERAKU,Aman
KUANTAN  SINGINGI,CERENTI,PASAR CERENTI,Aman
KUANTAN  SINGINGI,CERENTI,KAMPUNG BARU,Aman
KUANTAN  SINGINGI,CERENTI,KOMPE BERANGIN,Aman
KUANTAN  SINGINGI,CERENTI,TANJUNG MEDAN,Aman
KUANTAN  SINGINGI,CERENTI,KAMPUNG BARU TIMUR,Aman
KUANTAN  SINGINGI,INUMAN,PULAU PANJANG HULU,Aman
KUANTAN  SINGINGI,INUMAN,PULAU PANJANG HILIR,Aman
KUANTAN  SINGINGI,INUMAN,BEDENG SIKURAN,Aman
KUANTAN  SINGINGI,INUMAN,BANJAR NANTIGO,Aman
KUANTAN  SINGINGI,INUMAN,PASAR INUMAN,Aman
KUANTAN  SINGINGI,INUMAN,PULAU SIPAN,Aman
KUANTAN  SINGINGI,INUMAN,PULAU BUSUK,Aman
KUANTAN  SINGINGI,INUMAN,KOTO INUMAN,Aman
KUANTAN  SINGINGI,INUMAN,SIGARUNTANG,Aman
KUANTAN  SINGINGI,INUMAN,PULAU BUSUK JAYA,Aman
KUANTAN  SINGINGI,INUMAN,SEBERANG PULAU BUSUK,Aman
KUANTAN  SINGINGI,INUMAN,KETAPING JAYA,Aman
KUANTAN  SINGINGI,INUMAN,LEBUH LURUS,Aman
KUANTAN  SINGINGI,INUMAN,KAMPUNG BARU KOTO,Aman
INDRAGIRI HULU,PERANAP,SEMELINANG TEBING,Aman
INDRAGIRI HULU,PERANAP,PAUH RANAP,Aman
INDRAGIRI HULU,PERANAP,BATURIJAL HULU,Aman
INDRAGIRI HULU,PERANAP,BATURIJAL HILIR,Aman
INDRAGIRI HULU,PERANAP,PERANAP,Aman
INDRAGIRI HULU,PERANAP,GUMANTI,Aman
INDRAGIRI HULU,PERANAP,SEMELINANG DARAT,Aman
INDRAGIRI HULU,PERANAP,PANDAN WANGI,Aman
INDRAGIRI HULU,PERANAP,SERAI WANGI,Aman
INDRAGIRI HULU,PERANAP,KATIPO PURA,Aman
INDRAGIRI HULU,PERANAP,SETAKO RAYA,Aman
INDRAGIRI HULU,PERANAP,BATURIJAL BARAT,Aman
INDRAGIRI HULU,BATANG PERANAP,PUNTI KAYU,Aman
INDRAGIRI HULU,BATANG PERANAP,PEMATANG,Aman
INDRAGIRI HULU,BATANG PERANAP,PESAJIAN,Aman
INDRAGIRI HULU,BATANG PERANAP,SELUNAK,Aman
INDRAGIRI HULU,BATANG PERANAP,PEMATANG BENTENG,Aman
INDRAGIRI HULU,BATANG PERANAP,SUKA MAJU,Aman
INDRAGIRI HULU,BATANG PERANAP,SENCANO JAYA,Aman
INDRAGIRI HULU,BATANG PERANAP,SUNGAI AUR,Aman
INDRAGIRI HULU,BATANG PERANAP,PELADANGAN,Aman
INDRAGIRI HULU,BATANG PERANAP,KOTO TUO,Aman
INDRAGIRI HULU,SEBERIDA,BUKIT MERANTI,Aman
INDRAGIRI HULU,SEBERIDA,PAYA RUMBAI,Aman
INDRAGIRI HULU,SEBERIDA,KELESA,Aman
INDRAGIRI HULU,SEBERIDA,BELIGAN,Aman
INDRAGIRI HULU,SEBERIDA,SERESAM,Aman
INDRAGIRI HULU,SEBERIDA,PETALA BUMI,Aman
INDRAGIRI HULU,SEBERIDA,TITIAN RESAK,Aman
INDRAGIRI HULU,SEBERIDA,SIBABAT,Aman
INDRAGIRI HULU,SEBERIDA,PANGKALAN KASAI,Bahaya
INDRAGIRI HULU,SEBERIDA,BULUH RAMPAI,Aman
INDRAGIRI HULU,SEBERIDA,BANDAR PADANG,Aman
INDRAGIRI HULU,BATANG CENAKU,TALANG BERSEMI,Aman
INDRAGIRI HULU,BATANG CENAKU,TALANG MULYA,Aman
INDRAGIRI HULU,BATANG CENAKU,ANAK TALANG,Aman
INDRAGIRI HULU,BATANG CENAKU,CENAKU KECIL,Aman
INDRAGIRI HULU,BATANG CENAKU,ALIM,Aman
INDRAGIRI HULU,BATANG CENAKU,PUNTIANAI,Aman
INDRAGIRI HULU,BATANG CENAKU,PEMATANG MANGGIS,Aman
INDRAGIRI HULU,BATANG CENAKU,KERUBUNG JAYA,Aman
INDRAGIRI HULU,BATANG CENAKU,PETALING JAYA,Aman
INDRAGIRI HULU,BATANG CENAKU,AUR CINA,Aman
INDRAGIRI HULU,BATANG CENAKU,BUKIT LINGKAR,Aman
INDRAGIRI HULU,BATANG CENAKU,BUKIT LIPAI,Aman
INDRAGIRI HULU,BATANG CENAKU,KUALA GADING,Aman
INDRAGIRI HULU,BATANG CENAKU,KUALA KILAN,Aman
INDRAGIRI HULU,BATANG CENAKU,SIPANG,Aman
INDRAGIRI HULU,BATANG CENAKU,PEJANGKI,Aman
INDRAGIRI HULU,BATANG CENAKU,LAHAI KEMUNING,Aman
INDRAGIRI HULU,BATANG CENAKU,KEPAYANG SARI,Aman
INDRAGIRI HULU,BATANG CENAKU,BATU PAPAN,Aman
INDRAGIRI HULU,BATANG CENAKU,SANGLAP,Aman
INDRAGIRI HULU,BATANG GANSAL,SIAMBUL,Aman
INDRAGIRI HULU,BATANG GANSAL,RANTAU LANGSAT,Aman
INDRAGIRI HULU,BATANG GANSAL,SUNGAI AKAR,Aman
INDRAGIRI HULU,BATANG GANSAL,USUL,Aman
INDRAGIRI HULU,BATANG GANSAL,SEBERIDA,Aman
INDRAGIRI HULU,BATANG GANSAL,TALANG LAKAT,Aman
INDRAGIRI HULU,BATANG GANSAL,BELIMBING,Aman
INDRAGIRI HULU,BATANG GANSAL,RINGIN,Aman
INDRAGIRI HULU,BATANG GANSAL,PANYAGUAN,Aman
INDRAGIRI HULU,BATANG GANSAL,DANAU RAMBAI,Bahaya
INDRAGIRI HULU,KELAYANG,PULAU SENGKILO,Aman
INDRAGIRI HULU,KELAYANG,KOTA MEDAN,Aman
INDRAGIRI HULU,KELAYANG,POLAK PISANG,Aman
INDRAGIRI HULU,KELAYANG,SIMPANG KOTA MEDAN,Aman
INDRAGIRI HULU,KELAYANG,TANJUNG BELUDU,Aman
INDRAGIRI HULU,KELAYANG,PELANGKO,Aman
INDRAGIRI HULU,KELAYANG,SIMPANG KELAYANG,Bahaya
INDRAGIRI HULU,KELAYANG,TELUK SEJUAH,Aman
INDRAGIRI HULU,KELAYANG,DUSUN TUA,Aman
INDRAGIRI HULU,KELAYANG,BONGKAL MALANG,Aman
INDRAGIRI HULU,KELAYANG,SUNGAI BANYAK IKAN,Aman
INDRAGIRI HULU,KELAYANG,SUNGAI PASIR PUTIH,Aman
INDRAGIRI HULU,KELAYANG,SUNGAI GOLANG,Aman
INDRAGIRI HULU,KELAYANG,SUNGAI KUNING BENIO,Aman
INDRAGIRI HULU,KELAYANG,PASIR BERINGIN,Aman
INDRAGIRI HULU,KELAYANG,BUKIT SELANJUT,Aman
INDRAGIRI HULU,KELAYANG,DUSUN TUA PELANG,Aman
INDRAGIRI HULU,RAKIT KULIM,KOTA BARU,Aman
INDRAGIRI HULU,RAKIT KULIM,RIMBA SEMINAI,Aman
INDRAGIRI HULU,RAKIT KULIM,KUANTAN TENANG,Aman
INDRAGIRI HULU,RAKIT KULIM,KELAYANG,Aman
INDRAGIRI HULU,RAKIT KULIM,LUBUK SITARAK,Aman
INDRAGIRI HULU,RAKIT KULIM,PETONGGAN,Aman
INDRAGIRI HULU,RAKIT KULIM,BATU SAWAR,Aman
INDRAGIRI HULU,RAKIT KULIM,TALANG SUNGAI PARIT,Aman
INDRAGIRI HULU,RAKIT KULIM,TALANG SELANTAI,Aman
INDRAGIRI HULU,RAKIT KULIM,TALANG PERIGI,Aman
INDRAGIRI HULU,RAKIT KULIM,TALANG GEDABU,Aman
INDRAGIRI HULU,RAKIT KULIM,TALANG SUNGAI LIMAU,Aman
INDRAGIRI HULU,RAKIT KULIM,TALANG DURIAN CACAR,Aman
INDRAGIRI HULU,RAKIT KULIM,TALANG TUJUH BUAH TANGGA,Aman
INDRAGIRI HULU,RAKIT KULIM,BUKIT INDAH,Aman
INDRAGIRI HULU,RAKIT KULIM,KAMPUNG BUNGA,Aman
INDRAGIRI HULU,RAKIT KULIM,TALANG PRING JAYA,Aman
INDRAGIRI HULU,RAKIT KULIM,TALANG SUNGAI EKOK,Aman
INDRAGIRI HULU,RAKIT KULIM,TALANG SUKA MAJU,Aman
INDRAGIRI HULU,PASIR PENYU,PASIR KERANJI,Aman
INDRAGIRI HULU,PASIR PENYU,AIR MOLEK I,Aman
INDRAGIRI HULU,PASIR PENYU,CANDIREJO,Bahaya
INDRAGIRI HULU,PASIR PENYU,AIR MOLEK II,Aman
INDRAGIRI HULU,PASIR PENYU,LEMBAH DUSUN GADING,Aman
INDRAGIRI HULU,PASIR PENYU,PETALONGAN,Aman
INDRAGIRI HULU,PASIR PENYU,KEMBANG HARUM,Aman
INDRAGIRI HULU,PASIR PENYU,BATU GAJAH,Aman
INDRAGIRI HULU,PASIR PENYU,JATIREJO,Aman
INDRAGIRI HULU,PASIR PENYU,SERUMPUN JAYA,Aman
INDRAGIRI HULU,PASIR PENYU,TANJUNG GADING,Aman
INDRAGIRI HULU,PASIR PENYU,SEKAR MAWAR,Aman
INDRAGIRI HULU,PASIR PENYU,TANAH MERAH,Aman
INDRAGIRI HULU,LIRIK,JAPURA,Aman
INDRAGIRI HULU,LIRIK,SIDOMULYO,Aman
INDRAGIRI HULU,LIRIK,PASIR RINGGIT,Aman
INDRAGIRI HULU,LIRIK,GUDANG BATU,Aman
INDRAGIRI HULU,LIRIK,SUNGAI SAGU,Aman
INDRAGIRI HULU,LIRIK,LIRIK AREA,Aman
INDRAGIRI HULU,LIRIK,REJOSARI,Aman
INDRAGIRI HULU,LIRIK,LAMBANG SARI V,Aman
INDRAGIRI HULU,LIRIK,LAMBANG SARI IV,Aman
INDRAGIRI HULU,LIRIK,"LAMBANG SARI I, II, III",Aman
INDRAGIRI HULU,LIRIK,WONOSARI,Aman
INDRAGIRI HULU,LIRIK,SEKO LUBUK TIGO,Aman
INDRAGIRI HULU,LIRIK,BANJAR BALAM,Aman
INDRAGIRI HULU,LIRIK,REDANG SEKO,Aman
INDRAGIRI HULU,LIRIK,SUKAJADI,Aman
INDRAGIRI HULU,LIRIK,MEKAR SARI,Aman
INDRAGIRI HULU,LIRIK,PASIR SIALANG JAYA,Aman
INDRAGIRI HULU,SUNGAI LALA,KELAWAT,Aman
INDRAGIRI HULU,SUNGAI LALA,PERKEBUNAN SUNGAI LALA,Aman
INDRAGIRI HULU,SUNGAI LALA,KUALA LALA,Aman
INDRAGIRI HULU,SUNGAI LALA,PASIR BATU MANDI,Aman
INDRAGIRI HULU,SUNGAI LALA,PASIR SELABAU,Aman
INDRAGIRI HULU,SUNGAI LALA,PASIR BONGKAL,Aman
INDRAGIRI HULU,SUNGAI LALA,PERKEBUNAN SUNGAI PARIT,Aman
INDRAGIRI HULU,SUNGAI LALA,MORONG,Aman
INDRAGIRI HULU,SUNGAI LALA,SUNGAI LALA,Aman
INDRAGIRI HULU,SUNGAI LALA,PASIR KELAMPAIAN,Aman
INDRAGIRI HULU,SUNGAI LALA,TANJUNG DANAU,Aman
INDRAGIRI HULU,SUNGAI LALA,SUNGAI AIR PUTIH,Aman
INDRAGIRI HULU,LUBUK BATU JAYA,SEI BERAS-BERAS,Aman
INDRAGIRI HULU,LUBUK BATU JAYA,SEI BEBERAS HILIR,Aman
INDRAGIRI HULU,LUBUK BATU JAYA,PONDOK GELUGUR,Aman
INDRAGIRI HULU,LUBUK BATU JAYA,RIMPIAN,Aman
INDRAGIRI HULU,LUBUK BATU JAYA,LUBUK BATU TINGGAL,Aman
INDRAGIRI HULU,LUBUK BATU JAYA,KULIM JAYA,Aman
INDRAGIRI HULU,LUBUK BATU JAYA,TASIK JUANG,Aman
INDRAGIRI HULU,LUBUK BATU JAYA,PONTIAN MEKAR,Aman
INDRAGIRI HULU,LUBUK BATU JAYA,AIR PUTIH,Aman
INDRAGIRI HULU,RENGAT BARAT,BARANGAN,Aman
INDRAGIRI HULU,RENGAT BARAT,ALANG KEPAYANG,Aman
INDRAGIRI HULU,RENGAT BARAT,DANAU BARU,Aman
INDRAGIRI HULU,RENGAT BARAT,REDANG,Aman
INDRAGIRI HULU,RENGAT BARAT,KOTA LAMA,Aman
INDRAGIRI HULU,RENGAT BARAT,SUNGAI DAWU,Aman
INDRAGIRI HULU,RENGAT BARAT,PEMATANG JAYA,Aman
INDRAGIRI HULU,RENGAT BARAT,BUKIT PETALING,Aman
INDRAGIRI HULU,RENGAT BARAT,TANAH DATAR,Aman
INDRAGIRI HULU,RENGAT BARAT,TALANG JERINJING,Aman
INDRAGIRI HULU,RENGAT BARAT,PEMATANG REBA,Aman
INDRAGIRI HULU,RENGAT BARAT,PEKAN HERAN,Aman
INDRAGIRI HULU,RENGAT BARAT,RANTAU BAKUNG,Aman
INDRAGIRI HULU,RENGAT BARAT,SIALANG DUA DAHAN,Aman
INDRAGIRI HULU,RENGAT BARAT,TANI MAKMUR,Aman
INDRAGIRI HULU,RENGAT BARAT,SUNGAI BAUNG,Aman
INDRAGIRI HULU,RENGAT BARAT,AIR JERNIH,Aman
INDRAGIRI HULU,RENGAT BARAT,DANAU TIGA,Aman
INDRAGIRI HULU,RENGAT,SUNGAI GUNTUNG TENGAH,Aman
INDRAGIRI HULU,RENGAT,SUNGAI GUNTUNG HILIR,Aman
INDRAGIRI HULU,RENGAT,KUANTAN BABU,Aman
INDRAGIRI HULU,RENGAT,KAMPUNG DAGANG,Aman
INDRAGIRI HULU,RENGAT,KAMPUNG PULAU,Aman
INDRAGIRI HULU,RENGAT,KAMPUNG BESAR KOTA,Bahaya
INDRAGIRI HULU,RENGAT,PASAR KOTA,Aman
INDRAGIRI HULU,RENGAT,SEKIP HULU,Aman
INDRAGIRI HULU,RENGAT,SEKIP HILIR,Aman
INDRAGIRI HULU,RENGAT,KAMPUNG BESAR SEBERANG,Aman
INDRAGIRI HULU,RENGAT,RANTAU MAPESAI,Aman
INDRAGIRI HULU,RENGAT,PASIR KEMILU,Aman
INDRAGIRI HULU,RENGAT,SUNGAI BERINGIN,Aman
INDRAGIRI HULU,RENGAT,PULAU GAJAH,Aman
INDRAGIRI HULU,RENGAT,SUNGAI RAYA,Aman
INDRAGIRI HULU,RENGAT,RAWA BANGUN,Aman
INDRAGIRI HULU,KUALA CENAKU,KUALA CENAKU,Aman
INDRAGIRI HULU,KUALA CENAKU,TAMBAK,Aman
INDRAGIRI HULU,KUALA CENAKU,PULAU GELANG,Aman
INDRAGIRI HULU,KUALA CENAKU,KUALA MULYA,Aman
INDRAGIRI HULU,KUALA CENAKU,TANJUNG SARI,Aman
INDRAGIRI HULU,KUALA CENAKU,RAWA SEKIP,Aman
INDRAGIRI HULU,KUALA CENAKU,RAWA ASRI,Aman
INDRAGIRI HULU,KUALA CENAKU,PULAU JUM'AT,Aman
INDRAGIRI HULU,KUALA CENAKU,SUKA JADI,Aman
INDRAGIRI HULU,KUALA CENAKU,TELUK SUNGKAI,Aman
INDRAGIRI HILIR,KERITANG,KOTABARU RETEH,Aman
INDRAGIRI HILIR,KERITANG,SEBERANG PEBENAAN,Aman
INDRAGIRI HILIR,KERITANG,PEBENAAN,Aman
INDRAGIRI HILIR,KERITANG,NUSANTARA JAYA,Aman
INDRAGIRI HILIR,KERITANG,KEMBANG MEKAR SARI,Aman
INDRAGIRI HILIR,KERITANG,KOTABARU SEBERIDA,Aman
INDRAGIRI HILIR,KERITANG,PASAR KEMBANG,Aman
INDRAGIRI HILIR,KERITANG,KUALA KERITANG,Aman
INDRAGIRI HILIR,KERITANG,KUALA LEMANG,Aman
INDRAGIRI HILIR,KERITANG,TELUK KELASA,Aman
INDRAGIRI HILIR,KERITANG,PENGALIHAN,Aman
INDRAGIRI HILIR,KERITANG,PANCUR,Aman
INDRAGIRI HILIR,KERITANG,SENCALANG,Bahaya
INDRAGIRI HILIR,KERITANG,KAYU RAJA,Aman
INDRAGIRI HILIR,KERITANG,LINTAS UTARA,Aman
INDRAGIRI HILIR,KERITANG,NYIUR PERMAI,Aman
INDRAGIRI HILIR,KERITANG,PETALONGAN,Aman
INDRAGIRI HILIR,KEMUNING,SELENSEN,Aman
INDRAGIRI HILIR,KEMUNING,BATU AMPAR,Aman
INDRAGIRI HILIR,KEMUNING,KERITANG,Aman
INDRAGIRI HILIR,KEMUNING,AIR BALUI,Aman
INDRAGIRI HILIR,KEMUNING,TUK JIMUN,Aman
INDRAGIRI HILIR,KEMUNING,KEMUNING MUDA,Aman
INDRAGIRI HILIR,KEMUNING,KEMUNING TUA,Aman
INDRAGIRI HILIR,KEMUNING,SEKARA,Aman
INDRAGIRI HILIR,KEMUNING,LIMAU MANIS,Aman
INDRAGIRI HILIR,KEMUNING,TALANG JANGKANG,Aman
INDRAGIRI HILIR,KEMUNING,LUBUK BESAR,Aman
INDRAGIRI HILIR,KEMUNING,SEKAYAN,Aman
INDRAGIRI HILIR,RETEH,SANGLAR,Aman
INDRAGIRI HILIR,RETEH,PULAU KECIL,Aman
INDRAGIRI HILIR,RETEH,PULAU KIJANG,Bahaya
INDRAGIRI HILIR,RETEH,SUNGAI UNDAN,Aman
INDRAGIRI HILIR,RETEH,SUNGAI TERAB,Aman
INDRAGIRI HILIR,RETEH,SEBERANG SANGLAR,Aman
INDRAGIRI HILIR,RETEH,MEKAR SARI,Aman
INDRAGIRI HILIR,RETEH,SEBERANG PULAU KIJANG,Aman
INDRAGIRI HILIR,RETEH,SUNGAI ASAM,Aman
INDRAGIRI HILIR,RETEH,PULAU RUKU,Aman
INDRAGIRI HILIR,RETEH,METRO,Aman
INDRAGIRI HILIR,RETEH,MADANI,Aman
INDRAGIRI HILIR,RETEH,TANJUNG LABUH,Aman
INDRAGIRI HILIR,RETEH,SUNGAI MAHANG,Aman
INDRAGIRI HILIR,SUNGAI BATANG,KUALA PATAH PARANG,Aman
INDRAGIRI HILIR,SUNGAI BATANG,KUALA SUNGAI BATANG,Aman
INDRAGIRI HILIR,SUNGAI BATANG,PASENGGERAHAN,Aman
INDRAGIRI HILIR,SUNGAI BATANG,BENTENG,Aman
INDRAGIRI HILIR,SUNGAI BATANG,BENTENG BARAT,Aman
INDRAGIRI HILIR,SUNGAI BATANG,BENTENG UTARA,Aman
INDRAGIRI HILIR,SUNGAI BATANG,PANDAN SARI,Aman
INDRAGIRI HILIR,SUNGAI BATANG,MUGO MULYO,Aman
INDRAGIRI HILIR,ENOK,BAGAN JAYA,Aman
INDRAGIRI HILIR,ENOK,SUHADA,Aman
INDRAGIRI HILIR,ENOK,SUNGAI RUKAM,Aman
INDRAGIRI HILIR,ENOK,PENGALIHAN,Aman
INDRAGIRI HILIR,ENOK,SUNGAI AMBAT,Aman
INDRAGIRI HILIR,ENOK,PUSARAN,Aman
INDRAGIRI HILIR,ENOK,ENOK,Aman
INDRAGIRI HILIR,ENOK,TELUK MEDAN,Aman
INDRAGIRI HILIR,ENOK,RANTAU PANJANG,Aman
INDRAGIRI HILIR,ENOK,SIMPANG TIGA,Aman
INDRAGIRI HILIR,ENOK,JAYA BHAKTI,Aman
INDRAGIRI HILIR,ENOK,SUNGAI LOKAN,Aman
INDRAGIRI HILIR,ENOK,PANTAI SEBERANG MAKMUR,Aman
INDRAGIRI HILIR,ENOK,SIMPANG TIGA DARATAN,Aman
INDRAGIRI HILIR,TANAH MERAH,SUNGAI NYIUR,Aman
INDRAGIRI HILIR,TANAH MERAH,SELAT NAMA,Aman
INDRAGIRI HILIR,TANAH MERAH,KUALA ENOK,Aman
INDRAGIRI HILIR,TANAH MERAH,SUNGAI LAUT,Aman
INDRAGIRI HILIR,TANAH MERAH,TANJUNG PASIR,Aman
INDRAGIRI HILIR,TANAH MERAH,TANAH MERAH,Aman
INDRAGIRI HILIR,TANAH MERAH,TANJUNG BARU,Aman
INDRAGIRI HILIR,TANAH MERAH,TEKULAI HULU,Aman
INDRAGIRI HILIR,TANAH MERAH,TEKULAI HILIR,Aman
INDRAGIRI HILIR,TANAH MERAH,TEKULAI BUGIS,Aman
INDRAGIRI HILIR,KUALA INDRAGIRI,TANJUNG LAJAU,Aman
INDRAGIRI HILIR,KUALA INDRAGIRI,SUNGAI BULUH,Aman
INDRAGIRI HILIR,KUALA INDRAGIRI,SUNGAI BELA,Aman
INDRAGIRI HILIR,KUALA INDRAGIRI,PERIGI RAJA,Aman
INDRAGIRI HILIR,KUALA INDRAGIRI,SAPAT,Aman
INDRAGIRI HILIR,KUALA INDRAGIRI,TELUK DALAM,Aman
INDRAGIRI HILIR,KUALA INDRAGIRI,SUNGAI PIYAI,Aman
INDRAGIRI HILIR,KUALA INDRAGIRI,TANJUNG MELAYU,Aman
INDRAGIRI HILIR,CONCONG,CONCONG LUAR,Aman
INDRAGIRI HILIR,CONCONG,KAMPUNG BARU,Aman
INDRAGIRI HILIR,CONCONG,CONCONG TENGAH,Aman
INDRAGIRI HILIR,CONCONG,CONCONG DALAM,Aman
INDRAGIRI HILIR,CONCONG,SUNGAI BERAPIT,Aman
INDRAGIRI HILIR,CONCONG,PANGLIMA RAJA,Aman
INDRAGIRI HILIR,TEMBILAHAN,SEBERANG TEMBILAHAN,Bahaya
INDRAGIRI HILIR,TEMBILAHAN,SUNGAI PERAK,Aman
INDRAGIRI HILIR,TEMBILAHAN,TEMBILAHAN HILIR,Bahaya
INDRAGIRI HILIR,TEMBILAHAN,TEMBILAHAN KOTA,Bahaya
INDRAGIRI HILIR,TEMBILAHAN,PEKAN ARBA,Bahaya
INDRAGIRI HILIR,TEMBILAHAN,SUNGAI BERINGIN,Bahaya
INDRAGIRI HILIR,TEMBILAHAN,"SEBERANG TEMBILAHAN
BARAT",Aman
INDRAGIRI HILIR,TEMBILAHAN,"SEBERANG TEMBILAHAN
SELATAN",Aman
INDRAGIRI HILIR,TEMBILAHAN,PULAU PALAS,Aman
INDRAGIRI HILIR,TEMBILAHAN HULU,TEMBILAHAN HULU,Bahaya
INDRAGIRI HILIR,TEMBILAHAN HULU,SIALANG PANJANG,Aman
INDRAGIRI HILIR,TEMBILAHAN HULU,PEKAN KAMIS,Aman
INDRAGIRI HILIR,TEMBILAHAN HULU,SUNGAI INTAN,Aman
INDRAGIRI HILIR,TEMBILAHAN HULU,TEMBILAHAN BARAT,Aman
INDRAGIRI HILIR,TEMBILAHAN HULU,TEMBILAHAN SELATAN,Aman
INDRAGIRI HILIR,TEMPULING,TEMPULING,Aman
INDRAGIRI HILIR,TEMPULING,SUNGAI SALAK,Aman
INDRAGIRI HILIR,TEMPULING,TELUK JIRA,Aman
INDRAGIRI HILIR,TEMPULING,MUMPA,Aman
INDRAGIRI HILIR,TEMPULING,TELUK KIAMBANG,Aman
INDRAGIRI HILIR,TEMPULING,KARYA TUNAS JAYA,Aman
INDRAGIRI HILIR,TEMPULING,HARAPAN JAYA,Aman
INDRAGIRI HILIR,TEMPULING,TANJUNG PIDADA,Aman
INDRAGIRI HILIR,TEMPULING,PANGKALAN TUJUH,Aman
INDRAGIRI HILIR,KEMPAS,BAYAS JAYA,Aman
INDRAGIRI HILIR,KEMPAS,PEKAN TUA,Aman
INDRAGIRI HILIR,KEMPAS,KEMPAS JAYA,Aman
INDRAGIRI HILIR,KEMPAS,SUNGAI ARA,Aman
INDRAGIRI HILIR,KEMPAS,HARAPAN TANI,Aman
INDRAGIRI HILIR,KEMPAS,KARYA TANI,Aman
INDRAGIRI HILIR,KEMPAS,RUMBAI JAYA,Aman
INDRAGIRI HILIR,KEMPAS,SUNGAI GANTANG,Aman
INDRAGIRI HILIR,KEMPAS,SUNGAI RABIT,Aman
INDRAGIRI HILIR,KEMPAS,KERTA JAYA,Aman
INDRAGIRI HILIR,KEMPAS,KULIM JAYA,Aman
INDRAGIRI HILIR,KEMPAS,DANAU PULAI INDAH,Aman
INDRAGIRI HILIR,BATANG TUAKA,KUALA SEBATU,Aman
INDRAGIRI HILIR,BATANG TUAKA,SUNGAI RAYA,Aman
INDRAGIRI HILIR,BATANG TUAKA,SUNGAI JUNJANGAN,Aman
INDRAGIRI HILIR,BATANG TUAKA,SUNGAI LUAR,Aman
INDRAGIRI HILIR,BATANG TUAKA,SUNGAI DUSUN,Aman
INDRAGIRI HILIR,BATANG TUAKA,SUNGAI PIRING,Aman
INDRAGIRI HILIR,BATANG TUAKA,TANJUNG SIANTAR,Aman
INDRAGIRI HILIR,BATANG TUAKA,SUNGAI RAWA,Aman
INDRAGIRI HILIR,BATANG TUAKA,SIALANG JAYA,Aman
INDRAGIRI HILIR,BATANG TUAKA,GEMILANG JAYA,Aman
INDRAGIRI HILIR,BATANG TUAKA,TASIK RAYA,Aman
INDRAGIRI HILIR,BATANG TUAKA,PASIR EMAS,Aman
INDRAGIRI HILIR,BATANG TUAKA,SIMPANG JAYA,Aman
INDRAGIRI HILIR,GAUNG ANAK SERKA,RAMBAIAN,Aman
INDRAGIRI HILIR,GAUNG ANAK SERKA,SUNGAI EMPAT,Aman
INDRAGIRI HILIR,GAUNG ANAK SERKA,TELUK TUASAN,Aman
INDRAGIRI HILIR,GAUNG ANAK SERKA,SUNGAI ILIRAN,Aman
INDRAGIRI HILIR,GAUNG ANAK SERKA,TELUK SUNGKA,Aman
INDRAGIRI HILIR,GAUNG ANAK SERKA,TELUK PANTAIAN,Aman
INDRAGIRI HILIR,GAUNG ANAK SERKA,TELUK PINANG,Aman
INDRAGIRI HILIR,GAUNG ANAK SERKA,KUALA GAUNG,Aman
INDRAGIRI HILIR,GAUNG ANAK SERKA,KELUMPANG,Aman
INDRAGIRI HILIR,GAUNG ANAK SERKA,IDAMAN,Aman
INDRAGIRI HILIR,GAUNG ANAK SERKA,HARAPAN MAKMUR,Aman
INDRAGIRI HILIR,GAUNG ANAK SERKA,TANJUNG HARAPAN,Aman
INDRAGIRI HILIR,GAUNG,TELUK KABUNG,Aman
INDRAGIRI HILIR,GAUNG,SIMPANG GAUNG,Aman
INDRAGIRI HILIR,GAUNG,PUNGKAT,Aman
INDRAGIRI HILIR,GAUNG,BELANTARAYA,Aman
INDRAGIRI HILIR,GAUNG,JERAMBANG,Aman
INDRAGIRI HILIR,GAUNG,SUNGAI BARU,Aman
INDRAGIRI HILIR,GAUNG,LAHANG BARU,Aman
INDRAGIRI HILIR,GAUNG,KUALA LAHANG,Aman
INDRAGIRI HILIR,GAUNG,LAHANG TENGAH,Aman
INDRAGIRI HILIR,GAUNG,LAHANG HULU,Aman
INDRAGIRI HILIR,GAUNG,TERUSAN KEMPAS,Aman
INDRAGIRI HILIR,GAUNG,GEMBIRA,Aman
INDRAGIRI HILIR,GAUNG,SEMAMBU KUNING,Aman
INDRAGIRI HILIR,GAUNG,PINTASAN,Aman
INDRAGIRI HILIR,GAUNG,SOREN,Aman
INDRAGIRI HILIR,GAUNG,TELUK MERBAU,Aman
INDRAGIRI HILIR,MANDAH,PULAU CAWAN,Aman
INDRAGIRI HILIR,MANDAH,BATANG TUMU,Aman
INDRAGIRI HILIR,MANDAH,BAKAU ACEH,Aman
INDRAGIRI HILIR,MANDAH,PELANDUK,Aman
INDRAGIRI HILIR,MANDAH,IGAL,Aman
INDRAGIRI HILIR,MANDAH,KHAIRIAH MANDAH,Aman
INDRAGIRI HILIR,MANDAH,BENTE,Aman
INDRAGIRI HILIR,MANDAH,BELARAS,Aman
INDRAGIRI HILIR,MANDAH,BEKAWAN,Aman
INDRAGIRI HILIR,MANDAH,BANTAYAN,Aman
INDRAGIRI HILIR,MANDAH,BOLAK RAYA,Aman
INDRAGIRI HILIR,MANDAH,BATANG SARI,Aman
INDRAGIRI HILIR,MANDAH,SEPAKAT JAYA,Aman
INDRAGIRI HILIR,MANDAH,SURAYYA MANDIRI,Aman
INDRAGIRI HILIR,MANDAH,CAHAYA BARU,Aman
INDRAGIRI HILIR,MANDAH,BELARAS BARAT,Aman
INDRAGIRI HILIR,MANDAH,BIDARI TANJUNG DATUK,Aman
INDRAGIRI HILIR,KATEMAN,SUNGAI SIMBAR,Aman
INDRAGIRI HILIR,KATEMAN,KUALA SELAT,Aman
INDRAGIRI HILIR,KATEMAN,PENJURU,Aman
INDRAGIRI HILIR,KATEMAN,TAGARAJA,Bahaya
INDRAGIRI HILIR,KATEMAN,SARI MULYA,Aman
INDRAGIRI HILIR,KATEMAN,AIR TAWAR,Aman
INDRAGIRI HILIR,KATEMAN,TANJUNG RAJA,Aman
INDRAGIRI HILIR,KATEMAN,SUNGAI TERITIP,Aman
INDRAGIRI HILIR,KATEMAN,MAKMUR JAYA,Aman
INDRAGIRI HILIR,KATEMAN,AMAL BAKTI,Aman
INDRAGIRI HILIR,KATEMAN,BANDAR SRI GEMILANG,Aman
INDRAGIRI HILIR,PELANGIRAN,TANJUNG SIMPANG,Aman
INDRAGIRI HILIR,PELANGIRAN,SIMPANG KATEMAN,Aman
INDRAGIRI HILIR,PELANGIRAN,PELANGIRAN,Aman
INDRAGIRI HILIR,PELANGIRAN,ROTAN SEMELUR,Aman
INDRAGIRI HILIR,PELANGIRAN,BAUNG REJO JAYA,Aman
INDRAGIRI HILIR,PELANGIRAN,TAGAGIRI TAMA JAYA,Aman
INDRAGIRI HILIR,PELANGIRAN,PINANG JAYA,Aman
INDRAGIRI HILIR,PELANGIRAN,WONOSARI,Aman
INDRAGIRI HILIR,PELANGIRAN,TEGAL REJO JAYA,Aman
INDRAGIRI HILIR,PELANGIRAN,INTAN MULYA JAYA,Aman
INDRAGIRI HILIR,PELANGIRAN,SAKA PALAS JAYA,Aman
INDRAGIRI HILIR,PELANGIRAN,CATUR KARYA,Aman
INDRAGIRI HILIR,PELANGIRAN,BAGAN JAYA,Aman
INDRAGIRI HILIR,PELANGIRAN,TELUK BUNIAN,Aman
INDRAGIRI HILIR,PELANGIRAN,HIDAYAH,Aman
INDRAGIRI HILIR,PELANGIRAN,TERUSAN BERINGIN JAYA,Aman
INDRAGIRI HILIR,PULAU BURUNG,PULAU BURUNG,bahaya
INDRAGIRI HILIR,PULAU BURUNG,RINGIN JAYA,Aman
INDRAGIRI HILIR,PULAU BURUNG,MAYANG SARI JAYA,Aman
INDRAGIRI HILIR,PULAU BURUNG,BUKIT SARI INTAN JAYA,Aman
INDRAGIRI HILIR,PULAU BURUNG,MANUNGGAL JAYA,Aman
INDRAGIRI HILIR,PULAU BURUNG,TELUK NIBUNG,Aman
INDRAGIRI HILIR,PULAU BURUNG,SUNGAI DANAI,Aman
INDRAGIRI HILIR,PULAU BURUNG,SRI DANAI,Aman
INDRAGIRI HILIR,PULAU BURUNG,SAPTA JAYA,Aman
INDRAGIRI HILIR,PULAU BURUNG,KERAMAT JAYA,Aman
INDRAGIRI HILIR,PULAU BURUNG,SUKA JAYA,Aman
INDRAGIRI HILIR,PULAU BURUNG,BINANGUN JAYA,Aman
INDRAGIRI HILIR,PULAU BURUNG,SUKOHARJO JAYA,Aman
INDRAGIRI HILIR,TELUK BELENGKONG,GRIYA MUKTI JAYA,Aman
INDRAGIRI HILIR,TELUK BELENGKONG,TUNGGAL RAHAYU JAYA,Aman
INDRAGIRI HILIR,TELUK BELENGKONG,HIBRIDA MULYA,Aman
INDRAGIRI HILIR,TELUK BELENGKONG,BERINGIN MULYA,Aman
INDRAGIRI HILIR,TELUK BELENGKONG,INDRA SARI JAYA,Aman
INDRAGIRI HILIR,TELUK BELENGKONG,SUMBER MAKMUR JAYA,Aman
INDRAGIRI HILIR,TELUK BELENGKONG,SUMBER JAYA,Aman
INDRAGIRI HILIR,TELUK BELENGKONG,HIBRIDA JAYA,Aman
INDRAGIRI HILIR,TELUK BELENGKONG,SUMBER SARI JAYA,Aman
INDRAGIRI HILIR,TELUK BELENGKONG,KELAPA PATIH JAYA,Aman
INDRAGIRI HILIR,TELUK BELENGKONG,SAPTA MULYA JAYA,Aman
INDRAGIRI HILIR,TELUK BELENGKONG,GEMBARAN,Aman
INDRAGIRI HILIR,TELUK BELENGKONG,SAKA ROTAN,Aman
PELALAWAN,LANGGAM,SEGATI,Aman
PELALAWAN,LANGGAM,SOTOL,Aman
PELALAWAN,LANGGAM,TAMBAK,Aman
PELALAWAN,LANGGAM,LANGKAN,Aman
PELALAWAN,LANGGAM,PANGKALAN GONDAI,Aman
PELALAWAN,LANGGAM,PENARIKAN,Aman
PELALAWAN,LANGGAM,LANGGAM,Aman
PELALAWAN,LANGGAM,PADANG LUAS,Aman
PELALAWAN,PANGKALAN KERINCI,RANTAU BARU,Aman
PELALAWAN,PANGKALAN KERINCI,KUALA TERUSAN,Aman
PELALAWAN,PANGKALAN KERINCI,PANGKALAN KERINCI KOTA,Aman
PELALAWAN,PANGKALAN KERINCI,MEKAR JAYA,Aman
PELALAWAN,PANGKALAN KERINCI,MAKMUR,Aman
PELALAWAN,PANGKALAN KERINCI,PANGKALAN KERINCI BARAT,Aman
PELALAWAN,PANGKALAN KERINCI,PANGKALAN KERINCI TIMUR,Siaga
PELALAWAN,BANDAR SEIKIJANG,SIMPANG BERINGIN,Aman
PELALAWAN,BANDAR SEIKIJANG,SEKIJANG,Aman
PELALAWAN,BANDAR SEIKIJANG,LUBUK OGUNG,Aman
PELALAWAN,BANDAR SEIKIJANG,MUDA SETIA,Aman
PELALAWAN,BANDAR SEIKIJANG,KIYAP JAYA,Aman
PELALAWAN,PANGKALAN KURAS,TANJUNG BERINGIN,Aman
PELALAWAN,PANGKALAN KURAS,TALAU,Aman
PELALAWAN,PANGKALAN KURAS,KESUMA,Aman
PELALAWAN,PANGKALAN KURAS,BETUNG,Aman
PELALAWAN,PANGKALAN KURAS,SOREK SATU,Aman
PELALAWAN,PANGKALAN KURAS,SOREK DUA,Aman
PELALAWAN,PANGKALAN KURAS,DUNDANGAN,Aman
PELALAWAN,PANGKALAN KURAS,SURYA INDAH,Aman
PELALAWAN,PANGKALAN KURAS,BERINGIN INDAH,Aman
PELALAWAN,PANGKALAN KURAS,SIALANG INDAH,Aman
PELALAWAN,PANGKALAN KURAS,TERANTANG MANUK,Siaga
PELALAWAN,PANGKALAN KURAS,PALAS,Aman
PELALAWAN,PANGKALAN KURAS,HARAPAN JAYA,Aman
PELALAWAN,PANGKALAN KURAS,MERANTI,Aman
PELALAWAN,PANGKALAN KURAS,KEMANG,Aman
PELALAWAN,PANGKALAN KURAS,BATANG KULIM,Aman
PELALAWAN,PANGKALAN KURAS,SIDO MUKTI,Aman
PELALAWAN,UKUI,SILIKUAN HULU,Aman
PELALAWAN,UKUI,LUBUK KEMBANG SARI,Siaga
PELALAWAN,UKUI,LUBUK KEMBANG BUNGA,Aman
PELALAWAN,UKUI,AIR HITAM,Aman
PELALAWAN,UKUI,KAMPUNG BARU,Aman
PELALAWAN,UKUI,UKUI SATU,Aman
PELALAWAN,UKUI,UKUI DUA,Aman
PELALAWAN,UKUI,BUKIT GAJAH,Aman
PELALAWAN,UKUI,BUKIT JAYA,Aman
PELALAWAN,UKUI,AIR EMAS,Aman
PELALAWAN,UKUI,TRI MULYA JAYA,Aman
PELALAWAN,UKUI,BAGAN LIMAU,Aman
PELALAWAN,PANGKALAN LESUNG,GENDUANG,Aman
PELALAWAN,PANGKALAN LESUNG,RAWANG SARI,Aman
PELALAWAN,PANGKALAN LESUNG,SARI MAKMUR,Aman
PELALAWAN,PANGKALAN LESUNG,MULIA SUBUR,Aman
PELALAWAN,PANGKALAN LESUNG,MAYANG SARI,Aman
PELALAWAN,PANGKALAN LESUNG,SARI MULYA,Aman
PELALAWAN,PANGKALAN LESUNG,DUSUN TUA,Aman
PELALAWAN,PANGKALAN LESUNG,PANGKALAN LESUNG,Aman
PELALAWAN,PANGKALAN LESUNG,TANJUNG KUYO,Aman
PELALAWAN,PANGKALAN LESUNG,PESAGUAN,Aman
PELALAWAN,BUNUT,MERBAU,Aman
PELALAWAN,BUNUT,PETANI,Aman
PELALAWAN,BUNUT,PANGKALAN BUNUT,Aman
PELALAWAN,BUNUT,LUBUK MAS,Aman
PELALAWAN,BUNUT,BALAM MERAH,Aman
PELALAWAN,BUNUT,BAGAN LAGUH,Aman
PELALAWAN,BUNUT,SUNGAI BULUH,Aman
PELALAWAN,BUNUT,LUBUK MANDIAN GAJAH,Aman
PELALAWAN,BUNUT,KERIUNG,Aman
PELALAWAN,BUNUT,SIALANG KAYU BATU,Aman
PELALAWAN,PELALAWAN,SUNGAI ARA,Aman
PELALAWAN,PELALAWAN,RANSANG,Aman
PELALAWAN,PELALAWAN,KUALA TOLAM,Aman
PELALAWAN,PELALAWAN,PELALAWAN,Aman
PELALAWAN,PELALAWAN,TELAYAP,Aman
PELALAWAN,PELALAWAN,BATANG NILO KECIL,Aman
PELALAWAN,PELALAWAN,SERING,Aman
PELALAWAN,PELALAWAN,DELIK,Aman
PELALAWAN,PELALAWAN,LALANG KABUNG,Aman
PELALAWAN,BANDAR PETALANGAN,KUALA SEMUNDAM,Aman
PELALAWAN,BANDAR PETALANGAN,RAWANG EMPAT,Aman
PELALAWAN,BANDAR PETALANGAN,TAMBUN,Aman
PELALAWAN,BANDAR PETALANGAN,TERBANGIANG,Aman
PELALAWAN,BANDAR PETALANGAN,LUBUK TERAP,Aman
PELALAWAN,BANDAR PETALANGAN,ANGKASA,Aman
PELALAWAN,BANDAR PETALANGAN,SIALANG GODANG,Aman
PELALAWAN,BANDAR PETALANGAN,LUBUK RAJA,Aman
PELALAWAN,BANDAR PETALANGAN,LUBUK KERANJI TIMUR,Aman
PELALAWAN,BANDAR PETALANGAN,SIALANG BUNGKUK,Aman
PELALAWAN,BANDAR PETALANGAN,AIR TERJUN,Aman
PELALAWAN,KUALA KAMPAR,SERAPUNG,Aman
PELALAWAN,KUALA KAMPAR,TELUK,Aman
PELALAWAN,KUALA KAMPAR,TELUK DALAM,Aman
PELALAWAN,KUALA KAMPAR,SOKOI,Aman
PELALAWAN,KUALA KAMPAR,TANJUNG SUM,Aman
PELALAWAN,KUALA KAMPAR,SUNGAI SOLOK,Aman
PELALAWAN,KUALA KAMPAR,SUNGAI UPIH,Aman
PELALAWAN,KUALA KAMPAR,TELUK BERINGIN,Aman
PELALAWAN,KUALA KAMPAR,SUNGAI EMAS,Aman
PELALAWAN,KUALA KAMPAR,TELUK BAKAU,Aman
PELALAWAN,KERUMUTAN,BUKIT LEMBAH SUBUR,Aman
PELALAWAN,KERUMUTAN,BANJAR PANJANG,Aman
PELALAWAN,KERUMUTAN,KERUMUTAN,Aman
PELALAWAN,KERUMUTAN,BERINGIN MAKMUR,Aman
PELALAWAN,KERUMUTAN,PEMATANG TINGGI,Aman
PELALAWAN,KERUMUTAN,PANGKALAN TAMPOI,Aman
PELALAWAN,KERUMUTAN,PANGKALAN PANDUK,Aman
PELALAWAN,KERUMUTAN,TANJUNG AIR HITAM,Aman
PELALAWAN,KERUMUTAN,MAK TEDUH,Aman
PELALAWAN,KERUMUTAN,LIPAI BULAN,Aman
PELALAWAN,TELUK MERANTI,KUALA PANDUK,Aman
PELALAWAN,TELUK MERANTI,PETODAAN,Aman
PELALAWAN,TELUK MERANTI,TELUK MERANTI,Aman
PELALAWAN,TELUK MERANTI,PULAU MUDA,Aman
PELALAWAN,TELUK MERANTI,PANGKALAN TERAP,Aman
PELALAWAN,TELUK MERANTI,TELUK BINJAI,Aman
PELALAWAN,TELUK MERANTI,GAMBUT MUTIARA,Aman
PELALAWAN,TELUK MERANTI,LABUHAN BILIK,Aman
PELALAWAN,TELUK MERANTI,SEGAMAI,Aman
SIAK,MINAS,MANDI ANGIN,Aman
SIAK,MINAS,MINAS BARAT,Aman
SIAK,MINAS,RANTAU BERTUAH,Aman
SIAK,MINAS,MINAS TIMUR,Aman
SIAK,MINAS,MINAS JAYA,Aman
SIAK,SUNGAI MANDAU,LUBUK UMBUT,Aman
SIAK,SUNGAI MANDAU,SUNGAI SELODANG,Aman
SIAK,SUNGAI MANDAU,TELUK LANCANG,Aman
SIAK,SUNGAI MANDAU,OLAK,Aman
SIAK,SUNGAI MANDAU,MUARA KELANTAN,Aman
SIAK,SUNGAI MANDAU,LUBUK JERING,Aman
SIAK,SUNGAI MANDAU,MUARA BUNGKAL,Aman
SIAK,SUNGAI MANDAU,BENCAH UMBAI,Aman
SIAK,SUNGAI MANDAU,TASIK BETUNG,Aman
SIAK,KANDIS,TELAGA SAM SAM,Aman
SIAK,KANDIS,SAM SAM,Aman
SIAK,KANDIS,"KANDIS KOTA / DESA SURYA
MINANG",Bahaya
SIAK,KANDIS,KANDIS,Aman
SIAK,KANDIS,SIMPANG BELUTU,Aman
SIAK,KANDIS,BELUTU,Aman
SIAK,KANDIS,BEKALAR,Aman
SIAK,KANDIS,JAMBAI MAKMUR,Aman
SIAK,KANDIS,PENCING BEKULO,Aman
SIAK,KANDIS,SUNGAI GONDANG,Aman
SIAK,KANDIS,LIBO JAYA,Aman
SIAK,SIAK,LANGKAI,Aman
SIAK,SIAK,KAMPUNG DALAM,Aman
SIAK,SIAK,KAMPUNG REMPAK,Aman
SIAK,SIAK,TUMANG,Aman
SIAK,SIAK,MEREMPAN HULU,Aman
SIAK,SIAK,RAWANG AIR PUTIH,Aman
SIAK,SIAK,SUAK LANJUT,Aman
SIAK,SIAK,BUANTAN BESAR,Aman
SIAK,KERINCI KANAN,KERINCI KIRI,Aman
SIAK,KERINCI KANAN,BUKIT AGUNG,Aman
SIAK,KERINCI KANAN,KUMBARA UTAMA,Aman
SIAK,KERINCI KANAN,BUKIT HARAPAN,Aman
SIAK,KERINCI KANAN,BUANA BHAKTI,Aman
SIAK,KERINCI KANAN,KERINCI KANAN,Aman
SIAK,KERINCI KANAN,SIMPANG PERAK JAYA,Aman
SIAK,KERINCI KANAN,GABUNG MAKMUR,Aman
SIAK,KERINCI KANAN,JATI MULIA,Aman
SIAK,KERINCI KANAN,BUATAN BARU,Aman
SIAK,KERINCI KANAN,SEMINAI,Aman
SIAK,KERINCI KANAN,DELIMA JAYA,Aman
SIAK,TUALANG,MEREDAN,Aman
SIAK,TUALANG,TUALANG,Aman
SIAK,TUALANG,PINANG SEBATANG,Aman
SIAK,TUALANG,MEREDAN BARAT,Aman
SIAK,TUALANG,PINANG SEBATANG BARAT,Aman
SIAK,TUALANG,PINANG SEBATANG TIMUR,Aman
SIAK,TUALANG,PERAWANG BARAT,Aman
SIAK,TUALANG,"PERAWANG / DESA INDAH
KASA",Bahaya
SIAK,TUALANG,TUALANG TIMUR,Aman
SIAK,DAYUN,SUKA MULIA,Aman
SIAK,DAYUN,BUANA MAKMUR,Aman
SIAK,DAYUN,PANGKALAN MAKMUR,Aman
SIAK,DAYUN,BANJAR SEMINAI,Aman
SIAK,DAYUN,TELUK MERBAU,Aman
SIAK,DAYUN,SAWIT PERMAI,Aman
SIAK,DAYUN,SIALANG SAKTI,Aman
SIAK,DAYUN,MERANGKAI,Aman
SIAK,DAYUN,BERUMBUNG BARU,Aman
SIAK,DAYUN,LUBUK TILAN,Aman
SIAK,DAYUN,DAYUN,Aman
SIAK,LUBUK DALAM,EMPANG BARU,Aman
SIAK,LUBUK DALAM,SIALANG PALAS,Aman
SIAK,LUBUK DALAM,SIALANG BARU,Aman
SIAK,LUBUK DALAM,LUBUK DALAM,Aman
SIAK,LUBUK DALAM,RAWANG KAO,Aman
SIAK,LUBUK DALAM,SRI GADING,Aman
SIAK,LUBUK DALAM,RAWANG KAO BARAT,Aman
SIAK,KOTO GASIB,KUALA GASIB,Aman
SIAK,KOTO GASIB,TELUK RIMBA,Aman
SIAK,KOTO GASIB,PANGKALAN PISANG,Aman
SIAK,KOTO GASIB,KERANJI GUGUH,Aman
SIAK,KOTO GASIB,EMPANG PANDAN,Aman
SIAK,KOTO GASIB,SENGKEMANG,Aman
SIAK,KOTO GASIB,RANTAU PANJANG,Aman
SIAK,KOTO GASIB,BUATAN II,Aman
SIAK,KOTO GASIB,BUATAN I,Aman
SIAK,KOTO GASIB,SRI GEMILANG,Aman
SIAK,KOTO GASIB,TASIK SEMINAI,Aman
SIAK,MEMPURA,MEREMPAN HILIR,Aman
SIAK,MEMPURA,SUNGAI MEMPURA,Aman
SIAK,MEMPURA,KAMPUNG TENGAH,Aman
SIAK,MEMPURA,BENTENG HULU,Aman
SIAK,MEMPURA,BENTENG HILIR,Aman
SIAK,MEMPURA,PALUH,Aman
SIAK,MEMPURA,KOTA RINGIN,Aman
SIAK,MEMPURA,TELUK MEREMPAN,Aman
SIAK,SUNGAI APIT,TELUK MESJID,Aman
SIAK,SUNGAI APIT,PARITI/II,Aman
SIAK,SUNGAI APIT,SUNGAI APIT,Aman
SIAK,SUNGAI APIT,TANJUNG KURAS,Aman
SIAK,SUNGAI APIT,SUNGAI KAYU ARA,Aman
SIAK,SUNGAI APIT,LALANG,Aman
SIAK,SUNGAI APIT,MENGKAPAN,Aman
SIAK,SUNGAI APIT,SUNGAI RAWA,Aman
SIAK,SUNGAI APIT,PENYENGAT,Aman
SIAK,SUNGAI APIT,TELUK LANUS,Aman
SIAK,SUNGAI APIT,HARAPAN,Aman
SIAK,SUNGAI APIT,TELUK BATIL,Aman
SIAK,SUNGAI APIT,BUNSUR,Aman
SIAK,SUNGAI APIT,KAYU ARA PERMAI,Aman
SIAK,SUNGAI APIT,RAWA MEKAR JAYA,Aman
SIAK,BUNGA RAYA,JAYA PURA,Aman
SIAK,BUNGA RAYA,BUNGA RAYA,Aman
SIAK,BUNGA RAYA,JATI BARU,Aman
SIAK,BUNGA RAYA,BUANTAN LESTARI,Aman
SIAK,BUNGA RAYA,TUAH INDRAPURA,Aman
SIAK,BUNGA RAYA,KEMUNING MUDA,Aman
SIAK,BUNGA RAYA,LANGSAT PERMAI,Aman
SIAK,BUNGA RAYA,SUAK MERAMBAI,Aman
SIAK,BUNGA RAYA,DAYANG SURI,Aman
SIAK,BUNGA RAYA,TEMUSAI,Aman
SIAK,SABAK AUH,SUNGAI TENGAH,Aman
SIAK,SABAK AUH,BANDAR SUNGAI,Aman
SIAK,SABAK AUH,BELADING,Aman
SIAK,SABAK AUH,LAKSAMANA,Aman
SIAK,SABAK AUH,REMPAK,Aman
SIAK,SABAK AUH,SABAK PERMAI,Aman
SIAK,SABAK AUH,BANDAR PEDADA,Aman
SIAK,SABAK AUH,SELAT GUNTUNG,Aman
SIAK,SABAK AUH,SUNGAI BERBARI,Aman
SIAK,PUSAKO,SUNGAI LIMAU,Aman
SIAK,PUSAKO,DOSAN,Aman
SIAK,PUSAKO,BENAYAH,Aman
SIAK,PUSAKO,PEBADARAN,Aman
SIAK,PUSAKO,DUSUN PUSAKA,Aman
SIAK,PUSAKO,PERINCIT,Aman
KAMPAR,KAMPAR KIRI,DOMO,Aman
KAMPAR,KAMPAR KIRI,MUARA SELAYA,Aman
KAMPAR,KAMPAR KIRI,IV KOTO SETINGKAI,Aman
KAMPAR,KAMPAR KIRI,PADANG SAWAH,Aman
KAMPAR,KAMPAR KIRI,KUNTU,Aman
KAMPAR,KAMPAR KIRI,TELUK PAMAN,Aman
KAMPAR,KAMPAR KIRI,LIPAT KAIN,Aman
KAMPAR,KAMPAR KIRI,SUNGAI GERINGGING,Aman
KAMPAR,KAMPAR KIRI,SUNGAI PAKU,Aman
KAMPAR,KAMPAR KIRI,SUNGAI RAMBAI,Aman
KAMPAR,KAMPAR KIRI,SUNGAI RAJA,Aman
KAMPAR,KAMPAR KIRI,TANJUNG HARAPAN,Aman
KAMPAR,KAMPAR KIRI,SUNGAI SARIK,Aman
KAMPAR,KAMPAR KIRI,LIPAT KAIN UTARA,Aman
KAMPAR,KAMPAR KIRI,LIPAT KAIN SELATAN,Aman
KAMPAR,KAMPAR KIRI,KUNTU DARUSSALAM,Aman
KAMPAR,KAMPAR KIRI,TANJUNG MAS,Aman
KAMPAR,KAMPAR KIRI,SUNGAI LITI,Aman
KAMPAR,KAMPAR KIRI,TELUK PAMAN TIMUR,Aman
KAMPAR,KAMPAR KIRI,SUNGAI HARAPAN,Aman
KAMPAR,KAMPAR KIRI HULU,AUR KUNING,Aman
KAMPAR,KAMPAR KIRI HULU,TANJUNG BERINGIN,Aman
KAMPAR,KAMPAR KIRI HULU,BATU SANGGAN,Aman
KAMPAR,KAMPAR KIRI HULU,TANJUNG BELIT,Aman
KAMPAR,KAMPAR KIRI HULU,GEMA,Aman
KAMPAR,KAMPAR KIRI HULU,TANJUNG BELIT SELATAN,Aman
KAMPAR,KAMPAR KIRI HULU,KOTA LAMA,Aman
KAMPAR,KAMPAR KIRI HULU,LUDAI,Aman
KAMPAR,KAMPAR KIRI HULU,PANGKALAN KAPAS,Aman
KAMPAR,KAMPAR KIRI HULU,KEBUN TINGGI,Aman
KAMPAR,KAMPAR KIRI HULU,BATU SASAK,Aman
KAMPAR,KAMPAR KIRI HULU,TANJUNG KARANG,Aman
KAMPAR,KAMPAR KIRI HULU,GAJAH BERTALUT,Aman
KAMPAR,KAMPAR KIRI HULU,PANGKALAN SERAI,Aman
KAMPAR,KAMPAR KIRI HULU,DANAU SONTUL,Aman
KAMPAR,KAMPAR KIRI HULU,DERAS TAJAK,Aman
KAMPAR,KAMPAR KIRI HULU,TERUSAN,Aman
KAMPAR,KAMPAR KIRI HULU,SUNGAI SANTI,Aman
KAMPAR,KAMPAR KIRI HULU,TANJUNG PERMAI,Aman
KAMPAR,KAMPAR KIRI HULU,DUA SEPAKAT,Aman
KAMPAR,KAMPAR KIRI HULU,SUBAYANG JAYA,Aman
KAMPAR,KAMPAR KIRI HULU,BUKIT BETUNG,Aman
KAMPAR,KAMPAR KIRI HULU,LUBUK BIGAU,Aman
KAMPAR,KAMPAR KIRI HULU,MUARA BIO,Aman
KAMPAR,KAMPAR KIRI HULU,SUNGAI SIMPANG DUA,Aman
KAMPAR,KAMPAR KIRI HULU,SUNGAI PAGAR,Aman
KAMPAR,KAMPAR KIRI HULU,MENTULIK,Aman
KAMPAR,KAMPAR KIRI HULU,BANGUN SARI,Aman
KAMPAR,KAMPAR KIRI HULU,SUNGAI PETAI,Aman
KAMPAR,KAMPAR KIRI HULU,RANTAU KASIH,Aman
KAMPAR,KAMPAR KIRI HULU,SUNGAI BUNGA,Aman
KAMPAR,KAMPAR KIRI HULU,GADING PERMAI,Aman
KAMPAR,GUNUNG SAHILAN,KEBUN DURIAN,Aman
KAMPAR,GUNUNG SAHILAN,SUBARAK,Aman
KAMPAR,GUNUNG SAHILAN,GUNUNG SAHILAN,Aman
KAMPAR,GUNUNG SAHILAN,SUKA MAKMUR,Aman
KAMPAR,GUNUNG SAHILAN,GUNUNG SARI,Aman
KAMPAR,GUNUNG SAHILAN,MAKMUR SEJAHTERA,Aman
KAMPAR,GUNUNG SAHILAN,SUNGAI LIPAI,Aman
KAMPAR,GUNUNG SAHILAN,SAHILAN DARUSSALAM,Aman
KAMPAR,GUNUNG SAHILAN,GUNUNG MULYA,Aman
KAMPAR,KAMPAR KIRI TENGAH,PENGHIDUPAN,Aman
KAMPAR,KAMPAR KIRI TENGAH,SIMALINYANG,Aman
KAMPAR,KAMPAR KIRI TENGAH,MAYANG PONGKAI,Aman
KAMPAR,KAMPAR KIRI TENGAH,LUBUK SAKAI,Aman
KAMPAR,KAMPAR KIRI TENGAH,BINA BARU,Aman
KAMPAR,KAMPAR KIRI TENGAH,HIDUP BARU,Aman
KAMPAR,KAMPAR KIRI TENGAH,KARYA BAKTI,Aman
KAMPAR,KAMPAR KIRI TENGAH,KOTO DAMAI,Aman
KAMPAR,KAMPAR KIRI TENGAH,UTAMA KARYA,Aman
KAMPAR,KAMPAR KIRI TENGAH,BUKIT SAKAI,Aman
KAMPAR,KAMPAR KIRI TENGAH,MEKAR JAYA,Aman
KAMPAR,XIII KOTO KAMPAR,BALUNG,Aman
KAMPAR,XIII KOTO KAMPAR,PULAU GADANG,Aman
KAMPAR,XIII KOTO KAMPAR,TANJUNG ALAI,Aman
KAMPAR,XIII KOTO KAMPAR,BATU BERSURAT,Aman
KAMPAR,XIII KOTO KAMPAR,KOTO TUO,Aman
KAMPAR,XIII KOTO KAMPAR,MUARA TAKUS,Aman
KAMPAR,XIII KOTO KAMPAR,GUNUNG BUNGSU,Aman
KAMPAR,XIII KOTO KAMPAR,KOTO MESJID,Aman
KAMPAR,XIII KOTO KAMPAR,LUBUK AGUNG,Aman
KAMPAR,XIII KOTO KAMPAR,RANAH SUNGKAI,Aman
KAMPAR,XIII KOTO KAMPAR,BINAMANG,Aman
KAMPAR,XIII KOTO KAMPAR,PONGKAI ISTIQAMAH,Aman
KAMPAR,XIII KOTO KAMPAR,KOTO TUO BARAT,Aman
KAMPAR,KOTO KAMPAR HULU,TANJUNG,Aman
KAMPAR,KOTO KAMPAR HULU,TABING,Aman
KAMPAR,KOTO KAMPAR HULU,PONGKAI,Aman
KAMPAR,KOTO KAMPAR HULU,GUNUNG MALELO,Aman
KAMPAR,KOTO KAMPAR HULU,SIBIRUANG,Aman
KAMPAR,KOTO KAMPAR HULU,BANDUR PICAK,Aman
KAMPAR,KUOK,KUOK,Aman
KAMPAR,KUOK,MERANGIN,Aman
KAMPAR,KUOK,EMPAT BALAI,Aman
KAMPAR,KUOK,PULAU JAMBU,Aman
KAMPAR,KUOK,SILAM,Aman
KAMPAR,KUOK,BUKIT MELINTANG,Aman
KAMPAR,KUOK,LERENG,Aman
KAMPAR,KUOK,PULAU TERAP,Aman
KAMPAR,KUOK,BATU LANGKA KECIL,Aman
KAMPAR,SALO,SIABU,Aman
KAMPAR,SALO,GANTING,Aman
KAMPAR,SALO,SIPUNGGUK,Aman
KAMPAR,SALO,GANTING DAMAI,Aman
KAMPAR,SALO,SALO,Aman
KAMPAR,SALO,SALO TIMUR,Aman
KAMPAR,TAPUNG,PETAPAHAN,Aman
KAMPAR,TAPUNG,SEI LEMBU MAKMUR,Aman
KAMPAR,TAPUNG,MUARA MAHAT BARU,Aman
KAMPAR,TAPUNG,KINANTAN,Aman
KAMPAR,TAPUNG,SIBUAK,Aman
KAMPAR,TAPUNG,PANTAI CERMIN,Aman
KAMPAR,TAPUNG,SEI PUTIH,Aman
KAMPAR,TAPUNG,PAGARUYUNG,Aman
KAMPAR,TAPUNG,AIR TERBIT,Aman
KAMPAR,TAPUNG,PANCURAN GADING,Aman
KAMPAR,TAPUNG,SARI GALUH,Aman
KAMPAR,TAPUNG,TRI MANUNGGAL,Aman
KAMPAR,TAPUNG,MUKTI SARI,Aman
KAMPAR,TAPUNG,INDRAPURI,Aman
KAMPAR,TAPUNG,GADING SARI,Aman
KAMPAR,TAPUNG,TANJUNG SAWIT,Aman
KAMPAR,TAPUNG,SUMBER MAKMUR,Aman
KAMPAR,TAPUNG,PETAPAHAN JAYA,Aman
KAMPAR,TAPUNG,PELAMBAIAN,Aman
KAMPAR,TAPUNG,INDRA SAKTI,Aman
KAMPAR,TAPUNG,SUNGAI AGUNG,Aman
KAMPAR,TAPUNG,KARYA INDAH,Aman
KAMPAR,TAPUNG,KIJANG REJO,Aman
KAMPAR,TAPUNG,BENCAH KELUBI,Aman
KAMPAR,TAPUNG,BATU GAJAH,Aman
KAMPAR,TAPUNG HULU,KASIKAN,Aman
KAMPAR,TAPUNG HULU,RIMBA BERINGIN,Aman
KAMPAR,TAPUNG HULU,SENAMA NENEK,Aman
KAMPAR,TAPUNG HULU,BUKIT KEMUNING,Aman
KAMPAR,TAPUNG HULU,DANAU LANCANG,Aman
KAMPAR,TAPUNG HULU,SUKA RAMAI,Aman
KAMPAR,TAPUNG HULU,KUSAU MAKMUR,Aman
KAMPAR,TAPUNG HULU,SUMBER SARI,Aman
KAMPAR,TAPUNG HULU,TALANG DANTO,Aman
KAMPAR,TAPUNG HULU,MUARA INTAN,Aman
KAMPAR,TAPUNG HULU,INTAN JAYA,Aman
KAMPAR,TAPUNG HULU,TANAH DATAR,Aman
KAMPAR,TAPUNG HULU,RIMBA MAKMUR,Aman
KAMPAR,TAPUNG HULU,RIMBA JAYA,Aman
KAMPAR,TAPUNG HILIR,SEKIJANG,Aman
KAMPAR,TAPUNG HILIR,TEBING LESTARI,Aman
KAMPAR,TAPUNG HILIR,KIJANG JAYA,Aman
KAMPAR,TAPUNG HILIR,TANAH TINGGI,Aman
KAMPAR,TAPUNG HILIR,TAPUNG MAKMUR,Aman
KAMPAR,TAPUNG HILIR,TAPUNG LESTARI,Aman
KAMPAR,TAPUNG HILIR,KOTA GARO,Aman
KAMPAR,TAPUNG HILIR,SUKA MAJU,Aman
KAMPAR,TAPUNG HILIR,KOTA BARU,Bahaya
KAMPAR,TAPUNG HILIR,KOTO BANGUN,Aman
KAMPAR,TAPUNG HILIR,CINTA DAMAI,Aman
KAMPAR,TAPUNG HILIR,BERINGIN LESTARI,Aman
KAMPAR,TAPUNG HILIR,TANDAN SARI,Aman
KAMPAR,TAPUNG HILIR,KIJANG MAKMUR,Aman
KAMPAR,TAPUNG HILIR,KOTO AMAN,Aman
KAMPAR,TAPUNG HILIR,GERBANG SARI,Aman
KAMPAR,BANGKINANG KOTA,LANGGINI,Bahaya
KAMPAR,BANGKINANG KOTA,BANGKINANG,Aman
KAMPAR,BANGKINANG KOTA,KUMANTAN,Aman
KAMPAR,BANGKINANG KOTA,RIDAN PERMAI,Aman
KAMPAR,BANGKINANG,PULAU LAWAS,Aman
KAMPAR,BANGKINANG,MUARA UWAI,Aman
KAMPAR,BANGKINANG,PULAU,Bahaya
KAMPAR,BANGKINANG,PASIR SIALANG,Aman
KAMPAR,BANGKINANG,BUKIT SEMBILAN,Aman
KAMPAR,BANGKINANG,LABOIJAYA,Aman
KAMPAR,BANGKINANG,SUKA MULYA,Bahaya
KAMPAR,BANGKINANG,BUKIT PAYUNG,Bahaya
KAMPAR,BANGKINANG,BINUANG,Bahaya
KAMPAR,KAMPAR,BATU BELAH,Aman
KAMPAR,KAMPAR,TANJUNG BERULAK,Aman
KAMPAR,KAMPAR,AIR TIRIS,Aman
KAMPAR,KAMPAR,RANAH,Aman
KAMPAR,KAMPAR,PENYASAWAN,Aman
KAMPAR,KAMPAR,RUMBIO,Aman
KAMPAR,KAMPAR,PADANG MUTUNG,Aman
KAMPAR,KAMPAR,SIMPANG KUBU,Aman
KAMPAR,KAMPAR,TANJUNG RAMBUTAN,Aman
KAMPAR,KAMPAR,PULAU JAMBU,Aman
KAMPAR,KAMPAR,LIMAU MANIS,Aman
KAMPAR,KAMPAR,NAUMBAI,Aman
KAMPAR,KAMPAR,RANAH SINGKUANG,Aman
KAMPAR,KAMPAR,PULAU TINGGI,Aman
KAMPAR,KAMPAR,KOTO TIBUN,Aman
KAMPAR,KAMPAR,BUKIT RANAH,Aman
KAMPAR,KAMPAR,RANAH BARU,Aman
KAMPAR,KAMPAR,PULAU SARAK,Aman
KAMPAR,KAMPAR TIMUR,PULAU RAMBAI,Aman
KAMPAR,KAMPAR TIMUR,KAMPAR,Aman
KAMPAR,KAMPAR TIMUR,KOTO PERAMBAHAN,Aman
KAMPAR,KAMPAR TIMUR,PULAU BIRANDANG,Aman
KAMPAR,KAMPAR TIMUR,SUNGAI PUTIH,Aman
KAMPAR,KAMPAR TIMUR,DELI MAKMUR,Aman
KAMPAR,KAMPAR TIMUR,SUNGAI TARAP,Aman
KAMPAR,KAMPAR TIMUR,TANJUNG BUNGO,Aman
KAMPAR,KAMPAR TIMUR,SAWAH BARU,Aman
KAMPAR,RUMBIO JAYA,ALAM PANJANG,Aman
KAMPAR,RUMBIO JAYA,PULAU PAYUNG,Aman
KAMPAR,RUMBIO JAYA,TERATAK,Aman
KAMPAR,RUMBIO JAYA,BUKIT KRATAI,Aman
KAMPAR,RUMBIO JAYA,BATANG BATINDIH,Aman
KAMPAR,RUMBIO JAYA,TAMBUSAI,Aman
KAMPAR,RUMBIO JAYA,SIMPANG PETAI,Aman
KAMPAR,KAMPAR UTARA,KAMPUNG PANJANG,Aman
KAMPAR,KAMPAR UTARA,SAWAH,Aman
KAMPAR,KAMPAR UTARA,KAYU ARO,Aman
KAMPAR,KAMPAR UTARA,MUARA JALAI,Aman
KAMPAR,KAMPAR UTARA,SUNGAI TONANG,Aman
KAMPAR,KAMPAR UTARA,SUNGAI JALAU,Aman
KAMPAR,KAMPAR UTARA,SENDAYAN,Aman
KAMPAR,KAMPAR UTARA,NAGA BERALIH,Aman
KAMPAR,TAMBANG,KUAPAN,Aman
KAMPAR,TAMBANG,AUR SATI,Aman
KAMPAR,TAMBANG,TAMBANG,Aman
KAMPAR,TAMBANG,PADANG LUAS,Aman
KAMPAR,TAMBANG,GOBAH,Aman
KAMPAR,TAMBANG,TERANTANG,Aman
KAMPAR,TAMBANG,RIMBA PANJANG,Bahaya
KAMPAR,TAMBANG,KUALU,Aman
KAMPAR,TAMBANG,TELUK KENIDAI,Aman
KAMPAR,TAMBANG,PARIT BARU,Aman
KAMPAR,TAMBANG,KEMANG INDAH,Aman
KAMPAR,TAMBANG,SUNGAI PINANG,Aman
KAMPAR,TAMBANG,KUALU NENAS,Aman
KAMPAR,TAMBANG,TARAI BANGUN,Aman
KAMPAR,TAMBANG,PALUNG RAYA,Aman
KAMPAR,TAMBANG,PULAU PERMAI,Aman
KAMPAR,TAMBANG,BALAM JAYA,Aman
KAMPAR,SIAK HULU,BULUH NIPIS,Aman
KAMPAR,SIAK HULU,PANGKALAN BARU,Aman
KAMPAR,SIAK HULU,BULUH CINA,Aman
KAMPAR,SIAK HULU,LUBUK SIAM,Aman
KAMPAR,SIAK HULU,TERATAK BULUH,Bahaya
KAMPAR,SIAK HULU,DESA BARU,Bahaya
KAMPAR,SIAK HULU,TANAH MERAH,Aman
KAMPAR,SIAK HULU,PANDAU JAYA,Bahaya
KAMPAR,SIAK HULU,PANGKALAN SERIK,Aman
KAMPAR,SIAK HULU,KEPAU JAYA,Aman
KAMPAR,SIAK HULU,TANJUNG BALAM,Aman
KAMPAR,SIAK HULU,KUBANG JAYA,Bahaya
KAMPAR,PERHENTIAN RAJA,PANTAI RAJA,Aman
KAMPAR,PERHENTIAN RAJA,SIALANG KUBANG,Aman
KAMPAR,PERHENTIAN RAJA,HANG TUAH,Aman
KAMPAR,PERHENTIAN RAJA,KAMPUNG PINANG,Aman
KAMPAR,PERHENTIAN RAJA,LUBUK SAKAT,Aman
ROKAN HULU,ROKAN IV KOTO,CIPANG KIRI HULU,Aman
ROKAN HULU,ROKAN IV KOTO,CIPANG KIRI HILIR,Aman
ROKAN HULU,ROKAN IV KOTO,SIKEBAU JAYA,Aman
ROKAN HULU,ROKAN IV KOTO,LUBUK BENDAHARA,Aman
ROKAN HULU,ROKAN IV KOTO,LUBUK BENDAHARA TIMUR,Bahaya
ROKAN HULU,ROKAN IV KOTO,TANJUNG MEDAN,Aman
ROKAN HULU,ROKAN IV KOTO,ROKAN,Aman
ROKAN HULU,ROKAN IV KOTO,CIPANG KANAN,Aman
ROKAN HULU,ROKAN IV KOTO,ROKAN KOTO RUANG,Aman
ROKAN HULU,ROKAN IV KOTO,ROKAN TIMUR,Aman
ROKAN HULU,ROKAN IV KOTO,TIBAWAN,Aman
ROKAN HULU,ROKAN IV KOTO,LUBUK BETUNG,Aman
ROKAN HULU,ROKAN IV KOTO,ALAHAN,Aman
ROKAN HULU,ROKAN IV KOTO,PEMANDANG,Aman
ROKAN HULU,PENDALIAN IV KOTO,PENDALIAN,Aman
ROKAN HULU,PENDALIAN IV KOTO,BENGKOLAN SALAK,Aman
ROKAN HULU,PENDALIAN IV KOTO,SULIGI,Aman
ROKAN HULU,PENDALIAN IV KOTO,AIR PANAS,Aman
ROKAN HULU,PENDALIAN IV KOTO,SUNGAI KANDIS,Aman
ROKAN HULU,TANDUN,KUMAIN,Aman
ROKAN HULU,TANDUN,BONO TAPUNG,Aman
ROKAN HULU,TANDUN,DAYO,Aman
ROKAN HULU,TANDUN,TAPUNG JAYA,Aman
ROKAN HULU,TANDUN,TANDUN,Bahaya
ROKAN HULU,TANDUN,PUO RAYA,Aman
ROKAN HULU,TANDUN,SUNGAI KUNING,Aman
ROKAN HULU,TANDUN,KOTO TANDUN,Aman
ROKAN HULU,TANDUN,TANDUN BARAT,Aman
ROKAN HULU,KABUN,KABUN,Aman
ROKAN HULU,KABUN,ALIANTAN,Aman
ROKAN HULU,KABUN,KOTO RANAH,Aman
ROKAN HULU,KABUN,BENCAH KESUMA,Aman
ROKAN HULU,KABUN,BATU LANGKAH BESAR,Aman
ROKAN HULU,KABUN,GITI,Aman
ROKAN HULU,UJUNG BATU,UJUNG BATU,Bahaya
ROKAN HULU,UJUNG BATU,UJUNG BATU TIMUR,Aman
ROKAN HULU,UJUNG BATU,NGASO,Aman
ROKAN HULU,UJUNG BATU,SUKA DAMAI,Aman
ROKAN HULU,UJUNG BATU,PEMATANG TEBIH,Aman
ROKAN HULU,RAMBAH SAMO,RAMBAH SAMO BARAT,Aman
ROKAN HULU,RAMBAH SAMO,MARGA MULYA,Aman
ROKAN HULU,RAMBAH SAMO,RAMBAH SAMO,Bahaya
ROKAN HULU,RAMBAH SAMO,KARYA MULYA,Aman
ROKAN HULU,RAMBAH SAMO,RAMBAH BARU,Aman
ROKAN HULU,RAMBAH SAMO,RAMBAH UTAMA,Aman
ROKAN HULU,RAMBAH SAMO,PASIR MAKMUR,Aman
ROKAN HULU,RAMBAH SAMO,MASDA MAKMUR,Aman
ROKAN HULU,RAMBAH SAMO,LANGKITIN,Aman
ROKAN HULU,RAMBAH SAMO,LUBUK NAPAL,Aman
ROKAN HULU,RAMBAH SAMO,SUNGAI SALAK,Aman
ROKAN HULU,RAMBAH SAMO,TELUK AUR,Aman
ROKAN HULU,RAMBAH SAMO,LUBUK BILANG,Aman
ROKAN HULU,RAMBAH SAMO,SUNGAI KUNING,Aman
ROKAN HULU,RAMBAH,MENAMING,Aman
ROKAN HULU,RAMBAH,RAMBAH TENGAH HULU,Bahaya
ROKAN HULU,RAMBAH,RAMBAH TENGAH BARAT,Aman
ROKAN HULU,RAMBAH,PASIR PENGARAIAN,Aman
ROKAN HULU,RAMBAH,RAMBAH TENGAH UTARA,Aman
ROKAN HULU,RAMBAH,RAMBAH TENGAH HILIR,Aman
ROKAN HULU,RAMBAH,PASIR BARU,Aman
ROKAN HULU,RAMBAH,TANJUNG BELIT,Aman
ROKAN HULU,RAMBAH,SIALANG JAYA,Aman
ROKAN HULU,RAMBAH,KOTO TINGGI,Aman
ROKAN HULU,RAMBAH,SUKA MAJU,Aman
ROKAN HULU,RAMBAH,PEMATANG BERANGAN,Aman
ROKAN HULU,RAMBAH,BABUSSALAM,Aman
ROKAN HULU,RAMBAH,PASIR MAJU,Aman
ROKAN HULU,RAMBAH HILIR,PASIR JAYA,Aman
ROKAN HULU,RAMBAH HILIR,PASIR UTAMA,Aman
ROKAN HULU,RAMBAH HILIR,RAMBAH HILIR,Aman
ROKAN HULU,RAMBAH HILIR,RAMBAH MUDA,Aman
ROKAN HULU,RAMBAH HILIR,SUNGAI SITOLANG,Aman
ROKAN HULU,RAMBAH HILIR,LUBUK KRAPAT,Aman
ROKAN HULU,RAMBAH HILIR,RAMBAH HILIR TENGAH,Aman
ROKAN HULU,RAMBAH HILIR,RAMBAH HILIR TIMUR,Aman
ROKAN HULU,RAMBAH HILIR,RAMBAH,Bahaya
ROKAN HULU,RAMBAH HILIR,SEROMBAU INDAH,Aman
ROKAN HULU,RAMBAH HILIR,SUNGAI DUA INDAH,Aman
ROKAN HULU,RAMBAH HILIR,SEJATI,Aman
ROKAN HULU,RAMBAH HILIR,MUARA MUSU,Aman
ROKAN HULU,BANGUN PURBA,BANGUN PURBA,Aman
ROKAN HULU,BANGUN PURBA,PASIR AGUNG,Aman
ROKAN HULU,BANGUN PURBA,PASIR INTAN,Aman
ROKAN HULU,BANGUN PURBA,RAMBAH JAYA,Aman
ROKAN HULU,BANGUN PURBA,BANGUN PURBA TIMUR JAYA,Aman
ROKAN HULU,BANGUN PURBA,BANGUN PURBA BARAT,Aman
ROKAN HULU,BANGUN PURBA,TANGUN,Bahaya
ROKAN HULU,TAMBUSAI,TAMBUSAI BARAT,Bahaya
ROKAN HULU,TAMBUSAI,SUNGAI KUMANGO,Aman
ROKAN HULU,TAMBUSAI,BATAS,Aman
ROKAN HULU,TAMBUSAI,TALI KUMAIN,Aman
ROKAN HULU,TAMBUSAI,TAMBUSAI TENGAH,Aman
ROKAN HULU,TAMBUSAI,RANTAU PANJANG,Aman
ROKAN HULU,TAMBUSAI,SIALANG RINDANG,Aman
ROKAN HULU,TAMBUSAI,TAMBUSAI TIMUR,Bahaya
ROKAN HULU,TAMBUSAI,SUKAMAJU,Aman
ROKAN HULU,TAMBUSAI,BATANG KUMU,Aman
ROKAN HULU,TAMBUSAI,TINGKOK,Aman
ROKAN HULU,TAMBUSAI,LUBUK SOTING,Aman
ROKAN HULU,TAMBUSAI UTARA,SUKA DAMAI,Aman
ROKAN HULU,TAMBUSAI UTARA,MAHATO SAKTI,Aman
ROKAN HULU,TAMBUSAI UTARA,RANTAU SAKTI,Aman
ROKAN HULU,TAMBUSAI UTARA,PAYUNG SEKAKI,Aman
ROKAN HULU,TAMBUSAI UTARA,PAGAR MAYANG,Aman
ROKAN HULU,TAMBUSAI UTARA,SIMPANG HARAPAN,Aman
ROKAN HULU,TAMBUSAI UTARA,MEKAR JAYA,Aman
ROKAN HULU,TAMBUSAI UTARA,BANGUN JAYA,Aman
ROKAN HULU,TAMBUSAI UTARA,TAMBUSAI UTARA,Aman
ROKAN HULU,TAMBUSAI UTARA,TANJUNG MEDAN,Aman
ROKAN HULU,TAMBUSAI UTARA,MAHATO,Bahaya
ROKAN HULU,KEPENUHAN,KEPENUHAN TENGAH,Aman
ROKAN HULU,KEPENUHAN,KEPENUHAN BARAT,Aman
ROKAN HULU,KEPENUHAN,KEPENUHAN RAYA,Aman
ROKAN HULU,KEPENUHAN,KEPENUHAN BARU,Aman
ROKAN HULU,KEPENUHAN,UPT SP III KOTO TENGAH/KEPENUHAN MAKMUR,Aman
ROKAN HULU,KEPENUHAN,KEPENUHAN TIMUR,Aman
ROKAN HULU,KEPENUHAN,KEPENUHAN HILIR,Aman
ROKAN HULU,KEPENUHAN,UPT SP IV KOTO TENGAH/KEPENUHAN SEJATI,Aman
ROKAN HULU,KEPENUHAN,KEPENUHAN SEI MANDIAN,Aman
ROKAN HULU,KEPENUHAN,ULAK PATIAN,Aman
ROKAN HULU,KEPENUHAN,RANTAU BINUANG SAKTI,Aman
ROKAN HULU,KEPENUHAN,KEPENUHAN BARAT MULYA,Aman
ROKAN HULU,KEPENUHAN,ROKAN JAYA,Aman
ROKAN HULU,KEPENUHAN HULU,KEPENUHAN JAYA,Bahaya
ROKAN HULU,KEPENUHAN HULU,KEPENUHAN HULU,Aman
ROKAN HULU,KEPENUHAN HULU,MUARA JAYA,Aman
ROKAN HULU,KEPENUHAN HULU,PEKAN TEBIH,Aman
ROKAN HULU,KEPENUHAN HULU,KEPAYANG,Aman
ROKAN HULU,KUNTO DARUSSALAM,KOTA INTAN,Aman
ROKAN HULU,KUNTO DARUSSALAM,KOTA LAMA,Bahaya
ROKAN HULU,KUNTO DARUSSALAM,BUKIT INTAN MAKMUR,Aman
ROKAN HULU,KUNTO DARUSSALAM,BAGAN TUJUH,Aman
ROKAN HULU,KUNTO DARUSSALAM,KOTA RAYA,Aman
ROKAN HULU,KUNTO DARUSSALAM,KOTA BARU,Aman
ROKAN HULU,KUNTO DARUSSALAM,SUNGAI KUTI,Aman
ROKAN HULU,KUNTO DARUSSALAM,PASIR INDAH,Aman
ROKAN HULU,KUNTO DARUSSALAM,MUARA DILAM,Aman
ROKAN HULU,KUNTO DARUSSALAM,PASIR LUHUR,Aman
ROKAN HULU,"PAGARAN TAPAH
DARUSSALAM",PAGARAN TAPAH,Aman
ROKAN HULU,"PAGARAN TAPAH
DARUSSALAM",KEMBANG DAMAI,Aman
ROKAN HULU,"PAGARAN TAPAH
DARUSSALAM",SANGKIR INDAH,Aman
ROKAN HULU,BONAI DARUSSALAM,TELUK SONO,Aman
ROKAN HULU,BONAI DARUSSALAM,RAWA MAKMUR,Aman
ROKAN HULU,BONAI DARUSSALAM,SONTANG,Aman
ROKAN HULU,BONAI DARUSSALAM,BONAI,Aman
ROKAN HULU,BONAI DARUSSALAM,PAUH,Aman
ROKAN HULU,BONAI DARUSSALAM,KASANG PADANG,Aman
ROKAN HULU,BONAI DARUSSALAM,KASANG MUNGKAL,Bahaya
BENGKALIS,MANDAU,TALANG MANDI,Aman
BENGKALIS,MANDAU,HARAPAN BARU,Aman
BENGKALIS,MANDAU,GAJAH SAKTI,Aman
BENGKALIS,MANDAU,BATANG SEROSA,Aman
BENGKALIS,MANDAU,BALIK ALAM,Aman
BENGKALIS,MANDAU,DURI BARAT,Aman
BENGKALIS,MANDAU,DURI TIMUR,Aman
BENGKALIS,MANDAU,BABUSSALAM,Bahaya
BENGKALIS,MANDAU,AIR JAMBAN,Aman
BENGKALIS,MANDAU,SEBANGAR,Aman
BENGKALIS,MANDAU,BALAI MAKAM,Aman
BENGKALIS,MANDAU,PETANI,Aman
BENGKALIS,MANDAU,PEMATANG PUDU,Aman
BENGKALIS,MANDAU,BUMBUNG,Aman
BENGKALIS,MANDAU,KESUMBO AMPAI,Bahaya
BENGKALIS,MANDAU,BATHIN BETUAH,Aman
BENGKALIS,MANDAU,BONCAH MAHANG,Aman
BENGKALIS,MANDAU,TAMBUSAI BATANG DUI,Aman
BENGKALIS,MANDAU,SIMPANG PADANG,Bahaya
BENGKALIS,MANDAU,PEMATANG OBO,Aman
BENGKALIS,MANDAU,AIR KULIM,Aman
BENGKALIS,MANDAU,BULUH MANIS,Aman
BENGKALIS,MANDAU,PAMESI,Aman
BENGKALIS,MANDAU,BATHIN SOBANGA,Aman
BENGKALIS,PINGGIR,PINGGIR,Aman
BENGKALIS,PINGGIR,SEMUNAI,Bahaya
BENGKALIS,PINGGIR,TENGGANAU,Aman
BENGKALIS,PINGGIR,BALAI PUNGUT,Aman
BENGKALIS,PINGGIR,MUARA BASUNG,Aman
BENGKALIS,PINGGIR,KUALA PENASO,Aman
BENGKALIS,PINGGIR,BERINGIN,Aman
BENGKALIS,PINGGIR,MELIBUR,Aman
BENGKALIS,PINGGIR,SERAI WANGI,Aman
BENGKALIS,PINGGIR,TASIK SERAI,Aman
BENGKALIS,PINGGIR,TITIAN ANTUI,Aman
BENGKALIS,PINGGIR,BALAI RAJA,Aman
BENGKALIS,PINGGIR,TASIK SERAI TIMUR,Aman
BENGKALIS,PINGGIR,SUNGAI MERANTI,Aman
BENGKALIS,PINGGIR,PANGKALAN LIBUT,Aman
BENGKALIS,PINGGIR,BULUH APO,Aman
BENGKALIS,PINGGIR,KOTO PAIT BERINGIN,Aman
BENGKALIS,PINGGIR,TASIK SERAI BARAT,Aman
BENGKALIS,PINGGIR,TASIK TEBING SERAI,Aman
BENGKALIS,BUKIT BATU,PANGKALAN JAMBI,Aman
BENGKALIS,BUKIT BATU,DOMPAS,Aman
BENGKALIS,BUKIT BATU,SEJANGAT,Aman
BENGKALIS,BUKIT BATU,SUNGAI PAKNING,Bahaya
BENGKALIS,BUKIT BATU,SUNGAI SELARI,Aman
BENGKALIS,BUKIT BATU,BURUK BAKUL,Aman
BENGKALIS,BUKIT BATU,BUKIT BATU,Aman
BENGKALIS,BUKIT BATU,SUKAJADI,Aman
BENGKALIS,BUKIT BATU,PARIT I API API,Aman
BENGKALIS,BUKIT BATU,TEMIANG,Aman
BENGKALIS,BUKIT BATU,API API,Aman
BENGKALIS,BUKIT BATU,TENGGAYUN,Aman
BENGKALIS,BUKIT BATU,SEPAHAT,Aman
BENGKALIS,BUKIT BATU,BUKIT KERIKIL,Aman
BENGKALIS,BUKIT BATU,TANJUNG LEBAN,Aman
BENGKALIS,BUKIT BATU,PAKNING ASAL,Aman
BENGKALIS,BUKIT BATU,BATANG DUKU,Aman
BENGKALIS,SIAK KECIL,LANGKAT,Aman
BENGKALIS,SIAK KECIL,SEPOTONG,Aman
BENGKALIS,SIAK KECIL,SUNGAI SIPUT,Aman
BENGKALIS,SIAK KECIL,LUBUK MUDA,Aman
BENGKALIS,SIAK KECIL,LUBUK GARAM,Aman
BENGKALIS,SIAK KECIL,TANJUNG BELIT,Aman
BENGKALIS,SIAK KECIL,LUBUK GAUNG,Bahaya
BENGKALIS,SIAK KECIL,SADAR JAYA,Aman
BENGKALIS,SIAK KECIL,MUARA DUA,Aman
BENGKALIS,SIAK KECIL,BANDAR JAYA,Aman
BENGKALIS,SIAK KECIL,SUNGAI LINAU,Aman
BENGKALIS,SIAK KECIL,TANJUNG DAMAI,Aman
BENGKALIS,SIAK KECIL,SUMBER JAYA,Aman
BENGKALIS,SIAK KECIL,SUNGAI NIBUNG,Aman
BENGKALIS,SIAK KECIL,KOTO RAJA,Aman
BENGKALIS,SIAK KECIL,LIANG BANIR,Aman
BENGKALIS,SIAK KECIL,TANJUNG DATUK,Aman
BENGKALIS,RUPAT,TANJUNG KAPAL,Aman
BENGKALIS,RUPAT,BATU PANJANG,Aman
BENGKALIS,RUPAT,TERKUL,Aman
BENGKALIS,RUPAT,PERGAM,Aman
BENGKALIS,RUPAT,TELUK LECAH,Aman
BENGKALIS,RUPAT,SEI CINGAM,Aman
BENGKALIS,RUPAT,PANGKALAN NYIRIH,Aman
BENGKALIS,RUPAT,HUTAN PANJANG,Aman
BENGKALIS,RUPAT,MAKERUH,Aman
BENGKALIS,RUPAT,SUKARJO MESIM,Aman
BENGKALIS,RUPAT,PARIT KEBUMEN,Aman
BENGKALIS,RUPAT,DARUL AMAN,Aman
BENGKALIS,RUPAT,SRI TANJUNG,Aman
BENGKALIS,RUPAT,PANCUR JAYA,Aman
BENGKALIS,RUPAT,PANGKALAN PINANG,Aman
BENGKALIS,RUPAT,DUNGUN BARU,Aman
BENGKALIS,RUPAT UTARA,TITI AKAR,Aman
BENGKALIS,RUPAT UTARA,TANJUNG MEDANG,Aman
BENGKALIS,RUPAT UTARA,TELUK RHU,Bahaya
BENGKALIS,RUPAT UTARA,TANJUNG PUNAK,Aman
BENGKALIS,RUPAT UTARA,KADUR,Aman
BENGKALIS,RUPAT UTARA,HUTAN AYU,Aman
BENGKALIS,RUPAT UTARA,SUKADAMAI,Aman
BENGKALIS,RUPAT UTARA,PUTRI SEMBILAN,Aman
BENGKALIS,BENGKALIS,SEKODI,Aman
BENGKALIS,BENGKALIS,KELEMANTAN,Aman
BENGKALIS,BENGKALIS,KETAM PUTIH,Aman
BENGKALIS,BENGKALIS,PEMATANG DUKU,Aman
BENGKALIS,BENGKALIS,PENEBAL,Aman
BENGKALIS,BENGKALIS,TEMERAN,Aman
BENGKALIS,BENGKALIS,PENAMPI,Aman
BENGKALIS,BENGKALIS,SUNGAI ALAM,Aman
BENGKALIS,BENGKALIS,AIR PUTIH,Aman
BENGKALIS,BENGKALIS,SENGGORO,Bahaya
BENGKALIS,BENGKALIS,RIMBA SEKAMPUNG,Aman
BENGKALIS,BENGKALIS,BENGKALIS KOTA,Aman
BENGKALIS,BENGKALIS,WONOSARI,Bahaya
BENGKALIS,BENGKALIS,DAMON,Aman
BENGKALIS,BENGKALIS,KELAPA PATI,Bahaya
BENGKALIS,BENGKALIS,PEDEKIK,Aman
BENGKALIS,BENGKALIS,PANGKALAN BATANG,Aman
BENGKALIS,BENGKALIS,SEBAUK,Aman
BENGKALIS,BENGKALIS,TELUK LATAK,Aman
BENGKALIS,BENGKALIS,MESKOM,Aman
BENGKALIS,BENGKALIS,PALKUN,Aman
BENGKALIS,BENGKALIS,KELEMANTAN BARAT,Aman
BENGKALIS,BENGKALIS,SUNGAI BATANG,Aman
BENGKALIS,BENGKALIS,PEMATANG DUKU TIMUR,Aman
BENGKALIS,BENGKALIS,DAMAI,Aman
BENGKALIS,BENGKALIS,KELEBUK,Aman
BENGKALIS,BENGKALIS,KUALA ALAM,Aman
BENGKALIS,BENGKALIS,PANGKALAN BATANG BARAT,Aman
BENGKALIS,BENGKALIS,SENDERAK,Aman
BENGKALIS,BENGKALIS,PRAPAT TUNGGAL,Aman
BENGKALIS,BENGKALIS,SIMPANG AYAM,Aman
BENGKALIS,BANTAN,TELUK LANCAR,Aman
BENGKALIS,BANTAN,KEMBUNG LUAR,Aman
BENGKALIS,BANTAN,TELUK PAMBANG,Aman
BENGKALIS,BANTAN,MUNTAI,Bahaya
BENGKALIS,BANTAN,BANTAN AIR,Aman
BENGKALIS,BANTAN,BANTAN TENGAH,Aman
BENGKALIS,BANTAN,SELAT BARU,Aman
BENGKALIS,BANTAN,BANTAN TUA,Aman
BENGKALIS,BANTAN,JANGKANG,Aman
BENGKALIS,BANTAN,KEMBUNG BARU,Aman
BENGKALIS,BANTAN,PAMBANG PESISIR,Aman
BENGKALIS,BANTAN,PAMBANG BARU,Aman
BENGKALIS,BANTAN,SUKA MAJU,Aman
BENGKALIS,BANTAN,MUNTAI BARAT,Aman
BENGKALIS,BANTAN,BANTAN SARI,Aman
BENGKALIS,BANTAN,BANTAN TIMUR,Aman
BENGKALIS,BANTAN,TELUK PAPAL,Aman
BENGKALIS,BANTAN,ULU PULAU,Aman
BENGKALIS,BANTAN,MENTAYAN,Aman
BENGKALIS,BANTAN,RESAM LAPIS,Aman
BENGKALIS,BANTAN,BERANCAH,Aman
BENGKALIS,BANTAN,PASIRAN,Aman
BENGKALIS,BANTAN,DELUK,Aman
ROKAN HILIR,TANAH PUTIH,PUTAT,Aman
ROKAN HILIR,TANAH PUTIH,SEKELADI,Aman
ROKAN HILIR,TANAH PUTIH,SINTONG,Aman
ROKAN HILIR,TANAH PUTIH,TELUK MEGA,Aman
ROKAN HILIR,TANAH PUTIH,SEDINGINAN,Aman
ROKAN HILIR,TANAH PUTIH,BANJAR XII,Aman
ROKAN HILIR,TANAH PUTIH,RANTAU BAIS,Aman
ROKAN HILIR,TANAH PUTIH,UJUNG TANJUNG,Aman
ROKAN HILIR,TANAH PUTIH,MUMUGO,Aman
ROKAN HILIR,TANAH PUTIH,TELUK BEREMBUN,Aman
ROKAN HILIR,TANAH PUTIH,MENGGALA SAKTI,Aman
ROKAN HILIR,TANAH PUTIH,MENGGALA SEMPURNA,Aman
ROKAN HILIR,TANAH PUTIH,SEKELADI HILIR,Aman
ROKAN HILIR,TANAH PUTIH,SINTONG MAKMUR,Aman
ROKAN HILIR,TANAH PUTIH,SINTONG BAKTI,Aman
ROKAN HILIR,TANAH PUTIH,SINTONG PUSAKA,Aman
ROKAN HILIR,TANAH PUTIH,MENGGALA TELADAN,Aman
ROKAN HILIR,PUJUD,PUJUD,Aman
ROKAN HILIR,PUJUD,TELUK NAYANG,Aman
ROKAN HILIR,PUJUD,AIR HITAM,Aman
ROKAN HILIR,PUJUD,SIARANG ARANG,Aman
ROKAN HILIR,PUJUD,KASANG BANGSAWAN,Aman
ROKAN HILIR,PUJUD,SUNGAI PINANG,Aman
ROKAN HILIR,PUJUD,SUKA JADI,Aman
ROKAN HILIR,PUJUD,ARANG,Aman
ROKAN HILIR,PUJUD,BABUSSALAM ROKAN,Aman
ROKAN HILIR,PUJUD,PUJUD SELATAN,Aman
ROKAN HILIR,PUJUD,PUJUD UTARA,Aman
ROKAN HILIR,PUJUD,PEMATANG GENTING,Aman
ROKAN HILIR,PUJUD,SUKA MULYA,Aman
ROKAN HILIR,PUJUD,SIARANG ARANG ROKAN,Aman
ROKAN HILIR,PUJUD,KASANG BANGSAWAN MUDA,Aman
ROKAN HILIR,PUJUD,ULAK KEMBAHANG,Aman
ROKAN HILIR,PUJUD,TELUK NAYANG,Aman
ROKAN HILIR,PUJUD,SUNGAI TAPAH,Aman
ROKAN HILIR,"TANAH PUTIH TANJUNG
MELAWAN",MELAYU BESAR,Aman
ROKAN HILIR,"TANAH PUTIH TANJUNG
MELAWAN",MELAYU TENGAH,Aman
ROKAN HILIR,"TANAH PUTIH TANJUNG
MELAWAN",BATU HAMPAR,Aman
ROKAN HILIR,"TANAH PUTIH TANJUNG
MELAWAN",MESAH,Aman
ROKAN HILIR,"TANAH PUTIH TANJUNG
MELAWAN",LABUHAN PAPAN,Aman
ROKAN HILIR,RANTAU KOPAR,SEKAPAS,Aman
ROKAN HILIR,RANTAU KOPAR,BAGAN CEMPEDAK,Aman
ROKAN HILIR,RANTAU KOPAR,RANTAU KOPAR,Aman
ROKAN HILIR,RANTAU KOPAR,SUNGAI RANGAU,Aman
ROKAN HILIR,TANJUNG MEDAN,SEI MERANTI DARUSSALAM,Aman
ROKAN HILIR,TANJUNG MEDAN,AKAR BELINGKAR,Aman
ROKAN HILIR,TANJUNG MEDAN,SEI MERANTI,Aman
ROKAN HILIR,TANJUNG MEDAN,SEI TAPAH,Aman
ROKAN HILIR,TANJUNG MEDAN,TANJUNG MEDAN,Aman
ROKAN HILIR,TANJUNG MEDAN,TANGGA BATU,Aman
ROKAN HILIR,TANJUNG MEDAN,TANJUNG MEDAN BARAT,Aman
ROKAN HILIR,TANJUNG MEDAN,TANJUNG SARI,Aman
ROKAN HILIR,TANJUNG MEDAN,PONDOK KRESEK,Aman
ROKAN HILIR,TANJUNG MEDAN,"PERKEBUNAN TANJUNG
MEDAN",Aman
ROKAN HILIR,TANJUNG MEDAN,SRI KAYANGAN,Aman
ROKAN HILIR,TANJUNG MEDAN,TANJUNG MEDAN UTARA,Aman
ROKAN HILIR,TANJUNG MEDAN,BAGAN NENAS,Aman
ROKAN HILIR,BAGAN SINEMBAH,BAHTERA MAKMUR,Bahaya
ROKAN HILIR,BAGAN SINEMBAH,GELORA,Aman
ROKAN HILIR,BAGAN SINEMBAH,PELITA,Aman
ROKAN HILIR,BAGAN SINEMBAH,BAGAN BATU,Aman
ROKAN HILIR,BAGAN SINEMBAH,SUKA MAJU,Aman
ROKAN HILIR,BAGAN SINEMBAH,BAGAN MANUNGGAL,Aman
ROKAN HILIR,BAGAN SINEMBAH,BAGAN SAPTA PERMAI,Aman
ROKAN HILIR,BAGAN SINEMBAH,BAKTI MAKMUR,Aman
ROKAN HILIR,BAGAN SINEMBAH,JAYA AGUNG,Aman
ROKAN HILIR,BAGAN SINEMBAH,MERANTI MAKMUR,Aman
ROKAN HILIR,BAGAN SINEMBAH,BAYANGKARA JAYA,Aman
ROKAN HILIR,BAGAN SINEMBAH,BAHTERA MAKMUR KOTA,Aman
ROKAN HILIR,BAGAN SINEMBAH,BAGAN BATU KOTA,Aman
ROKAN HILIR,BAGAN SINEMBAH,BAGAN BATU BARAT,Aman
ROKAN HILIR,BAGAN SINEMBAH,JADI MAKMUR,Aman
ROKAN HILIR,BAGAN SINEMBAH,MURINI MAKMUR,Aman
ROKAN HILIR,BAGAN SINEMBAH,BAKTI JAYA,Aman
ROKAN HILIR,SIMPANG KANAN,SIMPANG KANAN,Aman
ROKAN HILIR,SIMPANG KANAN,KOTA PARIT,Aman
ROKAN HILIR,SIMPANG KANAN,BAGAN NIBUNG,Aman
ROKAN HILIR,SIMPANG KANAN,BUKIT DAMAR,Aman
ROKAN HILIR,SIMPANG KANAN,BUKIT MAS,Aman
ROKAN HILIR,SIMPANG KANAN,BUKIT SELAMAT,Aman
ROKAN HILIR,BAGAN SINEMBAH RAYA,BAGAN SINEMBAH KOTA,Aman
ROKAN HILIR,BAGAN SINEMBAH RAYA,HARAPAN MAKMUR SELATAN,Aman
ROKAN HILIR,BAGAN SINEMBAH RAYA,HARAPAN MAKMUR,Aman
ROKAN HILIR,BAGAN SINEMBAH RAYA,BAGAN SINEMBAH,Aman
ROKAN HILIR,BAGAN SINEMBAH RAYA,SALAK,Aman
ROKAN HILIR,BAGAN SINEMBAH RAYA,PANCA MUKTI,Aman
ROKAN HILIR,BAGAN SINEMBAH RAYA,MAKMUR JAYA,Aman
ROKAN HILIR,BAGAN SINEMBAH RAYA,BAGAN SINEMBAH BARAT,Aman
ROKAN HILIR,BAGAN SINEMBAH RAYA,BAGAN SINEMBAH TIMUR,Aman
ROKAN HILIR,BAGAN SINEMBAH RAYA,BAGAN SINEMBAH UTARA,Aman
ROKAN HILIR,BAGAN SINEMBAH RAYA,AMPAIAN ROTAN MAKMUR,Aman
ROKAN HILIR,BAGAN SINEMBAH RAYA,SUKA JADI JAYA,Aman
ROKAN HILIR,BAGAN SINEMBAH RAYA,BAGAN SINEMBAH JAYA,Aman
ROKAN HILIR,BALAI JAYA,PASIR PUTIH,Aman
ROKAN HILIR,BALAI JAYA,BALAI JAYA,Aman
ROKAN HILIR,BALAI JAYA,BALAM SEMPURNA,Aman
ROKAN HILIR,BALAI JAYA,BALAM SEMPURNA KOTA,Aman
ROKAN HILIR,BALAI JAYA,BALAM JAYA,Aman
ROKAN HILIR,BALAI JAYA,BALAI JAYA KOTA,Aman
ROKAN HILIR,BALAI JAYA,PASIR PUTIH UTARA,Aman
ROKAN HILIR,BALAI JAYA,KENCANA,Aman
ROKAN HILIR,BALAI JAYA,BAGAN BHAKTI,Aman
ROKAN HILIR,BALAI JAYA,PASIR PUTIH BARAT,Aman
ROKAN HILIR,BALAI JAYA,LUBUK JAWI,Aman
ROKAN HILIR,KUBU,TELUK MERBAU,Aman
ROKAN HILIR,KUBU,RANTAU PANJANG KANAN,Aman
ROKAN HILIR,KUBU,SUNGAI KUBU,Aman
ROKAN HILIR,KUBU,TANJUNG LEBAN,Aman
ROKAN HILIR,KUBU,SUNGAI SIGAJAH,Aman
ROKAN HILIR,KUBU,TELUK PIYAI,Aman
ROKAN HILIR,KUBU,SEI SEGAJAH MAKMUR,Aman
ROKAN HILIR,KUBU,SUNGAI KUBU HULU,Aman
ROKAN HILIR,KUBU,TELUK PIYAI PESISIR,Aman
ROKAN HILIR,KUBU,SUNGAI SIGAJAH JAYA,Aman
ROKAN HILIR,PASIR LIMAU KAPAS,SUNGAI DAUN,Aman
ROKAN HILIR,PASIR LIMAU KAPAS,PASIR LIMAU KAPAS,Aman
ROKAN HILIR,PASIR LIMAU KAPAS,PANIPAHAN,Aman
ROKAN HILIR,PASIR LIMAU KAPAS,TELUK PULAI,Aman
ROKAN HILIR,PASIR LIMAU KAPAS,PANIPAHAN LAUT,Aman
ROKAN HILIR,PASIR LIMAU KAPAS,PANIPAHAN DARAT,Aman
ROKAN HILIR,PASIR LIMAU KAPAS,PULAU JEMUR,Aman
ROKAN HILIR,KUBU BABUSSALAM,TELUK NILAP,Aman
ROKAN HILIR,KUBU BABUSSALAM,SUNGAI MAJO,Aman
ROKAN HILIR,KUBU BABUSSALAM,SUNGAI PINANG,Aman
ROKAN HILIR,KUBU BABUSSALAM,RANTAU PANJANG KIRI,Aman
ROKAN HILIR,KUBU BABUSSALAM,RANTAU PANJANG KIRI HILIR,Aman
ROKAN HILIR,KUBU BABUSSALAM,JOJOL,Aman
ROKAN HILIR,KUBU BABUSSALAM,SUNGAI PANJI PANJI,Aman
ROKAN HILIR,KUBU BABUSSALAM,PULAU HALANG BELAKANG,Aman
ROKAN HILIR,KUBU BABUSSALAM,PULAU HALANG MUKA,Aman
ROKAN HILIR,KUBU BABUSSALAM,SUNGAI MAJO PUSAKO,Aman
ROKAN HILIR,KUBU BABUSSALAM,PULAU HALANG HULU,Bahaya
ROKAN HILIR,BANGKO,LABUHAN TANGGA KECIL,Aman
ROKAN HILIR,BANGKO,LABUHAN TANGGA BESAR,Aman
ROKAN HILIR,BANGKO,BAGAN PUNAK,Aman
ROKAN HILIR,BANGKO,BAGAN HULU,Bahaya
ROKAN HILIR,BANGKO,BAGAN TIMUR,Aman
ROKAN HILIR,BANGKO,BAGAN KOTA,Aman
ROKAN HILIR,BANGKO,BAGAN BARAT,Aman
ROKAN HILIR,BANGKO,BAGAN JAWA,Aman
ROKAN HILIR,BANGKO,PARIT AMAN,Aman
ROKAN HILIR,BANGKO,LABUHAN TANGGA BARU,Aman
ROKAN HILIR,BANGKO,BAGAN PUNAK PESISIR,Aman
ROKAN HILIR,BANGKO,BAGAN JAWA PESISIR,Aman
ROKAN HILIR,BANGKO,BAGAN PUNAK MERANTI,Aman
ROKAN HILIR,BANGKO,SERUSA,Aman
ROKAN HILIR,BANGKO,LABUHAN TANGGA HILIR,Aman
ROKAN HILIR,SINABOI,RAJA BEJAMU,Aman
ROKAN HILIR,SINABOI,SUNGAI BAKAU,Aman
ROKAN HILIR,SINABOI,SINABOI,Aman
ROKAN HILIR,SINABOI,SEI NYAMUK,Aman
ROKAN HILIR,SINABOI,DARUSSALAM,Aman
ROKAN HILIR,BATU HAMPAR,BANTAYAN,Aman
ROKAN HILIR,BATU HAMPAR,BANTAYAN BARU,Aman
ROKAN HILIR,BATU HAMPAR,BANTAYAN HILIR,Aman
ROKAN HILIR,BATU HAMPAR,SUNGAI SIALANG HULU,Aman
ROKAN HILIR,BATU HAMPAR,SUNGAI SIALANG,Aman
ROKAN HILIR,PEKAITAN,ROKAN BARU,Aman
ROKAN HILIR,PEKAITAN,TELUK BANO II,Aman
ROKAN HILIR,PEKAITAN,SUAK TEMENGGUNG,Aman
ROKAN HILIR,PEKAITAN,PEDAMARAN,Aman
ROKAN HILIR,PEKAITAN,SUAK AIR HITAM,Aman
ROKAN HILIR,PEKAITAN,SUNGAI BESAR,Aman
ROKAN HILIR,PEKAITAN,PEKAITAN,Aman
ROKAN HILIR,PEKAITAN,KUBU I,Aman
ROKAN HILIR,PEKAITAN,KARYA MULYO SARI,Aman
ROKAN HILIR,PEKAITAN,ROKAN BARU PESISIR,Aman
ROKAN HILIR,RIMBA MELINTANG,KARYA MUKTI,Aman
ROKAN HILIR,RIMBA MELINTANG,RIMBA MELINTANG,Aman
ROKAN HILIR,RIMBA MELINTANG,JUMRAH,Aman
ROKAN HILIR,RIMBA MELINTANG,TELUK PULAU HULU,Aman
ROKAN HILIR,RIMBA MELINTANG,TELUK PULAU HILIR,Aman
ROKAN HILIR,RIMBA MELINTANG,LENGGADAI HULU,Aman
ROKAN HILIR,RIMBA MELINTANG,MUKTI JAYA,Aman
ROKAN HILIR,RIMBA MELINTANG,LENGGADAI HILIR,Aman
ROKAN HILIR,RIMBA MELINTANG,PEMATANG BOTAM,Aman
ROKAN HILIR,RIMBA MELINTANG,HARAPAN JAYA,Aman
ROKAN HILIR,RIMBA MELINTANG,SEREMBAN JAYA,Aman
ROKAN HILIR,RIMBA MELINTANG,PEMATANG SIKEK,Aman
ROKAN HILIR,BANGKO PUSAKO,BANGKO SEMPURNA,Aman
ROKAN HILIR,BANGKO PUSAKO,BANGKO BAKTI,Aman
ROKAN HILIR,BANGKO PUSAKO,BANGKO JAYA,Aman
ROKAN HILIR,BANGKO PUSAKO,BANGKO PUSAKA,Aman
ROKAN HILIR,BANGKO PUSAKO,BANGKO MAKMUR,Aman
ROKAN HILIR,BANGKO PUSAKO,BANGKO KIRI,Aman
ROKAN HILIR,BANGKO PUSAKO,BANGKO KANAN,Aman
ROKAN HILIR,BANGKO PUSAKO,SUNGAI MANASIB,Aman
ROKAN HILIR,BANGKO PUSAKO,TELUK BANO I,Aman
ROKAN HILIR,BANGKO PUSAKO,PEMATANG IBUL,Aman
ROKAN HILIR,BANGKO PUSAKO,PEMATANG DAMAR,Aman
ROKAN HILIR,BANGKO PUSAKO,BANGKO PERMATA,Aman
ROKAN HILIR,BANGKO PUSAKO,BANGKO MUKTI,Aman
ROKAN HILIR,BANGKO PUSAKO,BANGKO LESTARI,Aman
ROKAN HILIR,BANGKO PUSAKO,BANGKO BALAM,Aman
ROKAN HILIR,BANGKO PUSAKO,BANGKO MASRAYA,Aman
KEPULAUAN MERANTI,TEBING TINGGI BARAT,TANJUNG PERANAP,Aman
KEPULAUAN MERANTI,TEBING TINGGI BARAT,TANJUNG,Aman
KEPULAUAN MERANTI,TEBING TINGGI BARAT,INSIT,Bahaya
KEPULAUAN MERANTI,TEBING TINGGI BARAT,TENAN,Aman
KEPULAUAN MERANTI,TEBING TINGGI BARAT,KUNDUR,Aman
KEPULAUAN MERANTI,TEBING TINGGI BARAT,BATANG MALAS,Aman
KEPULAUAN MERANTI,TEBING TINGGI BARAT,ALAI,Aman
KEPULAUAN MERANTI,TEBING TINGGI BARAT,MEKONG,Aman
KEPULAUAN MERANTI,TEBING TINGGI BARAT,MANTIASA,Aman
KEPULAUAN MERANTI,TEBING TINGGI BARAT,GOGOK DARUSSALAM,Aman
KEPULAUAN MERANTI,TEBING TINGGI BARAT,MAINI DARUL AMAN,Aman
KEPULAUAN MERANTI,TEBING TINGGI BARAT,MENGKIKIP,Aman
KEPULAUAN MERANTI,TEBING TINGGI BARAT,ALAI SELATAN,Aman
KEPULAUAN MERANTI,TEBING TINGGI BARAT,TANJUNG DARUL TAKZIM,Aman
KEPULAUAN MERANTI,TEBING TINGGI,SESAP,Aman
KEPULAUAN MERANTI,TEBING TINGGI,BANGLAS BARAT,Bahaya
KEPULAUAN MERANTI,TEBING TINGGI,BANGLAS,Bahaya
KEPULAUAN MERANTI,TEBING TINGGI,SELAT PANJANG TIMUR,Bahaya
KEPULAUAN MERANTI,TEBING TINGGI,SELAT PANJANG SELATAN,Bahaya
KEPULAUAN MERANTI,TEBING TINGGI,ALAH AIR,Bahaya
KEPULAUAN MERANTI,TEBING TINGGI,ALAH AIR TIMUR,Aman
KEPULAUAN MERANTI,TEBING TINGGI,SELAT PANJANG BARAT,Bahaya
KEPULAUAN MERANTI,TEBING TINGGI,SELAT PANJANG KOTA,Bahaya
KEPULAUAN MERANTI,TEBING TINGGI TIMUR,KEPAU BARU,Aman
KEPULAUAN MERANTI,TEBING TINGGI TIMUR,TELUK BUNTAL,Aman
KEPULAUAN MERANTI,TEBING TINGGI TIMUR,TANJUNG GADAI,Aman
KEPULAUAN MERANTI,TEBING TINGGI TIMUR,TANJUNG SARI,Aman
KEPULAUAN MERANTI,TEBING TINGGI TIMUR,NIPAH SENDANU,Aman
KEPULAUAN MERANTI,TEBING TINGGI TIMUR,SUNGAI TOHOR,Aman
KEPULAUAN MERANTI,TEBING TINGGI TIMUR,LUKUN,Aman
KEPULAUAN MERANTI,TEBING TINGGI TIMUR,SUNGAI TOHOR BARAT,Aman
KEPULAUAN MERANTI,TEBING TINGGI TIMUR,SENDANU DARUL IHSAN,Aman
KEPULAUAN MERANTI,TEBING TINGGI TIMUR,BATIN SUIR,Bahaya
KEPULAUAN MERANTI,RANGSANG,REPAN,Aman
KEPULAUAN MERANTI,RANGSANG,PENYAGUN,Aman
KEPULAUAN MERANTI,RANGSANG,GEMALA SARI,Aman
KEPULAUAN MERANTI,RANGSANG,SUNGAI GAYUNG KIRI,Aman
KEPULAUAN MERANTI,RANGSANG,TANJUNG MEDANG,Aman
KEPULAUAN MERANTI,RANGSANG,TELUK SAMAK,Aman
KEPULAUAN MERANTI,RANGSANG,TANJUNG SAMAK,Aman
KEPULAUAN MERANTI,RANGSANG,TANJUNG BAKAU,Aman
KEPULAUAN MERANTI,RANGSANG,TOPANG,Aman
KEPULAUAN MERANTI,RANGSANG,CITRA DAMAI,Aman
KEPULAUAN MERANTI,RANGSANG,DWI TUNGGAL,Aman
KEPULAUAN MERANTI,RANGSANG,WONOSARI,Aman
KEPULAUAN MERANTI,RANGSANG,TEBUN,Aman
KEPULAUAN MERANTI,RANGSANG,TANJUNG GEMUK,Aman
KEPULAUAN MERANTI,RANGSANG PESISIR,BETING,Aman
KEPULAUAN MERANTI,RANGSANG PESISIR,SOKOP,Aman
KEPULAUAN MERANTI,RANGSANG PESISIR,BUNGUR,Aman
KEPULAUAN MERANTI,RANGSANG PESISIR,TANJUNG KEDABU,Aman
KEPULAUAN MERANTI,RANGSANG PESISIR,TELESUNG,Aman
KEPULAUAN MERANTI,RANGSANG PESISIR,TENGGAYUN RAYA,Aman
KEPULAUAN MERANTI,RANGSANG PESISIR,SONDE,Aman
KEPULAUAN MERANTI,RANGSANG PESISIR,KAYU ARA,Aman
KEPULAUAN MERANTI,RANGSANG PESISIR,TANAH MERAH,Aman
KEPULAUAN MERANTI,RANGSANG PESISIR,KEDABU RAPAT,Aman
KEPULAUAN MERANTI,RANGSANG PESISIR,SENDAUR,Aman
KEPULAUAN MERANTI,RANGSANG PESISIR,TENGGAYUN,Aman
KEPULAUAN MERANTI,RANGSANG BARAT,BANTAR,Aman
KEPULAUAN MERANTI,RANGSANG BARAT,ANAK SETATAH,Aman
KEPULAUAN MERANTI,RANGSANG BARAT,SEGOMENG,Aman
KEPULAUAN MERANTI,RANGSANG BARAT,SIALANG PASUNG,Aman
KEPULAUAN MERANTI,RANGSANG BARAT,LEMANG,Aman
KEPULAUAN MERANTI,RANGSANG BARAT,SUNGAI CINA,Aman
KEPULAUAN MERANTI,RANGSANG BARAT,BINA MAJU,Aman
KEPULAUAN MERANTI,RANGSANG BARAT,TELAGA BARU,Aman
KEPULAUAN MERANTI,RANGSANG BARAT,BOKOR,Aman
KEPULAUAN MERANTI,RANGSANG BARAT,MELAI,Aman
KEPULAUAN MERANTI,RANGSANG BARAT,PERMAI,Aman
KEPULAUAN MERANTI,RANGSANG BARAT,MEKAR BARU,Aman
KEPULAUAN MERANTI,MERBAU,LUKIT,Aman
KEPULAUAN MERANTI,MERBAU,MERANTI BUNTING / MERBAU,Bahaya
KEPULAUAN MERANTI,MERBAU,TANJUNG KULIM,Aman
KEPULAUAN MERANTI,MERBAU,PELANTAI,Aman
KEPULAUAN MERANTI,MERBAU,MEKAR SARI,Aman
KEPULAUAN MERANTI,MERBAU,TELUK BELITUNG,Aman
KEPULAUAN MERANTI,MERBAU,BAGAN MELIBUR,Aman
KEPULAUAN MERANTI,MERBAU,MAYANG SARI,Bahaya
KEPULAUAN MERANTI,MERBAU,SUNGAI ANAK KAMAL,Aman
KEPULAUAN MERANTI,MERBAU,BAGAN MELIBUR,Aman
KEPULAUAN MERANTI,MERBAU,SUNGAI TENGAH,Aman
KEPULAUAN MERANTI,PULAU MERBAU,TELUK KETAPANG,Aman
KEPULAUAN MERANTI,PULAU MERBAU,SEMUKUT,Aman
KEPULAUAN MERANTI,PULAU MERBAU,CENTAI,Aman
KEPULAUAN MERANTI,PULAU MERBAU,TANJUNG BUNGA,Aman
KEPULAUAN MERANTI,PULAU MERBAU,RENAK DUNGUN,Aman
KEPULAUAN MERANTI,PULAU MERBAU,BARAN MELINTANG,Aman
KEPULAUAN MERANTI,PULAU MERBAU,KUALA MERBAU,Aman
KEPULAUAN MERANTI,PULAU MERBAU,BATANG MERANTI,Aman
KEPULAUAN MERANTI,PULAU MERBAU,PANGKALAN BALAI,Aman
KEPULAUAN MERANTI,PULAU MERBAU,PADANG KAMAL,Aman
KEPULAUAN MERANTI,PULAU MERBAU,KETAPANG PERMAI,Aman
KEPULAUAN MERANTI,PUTRI PUYU,MENGKIRAU,Aman
KEPULAUAN MERANTI,PUTRI PUYU,MENGKOPOT,Aman
KEPULAUAN MERANTI,PUTRI PUYU,TANJUNG PISANG,Aman
KEPULAUAN MERANTI,PUTRI PUYU,SELAT AKAR,Aman
KEPULAUAN MERANTI,PUTRI PUYU,BANDUL,Aman
KEPULAUAN MERANTI,PUTRI PUYU,KUDAP,Aman
KEPULAUAN MERANTI,PUTRI PUYU,DEDAP,Aman
KEPULAUAN MERANTI,PUTRI PUYU,MEKAR DELIMA,Aman
KEPULAUAN MERANTI,PUTRI PUYU,PUTRI PUYU,Aman
KEPULAUAN MERANTI,PUTRI PUYU,TANJUNG PADANG,Aman
