1;Kota Bengkulu;1;Ratu Agung;1;Sawah Lebar;Bahaya
;Kota Bengkulu;;Ratu Agung;2;Kebun Beler;Siaga
;Kota Bengkulu;;Ratu Agung;3;Kebun Kenanga;Siaga
;Kota Bengkulu;;Ratu Agung;4;Kebun Tebeng;Waspada
;Kota Bengkulu;;Ratu Agung;5;Lempuing;Waspada
;Kota Bengkulu;;Ratu Agung;6;Nusa Indah;Siaga
;Kota Bengkulu;;Ratu Agung;7;Sawah Lebar Baru;Siaga
;Kota Bengkulu;;Ratu Agung;8;Tanah Patah;Siaga
;Kota Bengkulu;2;Muara Bangkahulu;1;Kel.Bentiring;Siaga
;Kota Bengkulu;;Muara Bangkahulu;2;Kel.Bentiring Permai;Siaga
;Kota Bengkulu;;Muara Bangkahulu;3;Kel.Beringin Raya;Siaga
;Kota Bengkulu;;Muara Bangkahulu;4;Kel.Kandang Limun;Siaga
;Kota Bengkulu;;Muara Bangkahulu;5;Kel.Pematang Gubernur;Siaga
;Kota Bengkulu;;Muara Bangkahulu;6;Kel.Rawa Makmur;Siaga
;Kota Bengkulu;;Muara Bangkahulu;7;Rawa Makmur Permai;Siaga
;Kota Bengkulu;3;Selebar;1;Kel.Betungan;Siaga
;Kota Bengkulu;;Selebar;2;Bumi Ayu;Siaga
;Kota Bengkulu;;Selebar;3;Pagar Dewa;Bahaya
;Kota Bengkulu;;Selebar;4;Pekan Sabtu;Siaga
;Kota Bengkulu;;Selebar;5;Sukarami;Siaga
;Kota Bengkulu;;Selebar;6;Sumur Dewa;Siaga
;Kota Bengkulu;4;Ratu Samban;1;Anggut Atas;Siaga
;Kota Bengkulu;;Ratu Samban;2;Anggut Bawah;Siaga
;Kota Bengkulu;;Ratu Samban;3;Anggut Dalam;Siaga
;Kota Bengkulu;;Ratu Samban;4;Belakang Pondok;Siaga
;Kota Bengkulu;;Ratu Samban;5;Kebun Dahri;Siaga
;Kota Bengkulu;;Ratu Samban;6;Kebun Geran;Siaga
;Kota Bengkulu;;Ratu Samban;7;Padang Jati;Siaga
;Kota Bengkulu;5;Singaran Pati;1;Dusun Besar;Siaga
;Kota Bengkulu;;Singaran Pati;2;Jembatan Kecil;Siaga
;Kota Bengkulu;;Singaran Pati;3;Lingkar Timur;Siaga
;Kota Bengkulu;;Singaran Pati;4;Padang Nangka;Siaga
;Kota Bengkulu;;Singaran Pati;5;Panorama;Waspada
;Kota Bengkulu;;Singaran Pati;6;Timur Indah;Siaga
;Kota Bengkulu;6;Sungai Serut;1;Kampung Kelawi;Siaga
;Kota Bengkulu;;Sungai Serut;2;Pasar Bengkulu;Siaga
;Kota Bengkulu;;Sungai Serut;3;Semarang;Siaga
;Kota Bengkulu;;Sungai Serut;4;Surabaya;Siaga
;Kota Bengkulu;;Sungai Serut;5;Suka Merindu;Siaga
;Kota Bengkulu;;Sungai Serut;6;Tanjung Agung;Siaga
;Kota Bengkulu;;Sungai Serut;7;Tanjung Jaya;Siaga
;Kota Bengkulu;7;Teluk Segara;1;Bajak;Siaga
;Kota Bengkulu;;Teluk Segara;2;Berkas;Siaga
;Kota Bengkulu;;Teluk Segara;3;Jitra;Siaga
;Kota Bengkulu;;Teluk Segara;4;Kampung Bali;Siaga
;Kota Bengkulu;;Teluk Segara;5;Kebun Keling;Siaga
;Kota Bengkulu;;Teluk Segara;6;Kebun Ros;Siaga
;Kota Bengkulu;;Teluk Segara;7;Malabero;Siaga
;Kota Bengkulu;;Teluk Segara;8;Pasar Baru;Siaga
;Kota Bengkulu;;Teluk Segara;9;Pasar Melintang;Siaga
;Kota Bengkulu;;Teluk Segara;10;Pintu Batu;Siaga
;Kota Bengkulu;;Teluk Segara;11;Pondok Besi;Siaga
;Kota Bengkulu;;Teluk Segara;12;Sumur Meleleh;Siaga
;Kota Bengkulu;;Teluk Segara;13;Tengah Padang;Siaga
;Kota Bengkulu;8;Gading Cempaka;1;Cempaka Permai;Siaga
;Kota Bengkulu;;Gading Cempaka;2;Jalan Gedang;Siaga
;Kota Bengkulu;;Gading Cempaka;3;Lingkar Barat;Siaga
;Kota Bengkulu;;Gading Cempaka;4;Padang Harapan;Siaga
;Kota Bengkulu;;Gading Cempaka;5;Sido Mulyo;Siaga
;Kota Bengkulu;9;Kampung Melayu;1;Kandang;Waspada
;Kota Bengkulu;;Kampung Melayu;2;Kandang Mas;Bahaya
;Kota Bengkulu;;Kampung Melayu;3;Muara Dua;Siaga
;Kota Bengkulu;;Kampung Melayu;4;Padang Serai;Siaga
;Kota Bengkulu;;Kampung Melayu;5;Sumber Jaya;Bahaya
;Kota Bengkulu;;Kampung Melayu;6;Teluk Sepang;Siaga
2;Kab. Bengkulu Selatan;1;Kedurang;1;Batu Ampar;Siaga
;Kab. Bengkulu Selatan;;Kedurang;2;Bumi Agung;Siaga
;Kab. Bengkulu Selatan;;Kedurang;3;Durian Sebatang;Siaga
;Kab. Bengkulu Selatan;;Kedurang;4;Karang Agung;Siaga
;Kab. Bengkulu Selatan;;Kedurang;5;Keban Agung I;Siaga
;Kab. Bengkulu Selatan;;Kedurang;6;Keban Agung II;Siaga
;Kab. Bengkulu Selatan;;Kedurang;7;Keban Agung III;Siaga
;Kab. Bengkulu Selatan;;Kedurang;8;Lawang Agung;Siaga
;Kab. Bengkulu Selatan;;Kedurang;9;Lubuk Resam;Siaga
;Kab. Bengkulu Selatan;;Kedurang;10;Muara Tiga;Siaga
;Kab. Bengkulu Selatan;;Kedurang;11;Muara Tiga Ilir;Siaga
;Kab. Bengkulu Selatan;;Kedurang;12;Nanti Agung;Siaga
;Kab. Bengkulu Selatan;;Kedurang;13;Pajar Bulan;Siaga
;Kab. Bengkulu Selatan;;Kedurang;14;Palak Siring;Siaga
;Kab. Bengkulu Selatan;;Kedurang;15;Rantau Sialang;Siaga
;Kab. Bengkulu Selatan;;Kedurang;16;Suka Nanti;Siaga
;Kab. Bengkulu Selatan;;Kedurang;17;Tanjung Alam;Siaga
;Kab. Bengkulu Selatan;;Kedurang;18;Tanjung Besar;Siaga
;Kab. Bengkulu Selatan;;Kedurang;19;Tanjung Negara;Siaga
;Kab. Bengkulu Selatan;2;Seginim;1;Pasar Baru;Siaga
;Kab. Bengkulu Selatan;;Seginim;2;Babatan Ilir;Siaga
;Kab. Bengkulu Selatan;;Seginim;3;Babatan Ulu;Siaga
;Kab. Bengkulu Selatan;;Seginim;4;Banding Agung;Siaga
;Kab. Bengkulu Selatan;;Seginim;5;Darat Sawah;Siaga
;Kab. Bengkulu Selatan;;Seginim;6;Darat Sawah Ulu;Siaga
;Kab. Bengkulu Selatan;;Seginim;7;Durian Seginim;Siaga
;Kab. Bengkulu Selatan;;Seginim;8;Dusun Baru;Siaga
;Kab. Bengkulu Selatan;;Seginim;9;Dusun Tengah;Siaga
;Kab. Bengkulu Selatan;;Seginim;10;Gunung Ayu;Siaga
;Kab. Bengkulu Selatan;;Seginim;11;Kota Agung;Siaga
;Kab. Bengkulu Selatan;;Seginim;12;Kota Bumi Baru;Siaga
;Kab. Bengkulu Selatan;;Seginim;13;Muara Danau;Siaga
;Kab. Bengkulu Selatan;;Seginim;14;Muara Payang;Siaga
;Kab. Bengkulu Selatan;;Seginim;15;Muara Pulutan;Siaga
;Kab. Bengkulu Selatan;;Seginim;16;Padang Lebar;Siaga
;Kab. Bengkulu Selatan;;Seginim;17;Tanjung Menang;Siaga
;Kab. Bengkulu Selatan;;Seginim;18;Pajar Bulan;Siaga
;Kab. Bengkulu Selatan;;Seginim;19;Padang Siring;Siaga
;Kab. Bengkulu Selatan;;Seginim;20;Sindang Bulan;Siaga
;Kab. Bengkulu Selatan;;Seginim;21;Sukaraja;Siaga
;Kab. Bengkulu Selatan;;Seginim;22;Tanjung Agung;Siaga
;Kab. Bengkulu Selatan;3;Pino;1;Masat;Siaga
;Kab. Bengkulu Selatan;;Pino;2;Air Umban;Siaga
;Kab. Bengkulu Selatan;;Pino;3;Anggut;Siaga
;Kab. Bengkulu Selatan;;Pino;4;Batu Bandung;Siaga
;Kab. Bengkulu Selatan;;Pino;5;Beringin Datar;Siaga
;Kab. Bengkulu Selatan;;Pino;6;Ganjuh;Siaga
;Kab. Bengkulu Selatan;;Pino;7;Gedung Agung;Siaga
;Kab. Bengkulu Selatan;;Pino;8;Kota Bumi;Siaga
;Kab. Bengkulu Selatan;;Pino;9;Padang Lebar;Siaga
;Kab. Bengkulu Selatan;;Pino;10;Padang Mumpo;Siaga
;Kab. Bengkulu Selatan;;Pino;11;Padang Tambak;Siaga
;Kab. Bengkulu Selatan;;Pino;12;Puding;Siaga
;Kab. Bengkulu Selatan;;Pino;13;Sebilo;Siaga
;Kab. Bengkulu Selatan;;Pino;14;Tanjung Aur I;Siaga
;Kab. Bengkulu Selatan;;Pino;15;Tanjung Eran;Siaga
;Kab. Bengkulu Selatan;;Pino;16;Ulak Lebar;Siaga
;Kab. Bengkulu Selatan;4;Manna;1;Kayu Kunyit;Siaga
;Kab. Bengkulu Selatan;;Manna;2;Gunung Kembang;Siaga
;Kab. Bengkulu Selatan;;Manna;3;Gunung Sakti;Siaga
;Kab. Bengkulu Selatan;;Manna;4;Jeranglah Rendah;Siaga
;Kab. Bengkulu Selatan;;Manna;5;Jeranglah Tinggi;Siaga
;Kab. Bengkulu Selatan;;Manna;6;Kembang Ayun;Siaga
;Kab. Bengkulu Selatan;;Manna;7;Ketaping;Waspada
;Kab. Bengkulu Selatan;;Manna;8;Kota Padang;Siaga
;Kab. Bengkulu Selatan;;Manna;9;Lubuk Sirih Ilir;Siaga
;Kab. Bengkulu Selatan;;Manna;10;Lubuk Sirih Ulu;Siaga
;Kab. Bengkulu Selatan;;Manna;11;Manggul;Siaga
;Kab. Bengkulu Selatan;;Manna;12;Mela'o;Siaga
;Kab. Bengkulu Selatan;;Manna;13;Padang Manis;Siaga
;Kab. Bengkulu Selatan;;Manna;14;Padang Pandan;Siaga
;Kab. Bengkulu Selatan;;Manna;15;Tambangan;Siaga
;Kab. Bengkulu Selatan;;Manna;16;Tanjung Besar;Siaga
;Kab. Bengkulu Selatan;;Manna;17;Tanjung Raman;Siaga
;Kab. Bengkulu Selatan;;Manna;18;Terulung;Siaga
;Kab. Bengkulu Selatan;5;Kota Manna;1;Gunung Ayu;Siaga
;Kab. Bengkulu Selatan;;Kota Manna;2;Ibul;Siaga
;Kab. Bengkulu Selatan;;Kota Manna;3;Kel.Kampung Baru;Siaga
;Kab. Bengkulu Selatan;;Kota Manna;4;Kota Medan;Siaga
;Kab. Bengkulu Selatan;;Kota Manna;5;Padang Kapuk;Siaga
;Kab. Bengkulu Selatan;;Kota Manna;6;Pasar Baru;Siaga
;Kab. Bengkulu Selatan;;Kota Manna;7;Gelumbang;Siaga
;Kab. Bengkulu Selatan;;Kota Manna;8;Padang Berangin;Siaga
;Kab. Bengkulu Selatan;;Kota Manna;9;Pagar Dewa;Siaga
;Kab. Bengkulu Selatan;;Kota Manna;10;Padang Niur;Siaga
;Kab. Bengkulu Selatan;;Kota Manna;11;Tebat Kubu;Siaga
;Kab. Bengkulu Selatan;6;Pino Raya;1;Air Kemang;Siaga
;Kab. Bengkulu Selatan;;Pino Raya;2;Bandung Ayu;Siaga
;Kab. Bengkulu Selatan;;Pino Raya;3;Cinto Mandi;Siaga
;Kab. Bengkulu Selatan;;Pino Raya;4;Karang Cayo;Siaga
;Kab. Bengkulu Selatan;;Pino Raya;5;Kemang Manis;Siaga
;Kab. Bengkulu Selatan;;Pino Raya;6;Kembang Seri;Siaga
;Kab. Bengkulu Selatan;;Pino Raya;7;Nanjungan;Siaga
;Kab. Bengkulu Selatan;;Pino Raya;8;Napal Melintang;Siaga
;Kab. Bengkulu Selatan;;Pino Raya;9;Padang Beriang;Siaga
;Kab. Bengkulu Selatan;;Pino Raya;10;Padang Serasan;Siaga
;Kab. Bengkulu Selatan;;Pino Raya;11;Pagar Gading ;Siaga
;Kab. Bengkulu Selatan;;Pino Raya;12;Pasar Pino;Siaga
;Kab. Bengkulu Selatan;;Pino Raya;13;Selali;Siaga
;Kab. Bengkulu Selatan;;Pino Raya;14;Serang Bulan;Siaga
;Kab. Bengkulu Selatan;;Pino Raya;15;Suka Bandung;Siaga
;Kab. Bengkulu Selatan;;Pino Raya;16;Tanjung Aur II;Siaga
;Kab. Bengkulu Selatan;;Pino Raya;17;Tanggo Raso;Siaga
;Kab. Bengkulu Selatan;;Pino Raya;18;Talang Padang;Siaga
;Kab. Bengkulu Selatan;;Pino Raya;19;Telaga Dalam;Siaga
;Kab. Bengkulu Selatan;;Pino Raya;20;Tungkal I;Siaga
;Kab. Bengkulu Selatan;;Pino Raya;21;Tungkal II;Siaga
;Kab. Bengkulu Selatan;7;Kedurang Ilir;1;Air Sulau;Siaga
;Kab. Bengkulu Selatan;;Kedurang Ilir;2;Betungan;Siaga
;Kab. Bengkulu Selatan;;Kedurang Ilir;3;Karang Caya;Siaga
;Kab. Bengkulu Selatan;;Kedurang Ilir;4;Limus;Siaga
;Kab. Bengkulu Selatan;;Kedurang Ilir;5;Lubuk Ladung;Siaga
;Kab. Bengkulu Selatan;;Kedurang Ilir;6;Nanjungan;Siaga
;Kab. Bengkulu Selatan;;Kedurang Ilir;7;Padang Bindu;Siaga
;Kab. Bengkulu Selatan;;Kedurang Ilir;8;Pagar Banyu;Siaga
;Kab. Bengkulu Selatan;;Kedurang Ilir;9;Penindaian;Siaga
;Kab. Bengkulu Selatan;;Kedurang Ilir;10;Suka Jaya;Siaga
;Kab. Bengkulu Selatan;;Kedurang Ilir;11;Sukarami;Siaga
;Kab. Bengkulu Selatan;;Kedurang Ilir;12;Sukaraja;Siaga
;Kab. Bengkulu Selatan;8;Air Nipis;1;Keban Jati;Siaga
;Kab. Bengkulu Selatan;;Air Nipis;2;Palak Bengkerung ;Siaga
;Kab. Bengkulu Selatan;;Air Nipis;3;Penandingan;Siaga
;Kab. Bengkulu Selatan;;Air Nipis;4;Pino Baru;Siaga
;Kab. Bengkulu Selatan;;Air Nipis;5;Maras;Siaga
;Kab. Bengkulu Selatan;;Air Nipis;6;Suka Bandung;Siaga
;Kab. Bengkulu Selatan;;Air Nipis;7;Suka Negeri;Siaga
;Kab. Bengkulu Selatan;;Air Nipis;8;Sukamaju;Siaga
;Kab. Bengkulu Selatan;;Air Nipis;9;Sukarami;Siaga
;Kab. Bengkulu Selatan;;Air Nipis;10;Tanjung Beringin;Siaga
;Kab. Bengkulu Selatan;9;Ulu Manna;1;Tenam Dalam;Siaga
;Kab. Bengkulu Selatan;;Ulu Manna;2;Bandar Agung;Siaga
;Kab. Bengkulu Selatan;;Ulu Manna;3;Batu Kuning;Siaga
;Kab. Bengkulu Selatan;;Ulu Manna;4;Batu Panco;Siaga
;Kab. Bengkulu Selatan;;Ulu Manna;5;Kayu Ajaran;Siaga
;Kab. Bengkulu Selatan;;Ulu Manna;6;Keban Jati;Siaga
;Kab. Bengkulu Selatan;;Ulu Manna;7;Lubuk Tapi;Siaga
;Kab. Bengkulu Selatan;;Ulu Manna;8;Merambung;Siaga
;Kab. Bengkulu Selatan;;Ulu Manna;9;Simpang Pino;Siaga
;Kab. Bengkulu Selatan;;Ulu Manna;10;Talang Tinggi;Siaga
;Kab. Bengkulu Selatan;10;Bunga Mas;1;Gindo Suli;Siaga
;Kab. Bengkulu Selatan;;Bunga Mas;2;Gunung Kayo;Siaga
;Kab. Bengkulu Selatan;;Bunga Mas;3;Kuripan;Siaga
;Kab. Bengkulu Selatan;;Bunga Mas;4;Padang Burnai;Siaga
;Kab. Bengkulu Selatan;;Bunga Mas;5;Padang Jawi;Siaga
;Kab. Bengkulu Selatan;;Bunga Mas;6;Padang Nibung;Siaga
;Kab. Bengkulu Selatan;;Bunga Mas;7;Talang Indah;Siaga
;Kab. Bengkulu Selatan;;Bunga Mas;8;Tanjung Aur;Siaga
;Kab. Bengkulu Selatan;;Bunga Mas;9;Tanjung Tebat;Siaga
;Kab. Bengkulu Selatan;;Bunga Mas;10;Tumbak Tebing;Siaga
;Kab. Bengkulu Selatan;11;Pasar Manna;1;Belakang Gedung;Siaga
;Kab. Bengkulu Selatan;;Pasar Manna;2;Gunung Mesir;Siaga
;Kab. Bengkulu Selatan;;Pasar Manna;3;Ketapang Besar;Siaga
;Kab. Bengkulu Selatan;;Pasar Manna;4;Padang Sialang;Siaga
;Kab. Bengkulu Selatan;;Pasar Manna;5;Pasar Bawah;Siaga
;Kab. Bengkulu Selatan;;Pasar Manna;6;Pasar Mulia;Siaga
;Kab. Bengkulu Selatan;;Pasar Manna;7;Tanjung Mulia;Siaga
;Kab. Bengkulu Selatan;;Pasar Manna;8;Batu Kuning;Siaga
;Kab. Bengkulu Selatan;;Pasar Manna;9;Batu Lambang;Siaga
3;Kab. Seluma;1;Air Periukan;1;Dermayu;Siaga
;Kab. Seluma;;Air Periukan;2;Sukamaju;Siaga
;Kab. Seluma;;Air Periukan;3;Talang Alai;Siaga
;Kab. Seluma;;Air Periukan;4;Talang Benuang;Siaga
;Kab. Seluma;;Air Periukan;5;Padang Pelasan;Siaga
;Kab. Seluma;;Air Periukan;6;Air Periukan;Siaga
;Kab. Seluma;;Air Periukan;7;Keban Agung;Siaga
;Kab. Seluma;;Air Periukan;8;Pasar Ngalam;Siaga
;Kab. Seluma;;Air Periukan;9;Sukasari;Siaga
;Kab. Seluma;;Air Periukan;10;Kungkai Baru;Siaga
;Kab. Seluma;;Air Periukan;11;Tawang Rejo;Siaga
;Kab. Seluma;;Air Periukan;12;Lawang Agung;Siaga
;Kab. Seluma;;Air Periukan;13;Taba Lubuk Puding;Kec. Air Periukan; Kab. Seluma;Siaga
;Kab. Seluma;;Air Periukan;14;Talang Sebaris;Siaga
;Kab. Seluma;;Air Periukan;15;Lubuk Gilang;Siaga
;Kab. Seluma;;Air Periukan;16;Lokasi Baru;Siaga
;Kab. Seluma;2;Ilir Talo;1;Pasar Talo;Siaga
;Kab. Seluma;;Ilir Talo;2;Dusun Baru;Siaga
;Kab. Seluma;;Ilir Talo;3;Talang Kabu;Siaga
;Kab. Seluma;;Ilir Talo;4;Tanah Abang;Siaga
;Kab. Seluma;;Ilir Talo;5;Penago Baru;Siaga
;Kab. Seluma;;Ilir Talo;6;Nanti Agung;Siaga
;Kab. Seluma;;Ilir Talo;7;Talang Panjang;Siaga
;Kab. Seluma;;Ilir Talo;8;Penago I;Siaga
;Kab. Seluma;;Ilir Talo;9;Penago II;Siaga
;Kab. Seluma;;Ilir Talo;10;Rawah Indah;Siaga
;Kab. Seluma;;Ilir Talo;11;Padang Cekur;Siaga
;Kab. Seluma;;Ilir Talo;12;Padang Batu;Siaga
;Kab. Seluma;;Ilir Talo;13;Paluah Terap;Siaga
;Kab. Seluma;;Ilir Talo;14;Margo Sari;Siaga
;Kab. Seluma;;Ilir Talo;15;Mekar Sari;Siaga
;Kab. Seluma;3;Lubuk Sandi;1;Talang Giring;Siaga
;Kab. Seluma;;Lubuk Sandi;2;Padang Capo Ilir;Siaga
;Kab. Seluma;;Lubuk Sandi;3;Padang Capo Ulu;Siaga
;Kab. Seluma;;Lubuk Sandi;4;Talang Kebun;Siaga
;Kab. Seluma;;Lubuk Sandi;5;Gunung Agung;Siaga
;Kab. Seluma;;Lubuk Sandi;6;Cawang;Siaga
;Kab. Seluma;;Lubuk Sandi;7;Arang Sapat;Siaga
;Kab. Seluma;;Lubuk Sandi;8;Dusun Tengah;Siaga
;Kab. Seluma;;Lubuk Sandi;9;Tanjung Kuaw;Siaga
;Kab. Seluma;;Lubuk Sandi;10;Napal Jungur;Siaga
;Kab. Seluma;;Lubuk Sandi;11;Tumbu'an;Siaga
;Kab. Seluma;;Lubuk Sandi;12;Rena Panjang;Siaga
;Kab. Seluma;;Lubuk Sandi;13;Sakaian;Siaga
;Kab. Seluma;;Lubuk Sandi;14;Lubuk Terentang;Siaga
;Kab. Seluma;4;Sukaraja;1;Babatan;Siaga
;Kab. Seluma;;Sukaraja;2;Sukaraja;Siaga
;Kab. Seluma;;Sukaraja;3;Niur;Siaga
;Kab. Seluma;;Sukaraja;4;Lubuk Sahung;Siaga
;Kab. Seluma;;Sukaraja;5;Bukit Peninjauan I;Siaga
;Kab. Seluma;;Sukaraja;6;Padang Pelawi;Siaga
;Kab. Seluma;;Sukaraja;7;Kayu Arang;Siaga
;Kab. Seluma;;Sukaraja;8;Jenggalu;Siaga
;Kab. Seluma;;Sukaraja;9;Cahaya Negeri;Siaga
;Kab. Seluma;;Sukaraja;10;Bukit Peninjauan II;Siaga
;Kab. Seluma;;Sukaraja;11;Riak Siabun;Siaga
;Kab. Seluma;;Sukaraja;12;Padang Kuas;Siaga
;Kab. Seluma;;Sukaraja;13;Kuti Agung;Siaga
;Kab. Seluma;;Sukaraja;14;Riak Siabun I;Siaga
;Kab. Seluma;;Sukaraja;15;Sido Luhur;Siaga
;Kab. Seluma;;Sukaraja;16;Sumber Arung;Siaga
;Kab. Seluma;;Sukaraja;17;Sido Sari;Siaga
;Kab. Seluma;;Sukaraja;18;Sari Mulyo;Siaga
;Kab. Seluma;;Sukaraja;19;Air Kemuning;Siaga
;Kab. Seluma;;Sukaraja;20;Sumber Makmur;Siaga
;Kab. Seluma;;Sukaraja;21;Air Petai;Siaga
;Kab. Seluma;5;Seluma;1;Lubuk Kebur;Siaga
;Kab. Seluma;;Seluma;2;Pasar Tais;Waspada
;Kab. Seluma;;Seluma;3;Lubuk Lintang;Siaga
;Kab. Seluma;;Seluma;4;Talang Saling;Siaga
;Kab. Seluma;;Seluma;5;Dusun Baru;Siaga
;Kab. Seluma;;Seluma;6;Talang Dantuk;Siaga
;Kab. Seluma;;Seluma;7;Napal;Siaga
;Kab. Seluma;6;Seluma Barat;1;Tanjung Agung ;Siaga
;Kab. Seluma;;Seluma Barat;2;Air Latak;Siaga
;Kab. Seluma;;Seluma Barat;3;Talang Perapat;Siaga
;Kab. Seluma;;Seluma Barat;4;Pagar Agung;Siaga
;Kab. Seluma;;Seluma Barat;5;Talang Tinggi;Siaga
;Kab. Seluma;;Seluma Barat;6;Lunjuk;Siaga
;Kab. Seluma;;Seluma Barat;7;Lubuk Lagan;Siaga
;Kab. Seluma;;Seluma Barat;8;Purbosari;Siaga
;Kab. Seluma;;Seluma Barat;9;Sengkuang Jaya;Siaga
;Kab. Seluma;7;Seluma Selatan;1;Rimbo Kedul;Siaga
;Kab. Seluma;;Seluma Selatan;2;Padang Rambun;Siaga
;Kab. Seluma;;Seluma Selatan;3;Sido Mulyo;Siaga
;Kab. Seluma;;Seluma Selatan;4;Sukarami;Siaga
;Kab. Seluma;;Seluma Selatan;5;Tanjung Seru;Siaga
;Kab. Seluma;;Seluma Selatan;6;Tanjungan;Siaga
;Kab. Seluma;;Seluma Selatan;7;Pasar Seluma;Siaga
;Kab. Seluma;;Seluma Selatan;8;Padang Genting;Siaga
;Kab. Seluma;;Seluma Selatan;9;Sengkuang;Siaga
;Kab. Seluma;;Seluma Selatan;10;Tangga Batu;Siaga
;Kab. Seluma;;Seluma Selatan;11;Tanjung Seluai;Siaga
;Kab. Seluma;;Seluma Selatan;12;Padang Merbau;Siaga
;Kab. Seluma;8;Seluma Timur;1;Selebar;Siaga
;Kab. Seluma;;Seluma Timur;2;Sembayat;Siaga
;Kab. Seluma;;Seluma Timur;3;Bunga Mas;Siaga
;Kab. Seluma;;Seluma Timur;4;Talang Sali;Siaga
;Kab. Seluma;;Seluma Timur;5;Kunduran;Siaga
;Kab. Seluma;;Seluma Timur;6;Kota Agung;Siaga
;Kab. Seluma;;Seluma Timur;7;Tenangan;Siaga
;Kab. Seluma;;Seluma Timur;8;Rawa Sari;Siaga
;Kab. Seluma;9;Seluma Utara;1;Puguk;Siaga
;Kab. Seluma;;Seluma Utara;2;Talang Rami;Siaga
;Kab. Seluma;;Seluma Utara;3;Talang Beringin;Siaga
;Kab. Seluma;;Seluma Utara;4;Pandan;Siaga
;Kab. Seluma;;Seluma Utara;5;Selingsingan;Siaga
;Kab. Seluma;;Seluma Utara;6;Simpang;Siaga
;Kab. Seluma;;Seluma Utara;7;Sekalak;Siaga
;Kab. Seluma;;Seluma Utara;8;Lubuk Resam;Siaga
;Kab. Seluma;;Seluma Utara;9;Sinar Pagi;Siaga
;Kab. Seluma;;Seluma Utara;10;Talang Empat;Siaga
;Kab. Seluma;10;Semidang Alas;1;Pajar Bulan;Siaga
;Kab. Seluma;;Semidang Alas;2;Maras Jauh;Siaga
;Kab. Seluma;;Semidang Alas;3;Bandung Agung;Siaga
;Kab. Seluma;;Semidang Alas;4;Pinju Layang;Siaga
;Kab. Seluma;;Semidang Alas;5;Nanjungan;Siaga
;Kab. Seluma;;Semidang Alas;6;Petai Kayu;Siaga
;Kab. Seluma;;Semidang Alas;7;Napalan;Siaga
;Kab. Seluma;;Semidang Alas;8;Renah Gajah Mati I;Siaga
;Kab. Seluma;;Semidang Alas;9;Renah Gajah Mati II;Siaga
;Kab. Seluma;;Semidang Alas;10;Cugung Langu ;Siaga
;Kab. Seluma;;Semidang Alas;11;Rantau Panjang;Siaga
;Kab. Seluma;;Semidang Alas;12;Air Melancar;Siaga
;Kab. Seluma;;Semidang Alas;13;Muara Dua;Siaga
;Kab. Seluma;;Semidang Alas;14;Nanti Agung;Siaga
;Kab. Seluma;;Semidang Alas;15;Talang Durian;Siaga
;Kab. Seluma;;Semidang Alas;16;Gunung Mesir;Siaga
;Kab. Seluma;;Semidang Alas;17;Kayu Elang;Siaga
;Kab. Seluma;;Semidang Alas;18;Padang Serunaian;Siaga
;Kab. Seluma;;Semidang Alas;19;Teba Gunung;Siaga
;Kab. Seluma;;Semidang Alas;20;Mekar Sari Mukti;Siaga
;Kab. Seluma;;Semidang Alas;21;Kemang Manis;Siaga
;Kab. Seluma;;Semidang Alas;22;Gunung Megang;Siaga
;Kab. Seluma;;Semidang Alas;23;Telatan;Siaga
;Kab. Seluma;;Semidang Alas;24;Suban;Siaga
;Kab. Seluma;11;Semidang Alas Maras;1;Kembang Mumpo;Siaga
;Kab. Seluma;;Semidang Alas Maras;2;Sendawar;Siaga
;Kab. Seluma;;Semidang Alas Maras;3;Gelombang;Siaga
;Kab. Seluma;;Semidang Alas Maras;4;Lubuk Betung;Siaga
;Kab. Seluma;;Semidang Alas Maras;5;Padang Peri;Siaga
;Kab. Seluma;;Semidang Alas Maras;6;Karang Anyar;Siaga
;Kab. Seluma;;Semidang Alas Maras;7;Ujung Padang;Siaga
;Kab. Seluma;;Semidang Alas Maras;8;Ketapang Baru;Siaga
;Kab. Seluma;;Semidang Alas Maras;9;Tedunan;Siaga
;Kab. Seluma;;Semidang Alas Maras;10;Talang Alai;Siaga
;Kab. Seluma;;Semidang Alas Maras;11;Padang Bakung;Siaga
;Kab. Seluma;;Semidang Alas Maras;12;Jambat Akar;Siaga
;Kab. Seluma;;Semidang Alas Maras;13;Gunung Kembang;Siaga
;Kab. Seluma;;Semidang Alas Maras;14;Gunung Bantan;Siaga
;Kab. Seluma;;Semidang Alas Maras;15;Maras Tengah;Siaga
;Kab. Seluma;;Semidang Alas Maras;16;Padang Kelapa;Siaga
;Kab. Seluma;;Semidang Alas Maras;17;Pematang Riding;Siaga
;Kab. Seluma;;Semidang Alas Maras;18;Talang Beringin;Siaga
;Kab. Seluma;;Semidang Alas Maras;19;Genting Juar;Siaga
;Kab. Seluma;;Semidang Alas Maras;20;Muara Maras;Siaga
;Kab. Seluma;;Semidang Alas Maras;21;Rimbo Besak;Siaga
;Kab. Seluma;;Semidang Alas Maras;22;Muara Timput;Siaga
;Kab. Seluma;;Semidang Alas Maras;23;Serian Bandung;Siaga
;Kab. Seluma;;Semidang Alas Maras;24;Talang Kemang;Siaga
;Kab. Seluma;;Semidang Alas Maras;25;Maras Bantan;Siaga
;Kab. Seluma;;Semidang Alas Maras;26;Karang Dapo;Siaga
;Kab. Seluma;12;Talo;1;Kel.Masmambang;Siaga
;Kab. Seluma;;Talo;2;Napal Melintang;Siaga
;Kab. Seluma;;Talo;3;Serambi Gunung;Siaga
;Kab. Seluma;;Talo;4;Air Payangan;Siaga
;Kab. Seluma;;Talo;5;Batu Tugu;Siaga
;Kab. Seluma;;Talo;6;Kampai;Siaga
;Kab. Seluma;;Talo;7;Lubuk Ngantungan;Siaga
;Kab. Seluma;;Talo;8;Durian Bubur;Siaga
;Kab. Seluma;;Talo;9;Muara Danau;Siaga
;Kab. Seluma;;Talo;10;Lubuk Gio;Siaga
;Kab. Seluma;;Talo;11;Kembang Seri;Siaga
;Kab. Seluma;;Talo;12;Bunut Tinggi;Siaga
;Kab. Seluma;;Talo;13;Air Teras;Siaga
;Kab. Seluma;;Talo;14;Lubuk Gadis;Siaga
;Kab. Seluma;;Talo;15;Simpang Tiga Pagar Gasing;Siaga
;Kab. Seluma;;Talo;16;Harapan Mulya;Siaga
;Kab. Seluma;13;Talo Kecil;1;Pering Baru;Siaga
;Kab. Seluma;;Talo Kecil;2;Talang Padang;Siaga
;Kab. Seluma;;Talo Kecil;3;Suka Merindu;Siaga
;Kab. Seluma;;Talo Kecil;4;Napalan;Siaga
;Kab. Seluma;;Talo Kecil;5;Taba;Siaga
;Kab. Seluma;;Talo Kecil;6;Bakal Dalam;Siaga
;Kab. Seluma;;Talo Kecil;7;Lubuk Lagan;Siaga
;Kab. Seluma;;Talo Kecil;8;Sungai Petai;Siaga
;Kab. Seluma;;Talo Kecil;9;Suka Bulan;Siaga
;Kab. Seluma;;Talo Kecil;10;Tebat Sibun;Siaga
;Kab. Seluma;;Talo Kecil;11;Batu Balai;Siaga
;Kab. Seluma;14;Ulu Talo;1;Pagar;Siaga
;Kab. Seluma;;Ulu Talo;2;Muara Simpur;Siaga
;Kab. Seluma;;Ulu Talo;3;Pagar Agung;Siaga
;Kab. Seluma;;Ulu Talo;4;Pagar Banyu;Siaga
;Kab. Seluma;;Ulu Talo;5;Simpur Ijang;Siaga
;Kab. Seluma;;Ulu Talo;6;Air Keruh;Siaga
;Kab. Seluma;;Ulu Talo;7;Hargo Binangun;Siaga
;Kab. Seluma;;Ulu Talo;8;Mekar Jaya;Siaga
;Kab. Seluma;;Ulu Talo;9;Giri Nanto;Siaga
;Kab. Seluma;;Ulu Talo;10;Banyu Kencana;Siaga
;Kab. Seluma;;Ulu Talo;11;Muara Nibung;Siaga
;Kab. Seluma;;Ulu Talo;12;Tanjung Agung;Siaga
;Kab. Seluma;;Ulu Talo;13;Giri Mulya;Siaga
4;Kab. Rejang Lebong;1;Bermani Ulu;1;Air Mundu;Siaga
;Kab. Rejang Lebong;;Bermani Ulu;2;Tebat Tenong Dalam;Siaga
;Kab. Rejang Lebong;;Bermani Ulu;3;Baru Manis;Siaga
;Kab. Rejang Lebong;;Bermani Ulu;4;Kampung Melayu;Siaga
;Kab. Rejang Lebong;;Bermani Ulu;5;Sentral Baru;Siaga
;Kab. Rejang Lebong;;Bermani Ulu;6;Kampung Sajad;Siaga
;Kab. Rejang Lebong;;Bermani Ulu;7;Suka Rami;Siaga
;Kab. Rejang Lebong;;Bermani Ulu;8;Pagar Gunung;Siaga
;Kab. Rejang Lebong;;Bermani Ulu;9;Selamat Sudiarjo;Siaga
;Kab. Rejang Lebong;;Bermani Ulu;10;Purwodadi;Siaga
;Kab. Rejang Lebong;;Bermani Ulu;11;Air Pikat;Siaga
;Kab. Rejang Lebong;;Bermani Ulu;12;Tebat Pulau;Siaga
;Kab. Rejang Lebong;2;Bermani Ulu Raya;1;Dataran Tapus;Siaga
;Kab. Rejang Lebong;;Bermani Ulu Raya;2;Bandung Marga;Siaga
;Kab. Rejang Lebong;;Bermani Ulu Raya;3;Pal Seratus;Siaga
;Kab. Rejang Lebong;;Bermani Ulu Raya;4;Pal VII;Siaga
;Kab. Rejang Lebong;;Bermani Ulu Raya;5;Pal VIII;Siaga
;Kab. Rejang Lebong;;Bermani Ulu Raya;6;Tebat Tenong Luar;Siaga
;Kab. Rejang Lebong;;Bermani Ulu Raya;7;Bangun Jaya;Siaga
;Kab. Rejang Lebong;;Bermani Ulu Raya;8;Babakan Baru;Siaga
;Kab. Rejang Lebong;;Bermani Ulu Raya;9;Sumberejo Transad;Siaga
;Kab. Rejang Lebong;;Bermani Ulu Raya;10;Air Bening;Siaga
;Kab. Rejang Lebong;3;Binduriang;1;Kepala Curup;Bahaya
;Kab. Rejang Lebong;;Binduriang;2;Kampung Jeruk;Waspada
;Kab. Rejang Lebong;;Binduriang;3;Simpang Beliti;waspada
;Kab. Rejang Lebong;;Binduriang;4;Taba Padang;Siaga
;Kab. Rejang Lebong;;Binduriang;5;Air Apo;Waspada
;Kab. Rejang Lebong;4;Curup;1;Dwi Tunggal;Siaga
;Kab. Rejang Lebong;;Curup;2;Air Putih Lama;Siaga
;Kab. Rejang Lebong;;Curup;3;Adirejo;Siaga
;Kab. Rejang Lebong;;Curup;4;Air Rambai;Siaga
;Kab. Rejang Lebong;;Curup;5;Pasar Baru;Siaga
;Kab. Rejang Lebong;;Curup;6;Pasar Tengah;Siaga
;Kab. Rejang Lebong;;Curup;7;Jalan Baru;Siaga
;Kab. Rejang Lebong;;Curup;8;Talang Benih;Siaga
;Kab. Rejang Lebong;;Curup;9;Timbul Rejo;Siaga
;Kab. Rejang Lebong;5;Curup Selatan;1;Air Putih Baru;Siaga
;Kab. Rejang Lebong;;Curup Selatan;2;Tempel Rejo;Siaga
;Kab. Rejang Lebong;;Curup Selatan;3;Rimbo Recap;Siaga
;Kab. Rejang Lebong;;Curup Selatan;4;Watas Marga;Siaga
;Kab. Rejang Lebong;;Curup Selatan;5;Teladan;Siaga
;Kab. Rejang Lebong;;Curup Selatan;6;Suka Marga;Siaga
;Kab. Rejang Lebong;;Curup Selatan;7;Lubuk Ubar;Siaga
;Kab. Rejang Lebong;;Curup Selatan;8;Pungguk Lalang;Siaga
;Kab. Rejang Lebong;;Curup Selatan;9;Turan Baru;Siaga
;Kab. Rejang Lebong;;Curup Selatan;10;Tanjung Dalam;Siaga
;Kab. Rejang Lebong;;Curup Selatan;11;Air Lanang;Siaga
;Kab. Rejang Lebong;6;Curup Tengah;1;Kepala Siring;Siaga
;Kab. Rejang Lebong;;Curup Tengah;2;Talang Rimbo Baru;Bahaya
;Kab. Rejang Lebong;;Curup Tengah;3;Talang Rimbo Lama;Siaga
;Kab. Rejang Lebong;;Curup Tengah;4;Sidorejo;Siaga
;Kab. Rejang Lebong;;Curup Tengah;5;Kampung Jawa;Siaga
;Kab. Rejang Lebong;;Curup Tengah;6;Air Bang;Siaga
;Kab. Rejang Lebong;;Curup Tengah;7;Pelabuhan Baru;Siaga
;Kab. Rejang Lebong;;Curup Tengah;8;Batu Galing;Siaga
;Kab. Rejang Lebong;;Curup Tengah;9;Banyumas;Siaga
;Kab. Rejang Lebong;;Curup Tengah;10;Air Merah;Siaga
;Kab. Rejang Lebong;7;Curup Timur;1;Sukaraja;Siaga
;Kab. Rejang Lebong;;Curup Timur;2;Kesambe Baru;Siaga
;Kab. Rejang Lebong;;Curup Timur;3;Karang Anyar;Siaga
;Kab. Rejang Lebong;;Curup Timur;4;Talang Ulu;Siaga
;Kab. Rejang Lebong;;Curup Timur;5;Duku Ulu;Siaga
;Kab. Rejang Lebong;;Curup Timur;6;Duku Ilir;Siaga
;Kab. Rejang Lebong;;Curup Timur;7;Air Meles Bawah;Siaga
;Kab. Rejang Lebong;;Curup Timur;8;Kampung Delima;Siaga
;Kab. Rejang Lebong;;Curup Timur;9;Kesambe Lama;Siaga
;Kab. Rejang Lebong;8;Curup Utara;1;Dusun Curup;Siaga
;Kab. Rejang Lebong;;Curup Utara;2;Tunas Harapan;Siaga
;Kab. Rejang Lebong;;Curup Utara;3;Batu Dewa;Siaga
;Kab. Rejang Lebong;;Curup Utara;4;Perbo;Siaga
;Kab. Rejang Lebong;;Curup Utara;5;Batu Panco;Siaga
;Kab. Rejang Lebong;;Curup Utara;6;Dusun Sawah;Siaga
;Kab. Rejang Lebong;;Curup Utara;7;Lubuk Kembang;Siaga
;Kab. Rejang Lebong;;Curup Utara;8;Suka Datang;Siaga
;Kab. Rejang Lebong;;Curup Utara;9;Tabarenah;Siaga
;Kab. Rejang Lebong;;Curup Utara;10;Pahlawan;Siaga
;Kab. Rejang Lebong;;Curup Utara;11;Tasik Malaya;Siaga
;Kab. Rejang Lebong;;Curup Utara;12;Tanjung Beringin;Siaga
;Kab. Rejang Lebong;;Curup Utara;13;Kota Pagu;Siaga
;Kab. Rejang Lebong;;Curup Utara;14;Seguring;Siaga
;Kab. Rejang Lebong;9;Kota Padang;1;Kota Padang;Siaga
;Kab. Rejang Lebong;;Kota Padang;2;Bedeng SS;Siaga
;Kab. Rejang Lebong;;Kota Padang;3;Dusun Baru;Siaga
;Kab. Rejang Lebong;;Kota Padang;4;Derati;Siaga
;Kab. Rejang Lebong;;Kota Padang;5;Taba Anyar;Siaga
;Kab. Rejang Lebong;;Kota Padang;6;Suka Rami;Siaga
;Kab. Rejang Lebong;;Kota Padang;7;Lubuk Mumpo;Siaga
;Kab. Rejang Lebong;;Kota Padang;8;Durian Mas;Siaga
;Kab. Rejang Lebong;;Kota Padang;9;Kota Padang Baru;Siaga
;Kab. Rejang Lebong;;Kota Padang;10;Tanjung Gelang;Siaga
;Kab. Rejang Lebong;10;Padang Ulak Tanding;1;Pasar PU Tanding;waspada
;Kab. Rejang Lebong;;Padang Ulak Tanding;2;Karang Baru;Siaga
;Kab. Rejang Lebong;;Padang Ulak Tanding;3;Guru Agung;Siaga
;Kab. Rejang Lebong;;Padang Ulak Tanding;4;Belumai II;Siaga
;Kab. Rejang Lebong;;Padang Ulak Tanding;5;Belumai I;Siaga
;Kab. Rejang Lebong;;Padang Ulak Tanding;6;Ulak Tanding;Siaga
;Kab. Rejang Lebong;;Padang Ulak Tanding;7;Tanjung Sanai I;Siaga
;Kab. Rejang Lebong;;Padang Ulak Tanding;8;Muara Telita;Siaga
;Kab. Rejang Lebong;;Padang Ulak Tanding;9;Ujan Panas;Siaga
;Kab. Rejang Lebong;;Padang Ulak Tanding;10;Taba Tinggi;Siaga
;Kab. Rejang Lebong;;Padang Ulak Tanding;11;Tanjung Sanai II;Siaga
;Kab. Rejang Lebong;;Padang Ulak Tanding;12;Taktoi;Siaga
;Kab. Rejang Lebong;;Padang Ulak Tanding;13;Kasie Kasubun;Siaga
;Kab. Rejang Lebong;;Padang Ulak Tanding;14;Air Kati;Siaga
;Kab. Rejang Lebong;;Padang Ulak Tanding;15;Bukit Batu;Siaga
;Kab. Rejang Lebong;11;Selupu Rejang;1;Air Duku;Siaga
;Kab. Rejang Lebong;;Selupu Rejang;2;Cawang Baru;Siaga
;Kab. Rejang Lebong;;Selupu Rejang;3;Simpang Nangka;Siaga
;Kab. Rejang Lebong;;Selupu Rejang;4;Air Putih Kali Bandung;Siaga
;Kab. Rejang Lebong;;Selupu Rejang;5;Air Putih Meles Atas;Siaga
;Kab. Rejang Lebong;;Selupu Rejang;6;Sambirejo;Siaga
;Kab. Rejang Lebong;;Selupu Rejang;7;Suban Ayam;Siaga
;Kab. Rejang Lebong;;Selupu Rejang;8;Cawang Lama;Siaga
;Kab. Rejang Lebong;;Selupu Rejang;9;Sumber Urip;Siaga
;Kab. Rejang Lebong;;Selupu Rejang;10;Sumber Bening;Siaga
;Kab. Rejang Lebong;;Selupu Rejang;11;Karang Jaya;Siaga
;Kab. Rejang Lebong;;Selupu Rejang;12;Kayu Manis;Siaga
;Kab. Rejang Lebong;;Selupu Rejang;13;Kampung Baru;Siaga
;Kab. Rejang Lebong;;Selupu Rejang;14;Kali Padang;Siaga
;Kab. Rejang Lebong;;Selupu Rejang;15;Mojorejo;Siaga
;Kab. Rejang Lebong;;Selupu Rejang;16;Talang Lahat;Siaga
;Kab. Rejang Lebong;12;Sindang Beliti Ulu;1;Apur;Siaga
;Kab. Rejang Lebong;;Sindang Beliti Ulu;2;Lawang Agung;Siaga
;Kab. Rejang Lebong;;Sindang Beliti Ulu;3;Lubuk Alai;Siaga
;Kab. Rejang Lebong;;Sindang Beliti Ulu;4;Karang Pinang;Siaga
;Kab. Rejang Lebong;;Sindang Beliti Ulu;5;Tanjung Agung;Siaga
;Kab. Rejang Lebong;;Sindang Beliti Ulu;6;Pengambang;Siaga
;Kab. Rejang Lebong;;Sindang Beliti Ulu;7;Jabi;Siaga
;Kab. Rejang Lebong;;Sindang Beliti Ulu;8;Tanjung Herang;Siaga
;Kab. Rejang Lebong;;Sindang Beliti Ulu;9;Air Nau;Siaga
;Kab. Rejang Lebong;13;Sindang Beliti Ilir;1;Merantau;Siaga
;Kab. Rejang Lebong;;Sindang Beliti Ilir;2;Periang;Siaga
;Kab. Rejang Lebong;;Sindang Beliti Ilir;3;Balai Buntar;Waspada
;Kab. Rejang Lebong;;Sindang Beliti Ilir;4;Lubuk Tunjung;Siaga
;Kab. Rejang Lebong;;Sindang Beliti Ilir;5;LB. Belimbing I;Siaga
;Kab. Rejang Lebong;;Sindang Beliti Ilir;6;LB. Belimbing II;Siaga
;Kab. Rejang Lebong;;Sindang Beliti Ilir;7;LB. Bingin Baru;Siaga
;Kab. Rejang Lebong;;Sindang Beliti Ilir;8;Sari Pulau;Siaga
;Kab. Rejang Lebong;;Sindang Beliti Ilir;9;Suka Merindu;Siaga
;Kab. Rejang Lebong;;Sindang Beliti Ilir;10;Suka Karya;Siaga
;Kab. Rejang Lebong;14;Sindang Dataran;1;IV Suko Menanti;Siaga
;Kab. Rejang Lebong;;Sindang Dataran;2;Air Rusa;Siaga
;Kab. Rejang Lebong;;Sindang Dataran;3;Bengko;Siaga
;Kab. Rejang Lebong;;Sindang Dataran;4;Sinar Gunung;Siaga
;Kab. Rejang Lebong;;Sindang Dataran;5;Warung Pojok;Siaga
;Kab. Rejang Lebong;;Sindang Dataran;6;Talang Belitar;Siaga
;Kab. Rejang Lebong;15;Sindang Kelingi;1;Beringin Tiga;Siaga
;Kab. Rejang Lebong;;Sindang Kelingi;2;Sindang Jaya;Siaga
;Kab. Rejang Lebong;;Sindang Kelingi;3;Sindang Jati;Siaga
;Kab. Rejang Lebong;;Sindang Kelingi;4;Belitar Muka;Siaga
;Kab. Rejang Lebong;;Sindang Kelingi;5;Pelalo;Siaga
;Kab. Rejang Lebong;;Sindang Kelingi;6;Kayu Manis;Siaga
;Kab. Rejang Lebong;;Sindang Kelingi;7;Air Dingin;Siaga
;Kab. Rejang Lebong;;Sindang Kelingi;8;Belitar Seberang;Siaga
;Kab. Rejang Lebong;;Sindang Kelingi;9;Cahaya Negeri;Siaga
;Kab. Rejang Lebong;;Sindang Kelingi;10;Tanjung Aur;Waspada
5;Kab. Bengkulu Tengah;1;Bang Haji;1;Sekayun;Siaga
;Kab. Bengkulu Tengah;;Bang Haji;2;Sekayun Mudik;Siaga
;Kab. Bengkulu Tengah;;Bang Haji;3;Sekayun Hilir;Siaga
;Kab. Bengkulu Tengah;;Bang Haji;4;Talang Donok;Siaga
;Kab. Bengkulu Tengah;;Bang Haji;5;Taba Tengah;Siaga
;Kab. Bengkulu Tengah;;Bang Haji;6;Padang Berunai;Siaga
;Kab. Bengkulu Tengah;;Bang Haji;7;Lubuk Langkap;Siaga
;Kab. Bengkulu Tengah;;Bang Haji;8;Air Napal;Siaga
;Kab. Bengkulu Tengah;;Bang Haji;9;Genting;Siaga
;Kab. Bengkulu Tengah;;Bang Haji;10;Talang Panjang;Siaga
;Kab. Bengkulu Tengah;;Bang Haji;11;Bang Haji;Siaga
;Kab. Bengkulu Tengah;;Bang Haji;12;Sungkai Berayun;Siaga
;Kab. Bengkulu Tengah;2;Karang Tinggi;1;Taba Terunjam;Siaga
;Kab. Bengkulu Tengah;;Karang Tinggi;2;Talang Empat;Siaga
;Kab. Bengkulu Tengah;;Karang Tinggi;3;Padang Tambak;Siaga
;Kab. Bengkulu Tengah;;Karang Tinggi;4;Durian Demang;Siaga
;Kab. Bengkulu Tengah;;Karang Tinggi;5;Pelajau;Siaga
;Kab. Bengkulu Tengah;;Karang Tinggi;6;Karang Nanding;Siaga
;Kab. Bengkulu Tengah;;Karang Tinggi;7;Dusun Baru II;Siaga
;Kab. Bengkulu Tengah;;Karang Tinggi;8;Penanding;Siaga
;Kab. Bengkulu Tengah;;Karang Tinggi;9;Karang Tinggi;Siaga
;Kab. Bengkulu Tengah;;Karang Tinggi;10;Renah Lebar;Siaga
;Kab. Bengkulu Tengah;;Karang Tinggi;11;Kancing;Siaga
;Kab. Bengkulu Tengah;;Karang Tinggi;12;Ujung Karang;Siaga
;Kab. Bengkulu Tengah;;Karang Tinggi;13;Taba Mutung;Siaga
;Kab. Bengkulu Tengah;;Karang Tinggi;14;Semidang;Siaga
;Kab. Bengkulu Tengah;;Karang Tinggi;15;Renah Semanek;Siaga
;Kab. Bengkulu Tengah;;Karang Tinggi;16;Gajah Mati;Siaga
;Kab. Bengkulu Tengah;;Karang Tinggi;17;Pagar Gunung;Siaga
;Kab. Bengkulu Tengah;;Karang Tinggi;18;Padang Siring;Siaga
;Kab. Bengkulu Tengah;3;Merigi Kelindang;1;Jambu;Siaga
;Kab. Bengkulu Tengah;;Merigi Kelindang;2;Penembang;Siaga
;Kab. Bengkulu Tengah;;Merigi Kelindang;3;Talang Ambung;Siaga
;Kab. Bengkulu Tengah;;Merigi Kelindang;4;Taba Durian Sebakul;Siaga
;Kab. Bengkulu Tengah;;Merigi Kelindang;5;Lubuk Unen;Siaga
;Kab. Bengkulu Tengah;;Merigi Kelindang;6;Pungguk Ketupak;Siaga
;Kab. Bengkulu Tengah;;Merigi Kelindang;7;Pungguk Beringin;Siaga
;Kab. Bengkulu Tengah;;Merigi Kelindang;8;Ulak Lebar;Siaga
;Kab. Bengkulu Tengah;;Merigi Kelindang;9;Kelindang;Siaga
;Kab. Bengkulu Tengah;;Merigi Kelindang;10;Bajak II;Siaga
;Kab. Bengkulu Tengah;;Merigi Kelindang;11;Lubuk Unen Baru;Siaga
;Kab. Bengkulu Tengah;;Merigi Kelindang;12;Padang Kedeper;Siaga
;Kab. Bengkulu Tengah;;Merigi Kelindang;13;Kelindang Atas;Siaga
;Kab. Bengkulu Tengah;4;Merigi Sakti;1;Komering;Siaga
;Kab. Bengkulu Tengah;;Merigi Sakti;2;Bajak Tiga;Siaga
;Kab. Bengkulu Tengah;;Merigi Sakti;3;Rajak Besi;Siaga
;Kab. Bengkulu Tengah;;Merigi Sakti;4;Punjung;Siaga
;Kab. Bengkulu Tengah;;Merigi Sakti;5;Susup;Siaga
;Kab. Bengkulu Tengah;;Merigi Sakti;6;Arga Indah II;Siaga
;Kab. Bengkulu Tengah;;Merigi Sakti;7;Curup;Siaga
;Kab. Bengkulu Tengah;;Merigi Sakti;8;Karang Panggung;Siaga
;Kab. Bengkulu Tengah;;Merigi Sakti;9;Lubuk Pendam;Siaga
;Kab. Bengkulu Tengah;;Merigi Sakti;10;Lubuk Puar;Siaga
;Kab. Bengkulu Tengah;;Merigi Sakti;11;Durian Lebar;Siaga
;Kab. Bengkulu Tengah;;Merigi Sakti;12;Pagar Agung;Siaga
;Kab. Bengkulu Tengah;;Merigi Sakti;13;Pungguk Jaya;Siaga
;Kab. Bengkulu Tengah;;Merigi Sakti;14;Taba Gemantung;Siaga
;Kab. Bengkulu Tengah;;Merigi Sakti;15;Pagar Besi;Siaga
;Kab. Bengkulu Tengah;5;Pagar Jati;1;Temiang;Siaga
;Kab. Bengkulu Tengah;;Pagar Jati;2;Taba Renah;Siaga
;Kab. Bengkulu Tengah;;Pagar Jati;3;Kerta Pati;Siaga
;Kab. Bengkulu Tengah;;Pagar Jati;4;Pagar Jati;Siaga
;Kab. Bengkulu Tengah;;Pagar Jati;5;Karang Are;Siaga
;Kab. Bengkulu Tengah;;Pagar Jati;6;Datar Penokat;Siaga
;Kab. Bengkulu Tengah;;Pagar Jati;7;Layang Lekat;Siaga
;Kab. Bengkulu Tengah;;Pagar Jati;8;Tumbuk;Siaga
;Kab. Bengkulu Tengah;;Pagar Jati;9;Talang Curup;Siaga
;Kab. Bengkulu Tengah;;Pagar Jati;10;Rena Kandis;Siaga
;Kab. Bengkulu Tengah;;Pagar Jati;11;Arga Indah I;Siaga
;Kab. Bengkulu Tengah;;Pagar Jati;12;Keroya;Siaga
;Kab. Bengkulu Tengah;;Pagar Jati;13;Kertapati Mudik;Siaga
;Kab. Bengkulu Tengah;;Pagar Jati;14;Rena Jaya;Siaga
;Kab. Bengkulu Tengah;6;Pondok Kelapa;1;Talang Pauh;Siaga
;Kab. Bengkulu Tengah;;Pondok Kelapa;2;Srikaton;Siaga
;Kab. Bengkulu Tengah;;Pondok Kelapa;3;Pekik Nyaring;Siaga
;Kab. Bengkulu Tengah;;Pondok Kelapa;4;Pasar Pedati;Siaga
;Kab. Bengkulu Tengah;;Pondok Kelapa;5;Sunda Kelapa;Siaga
;Kab. Bengkulu Tengah;;Pondok Kelapa;6;Pondok Kelapa;waspada
;Kab. Bengkulu Tengah;;Pondok Kelapa;7;Padang Betuah;Siaga
;Kab. Bengkulu Tengah;;Pondok Kelapa;8;Sidorejo;Siaga
;Kab. Bengkulu Tengah;;Pondok Kelapa;9;Sidodadi;Siaga
;Kab. Bengkulu Tengah;;Pondok Kelapa;10;Talang Boseng;Siaga
;Kab. Bengkulu Tengah;;Pondok Kelapa;11;Pagar Dewa;Siaga
;Kab. Bengkulu Tengah;;Pondok Kelapa;12;Kembang Ayun;Siaga
;Kab. Bengkulu Tengah;;Pondok Kelapa;13;Panca Mukti;Siaga
;Kab. Bengkulu Tengah;;Pondok Kelapa;14;Sri Kuncoro;waspada
;Kab. Bengkulu Tengah;;Pondok Kelapa;15;Bintang Selatan;Siaga
;Kab. Bengkulu Tengah;;Pondok Kelapa;16;Abu Sakim;Siaga
;Kab. Bengkulu Tengah;;Pondok Kelapa;17;Harapan;Siaga
;Kab. Bengkulu Tengah;7;Pematang Tiga;1;Aturan Mumpo;Siaga
;Kab. Bengkulu Tengah;;Pematang Tiga;2;Talang Tengah II;Siaga
;Kab. Bengkulu Tengah;;Pematang Tiga;3;Kota Titik;Siaga
;Kab. Bengkulu Tengah;;Pematang Tiga;4;Senabah;Siaga
;Kab. Bengkulu Tengah;;Pematang Tiga;5;Air Kotok;Siaga
;Kab. Bengkulu Tengah;;Pematang Tiga;6;Batu Beriang;Siaga
;Kab. Bengkulu Tengah;;Pematang Tiga;7;Pematang Tiga;Siaga
;Kab. Bengkulu Tengah;;Pematang Tiga;8;Tiambang;Siaga
;Kab. Bengkulu Tengah;;Pematang Tiga;9;Kebun Lebar;Siaga
;Kab. Bengkulu Tengah;;Pematang Tiga;10;Tanjung Kepahyang;Siaga
;Kab. Bengkulu Tengah;;Pematang Tiga;11;Pematang Tiga Lama;Siaga
;Kab. Bengkulu Tengah;;Pematang Tiga;12;Aturan Mumpo II;Siaga
;Kab. Bengkulu Tengah;;Pematang Tiga;13;Genting Dabuk;Siaga
;Kab. Bengkulu Tengah;8;Taba Penanjung;1;Taba Penanjung;Siaga
;Kab. Bengkulu Tengah;;Taba Penanjung;2;Kota Niur;Siaga
;Kab. Bengkulu Tengah;;Taba Penanjung;3;Tanjung Raman;Siaga
;Kab. Bengkulu Tengah;;Taba Penanjung;4;Sukarami;Siaga
;Kab. Bengkulu Tengah;;Taba Penanjung;5;Karang Tengah;Siaga
;Kab. Bengkulu Tengah;;Taba Penanjung;6;Lubuk Sini;Siaga
;Kab. Bengkulu Tengah;;Taba Penanjung;7;Taba Teret;Siaga
;Kab. Bengkulu Tengah;;Taba Penanjung;8;Surau;Siaga
;Kab. Bengkulu Tengah;;Taba Penanjung;9;Rindu Hati;Siaga
;Kab. Bengkulu Tengah;;Taba Penanjung;10;Tanjung Heran;Siaga
;Kab. Bengkulu Tengah;;Taba Penanjung;11;Datar Lebar;Siaga
;Kab. Bengkulu Tengah;;Taba Penanjung;12;Penum;Siaga
;Kab. Bengkulu Tengah;;Taba Penanjung;13;Bajak I;Waspada
;Kab. Bengkulu Tengah;;Taba Penanjung;14;Taba Baru;Siaga
;Kab. Bengkulu Tengah;9;Pondok Kubang;1;Pondok Kubang;Siaga
;Kab. Bengkulu Tengah;;Pondok Kubang;2;Batu Raja;Siaga
;Kab. Bengkulu Tengah;;Pondok Kubang;3;Dusun Anyar;Siaga
;Kab. Bengkulu Tengah;;Pondok Kubang;4;Tanjung Dalam;Siaga
;Kab. Bengkulu Tengah;;Pondok Kubang;5;Talang Tengah I;Siaga
;Kab. Bengkulu Tengah;;Pondok Kubang;6;Paku Haji;Siaga
;Kab. Bengkulu Tengah;;Pondok Kubang;7;Tanjung Terdana;Siaga
;Kab. Bengkulu Tengah;;Pondok Kubang;8;Linggar Galing;Siaga
;Kab. Bengkulu Tengah;;Pondok Kubang;9;Dusun Baru I;Siaga
;Kab. Bengkulu Tengah;;Pondok Kubang;10;Harapan Makmur;Siaga
;Kab. Bengkulu Tengah;;Pondok Kubang;11;Margo Mulyo;Siaga
;Kab. Bengkulu Tengah;;Pondok Kubang;12;Taba Jambu;Siaga
;Kab. Bengkulu Tengah;10;Talang Empat;1;Air Sebakul;Siaga
;Kab. Bengkulu Tengah;;Talang Empat;2;Lagan Bungin;Siaga
;Kab. Bengkulu Tengah;;Talang Empat;3;Taba Pasmah;Siaga
;Kab. Bengkulu Tengah;;Talang Empat;4;Kembang Seri;Siaga
;Kab. Bengkulu Tengah;;Talang Empat;5;Tengah Padang;Siaga
;Kab. Bengkulu Tengah;;Talang Empat;6;Jayakarta;Siaga
;Kab. Bengkulu Tengah;;Talang Empat;7;Nakau;Siaga
;Kab. Bengkulu Tengah;;Talang Empat;8;Pulau Panggung;Siaga
;Kab. Bengkulu Tengah;;Talang Empat;9;Lagan;Siaga
;Kab. Bengkulu Tengah;;Talang Empat;10;Taba Lagan;Siaga
;Kab. Bengkulu Tengah;;Talang Empat;11;Bukit;Siaga
;Kab. Bengkulu Tengah;;Talang Empat;12;Jum'at;Siaga
;Kab. Bengkulu Tengah;;Talang Empat;13;Padang Ulak Tanjung;Siaga
;Kab. Bengkulu Tengah;;Talang Empat;14;Pagar Jati;Siaga
;Kab. Bengkulu Tengah;;Talang Empat;15;Air Putih;Siaga
6;Kab. Bengkulu Utara;1;Enggano;1;Banjar Sari;Siaga
;Kab. Bengkulu Utara;;Enggano;2;Meok;Siaga
;Kab. Bengkulu Utara;;Enggano;3;Malakoni;Siaga
;Kab. Bengkulu Utara;;Enggano;4;Kaana;Siaga
;Kab. Bengkulu Utara;;Enggano;5;Kahyapu;Siaga
;Kab. Bengkulu Utara;;Enggano;6;Apoho;Siaga
;Kab. Bengkulu Utara;2;Kerkap;1;Lubuk Durian;Siaga
;Kab. Bengkulu Utara;;Kerkap;2;Talang Jambu;Siaga
;Kab. Bengkulu Utara;;Kerkap;3;Tebat Pacur;Siaga
;Kab. Bengkulu Utara;;Kerkap;4;Talang Curup;Siaga
;Kab. Bengkulu Utara;;Kerkap;5;Banyumas;Siaga
;Kab. Bengkulu Utara;;Kerkap;6;Salam Harjo;Siaga
;Kab. Bengkulu Utara;;Kerkap;7;Yogja Baru;Siaga
;Kab. Bengkulu Utara;;Kerkap;8;Talang Pasak;Siaga
;Kab. Bengkulu Utara;;Kerkap;9;Perbo;Siaga
;Kab. Bengkulu Utara;;Kerkap;10;Lubuk Jale;Siaga
;Kab. Bengkulu Utara;;Kerkap;11;Simpang Ketenong;Siaga
;Kab. Bengkulu Utara;;Kerkap;12;Aur Gading;Siaga
;Kab. Bengkulu Utara;;Kerkap;13;Kedu Baru;Siaga
;Kab. Bengkulu Utara;;Kerkap;14;Serumbung;Siaga
;Kab. Bengkulu Utara;;Kerkap;15;Magelang;Siaga
;Kab. Bengkulu Utara;;Kerkap;16;Tanjung Putus;Siaga
;Kab. Bengkulu Utara;;Kerkap;17;Penyangkak;Siaga
;Kab. Bengkulu Utara;;Kerkap;18;Banyumas Baru;Siaga
;Kab. Bengkulu Utara;3;Kota Arga Makmur;1;Purwodadi;Waspada
;Kab. Bengkulu Utara;;Kota Arga Makmur;2;Gunung Alam;Siaga
;Kab. Bengkulu Utara;;Kota Arga Makmur;3;Tanjung Raman;Siaga
;Kab. Bengkulu Utara;;Kota Arga Makmur;4;Lubuk Sahung;Siaga
;Kab. Bengkulu Utara;;Kota Arga Makmur;5;Kuro Tidur;Siaga
;Kab. Bengkulu Utara;;Kota Arga Makmur;6;Karang Suci;Siaga
;Kab. Bengkulu Utara;;Kota Arga Makmur;7;Rama Agung;Siaga
;Kab. Bengkulu Utara;;Kota Arga Makmur;8;Talang Denau;Siaga
;Kab. Bengkulu Utara;;Kota Arga Makmur;9;Gunung Selan;Siaga
;Kab. Bengkulu Utara;;Kota Arga Makmur;10;Datar Ruyung;Siaga
;Kab. Bengkulu Utara;;Kota Arga Makmur;11;Senali;Siaga
;Kab. Bengkulu Utara;;Kota Arga Makmur;12;Gunung Agung;Siaga
;Kab. Bengkulu Utara;;Kota Arga Makmur;13;Sido Urip;Siaga
;Kab. Bengkulu Utara;;Kota Arga Makmur;14;Karang Anyar I;Siaga
;Kab. Bengkulu Utara;;Kota Arga Makmur;15;Taba Tembilang;Waspada
;Kab. Bengkulu Utara;;Kota Arga Makmur;16;Karang Anyar II;Siaga
;Kab. Bengkulu Utara;4;Giri Mulya;1;Tanjung Anom;Siaga
;Kab. Bengkulu Utara;;Giri Mulya;2;Suka Makmur;Siaga
;Kab. Bengkulu Utara;;Giri Mulya;3;Wono Harjo;Siaga
;Kab. Bengkulu Utara;;Giri Mulya;4;Giri Mulya;Siaga
;Kab. Bengkulu Utara;;Giri Mulya;5;Rena Jaya;Siaga
;Kab. Bengkulu Utara;;Giri Mulya;6;Suka Mulya;Siaga
;Kab. Bengkulu Utara;5;Padang Jaya;1;Lubuk Banyau;Siaga
;Kab. Bengkulu Utara;;Padang Jaya;2;Talang Tua;Siaga
;Kab. Bengkulu Utara;;Padang Jaya;3;Marga Sakti;Waspada
;Kab. Bengkulu Utara;;Padang Jaya;4;Tanjung Harapan;Siaga
;Kab. Bengkulu Utara;;Padang Jaya;5;Padang Jaya;Siaga
;Kab. Bengkulu Utara;;Padang Jaya;6;Arga Mulya;Siaga
;Kab. Bengkulu Utara;;Padang Jaya;7;Sido Mukti;Siaga
;Kab. Bengkulu Utara;;Padang Jaya;8;Marga Jaya;Siaga
;Kab. Bengkulu Utara;;Padang Jaya;9;Tanah Hitam;Siaga
;Kab. Bengkulu Utara;;Padang Jaya;10;Tambak Rejo;Siaga
;Kab. Bengkulu Utara;;Padang Jaya;11;Sido Luhur;Siaga
;Kab. Bengkulu Utara;;Padang Jaya;12;Tanah Tinggi;Siaga
;Kab. Bengkulu Utara;6;Lais;1;Pasar Lais;Siaga
;Kab. Bengkulu Utara;;Lais;2;Datar Lebar;Siaga
;Kab. Bengkulu Utara;;Lais;3;Air Padang;Siaga
;Kab. Bengkulu Utara;;Lais;4;Durian Daun;Siaga
;Kab. Bengkulu Utara;;Lais;5;Dusun Raja;Siaga
;Kab. Bengkulu Utara;;Lais;6;Lubuk Lesung;Siaga
;Kab. Bengkulu Utara;;Lais;7;Pal 30;Siaga
;Kab. Bengkulu Utara;;Lais;8;Jagobayo;Siaga
;Kab. Bengkulu Utara;;Lais;9;Talang Rasau;Siaga
;Kab. Bengkulu Utara;;Lais;10;Lubuk Gedang;Siaga
;Kab. Bengkulu Utara;;Lais;11;Suka Langu;Siaga
;Kab. Bengkulu Utara;;Lais;12;Taba Baru;Siaga
;Kab. Bengkulu Utara;;Lais;13;Kalbang;Siaga
;Kab. Bengkulu Utara;7;Batik Nau;1;Serangai;Siaga
;Kab. Bengkulu Utara;;Batik Nau;2;Selolong;Siaga
;Kab. Bengkulu Utara;;Batik Nau;3;Air Lakok;Siaga
;Kab. Bengkulu Utara;;Batik Nau;4;Bintunan;Siaga
;Kab. Bengkulu Utara;;Batik Nau;5;Suka Marga;Siaga
;Kab. Bengkulu Utara;;Batik Nau;6;Batik Nau;Siaga
;Kab. Bengkulu Utara;;Batik Nau;7;Pagar Ruyung;Siaga
;Kab. Bengkulu Utara;;Batik Nau;8;Durian Amparan;Siaga
;Kab. Bengkulu Utara;;Batik Nau;9;Taba Kulintang;Siaga
;Kab. Bengkulu Utara;;Batik Nau;10;Ulak Tanding;Siaga
;Kab. Bengkulu Utara;;Batik Nau;11;Seberang Tunggal;Siaga
;Kab. Bengkulu Utara;;Batik Nau;12;Sekiau;Siaga
;Kab. Bengkulu Utara;;Batik Nau;13;Samban Jaya;Siaga
;Kab. Bengkulu Utara;;Batik Nau;14;Peninjau;Siaga
;Kab. Bengkulu Utara;;Batik Nau;15;Air Mangayau;Siaga
;Kab. Bengkulu Utara;8;Ketahun;1;Urai;Siaga
;Kab. Bengkulu Utara;;Ketahun;2;Pasar Ketahun;Siaga
;Kab. Bengkulu Utara;;Ketahun;3;Giri Kencana;Siaga
;Kab. Bengkulu Utara;;Ketahun;4;Kualalangi;Siaga
;Kab. Bengkulu Utara;;Ketahun;5;Dusun Raja;Siaga
;Kab. Bengkulu Utara;;Ketahun;6;Lubuk Mindai;Siaga
;Kab. Bengkulu Utara;;Ketahun;7;Fajar Baru;Siaga
;Kab. Bengkulu Utara;;Ketahun;8;Talang Baru;Siaga
;Kab. Bengkulu Utara;;Ketahun;9;Melati Harjo;Siaga
;Kab. Bengkulu Utara;;Ketahun;10;Bukit Indah;Siaga
;Kab. Bengkulu Utara;;Ketahun;11;Bukit Tinggi;Siaga
;Kab. Bengkulu Utara;9;Napal Putih;1;Tanjungalai;Siaga
;Kab. Bengkulu Utara;;Napal Putih;2;Jabi;Siaga
;Kab. Bengkulu Utara;;Napal Putih;3;Napal Putih;Siaga
;Kab. Bengkulu Utara;;Napal Putih;4;Air Tenang;Siaga
;Kab. Bengkulu Utara;;Napal Putih;5;Teluk Anggung;Siaga
;Kab. Bengkulu Utara;;Napal Putih;6;Tanjung Kemenyan;Siaga
;Kab. Bengkulu Utara;;Napal Putih;7;Muara Santan;Siaga
;Kab. Bengkulu Utara;;Napal Putih;8;Lebong Tandai;Siaga
;Kab. Bengkulu Utara;;Napal Putih;9;Gembung Raya;Siaga
;Kab. Bengkulu Utara;;Napal Putih;10;Kinal Jaya;Siaga
;Kab. Bengkulu Utara;10;Putri Hijau;1;Talang Arah;Siaga
;Kab. Bengkulu Utara;;Putri Hijau;2;Pasar Sebelat;Siaga
;Kab. Bengkulu Utara;;Putri Hijau;3;Kota Bani;Siaga
;Kab. Bengkulu Utara;;Putri Hijau;4;Air Muring;Siaga
;Kab. Bengkulu Utara;;Putri Hijau;5;Air Pandan;Siaga
;Kab. Bengkulu Utara;;Putri Hijau;6;Cipta Mulya;Siaga
;Kab. Bengkulu Utara;;Putri Hijau;7;Air Petai;Siaga
;Kab. Bengkulu Utara;;Putri Hijau;8;Karang Tengah;Siaga
;Kab. Bengkulu Utara;;Putri Hijau;9;Karang Pulau;Siaga
;Kab. Bengkulu Utara;11;Air Besi;1;Genting Perangkap;Siaga
;Kab. Bengkulu Utara;;Air Besi;2;Lubuk Balam;Siaga
;Kab. Bengkulu Utara;;Air Besi;3;Datar Mancang;Siaga
;Kab. Bengkulu Utara;;Air Besi;4;Tanjung Genting;Siaga
;Kab. Bengkulu Utara;;Air Besi;5;Talang Renah;Siaga
;Kab. Bengkulu Utara;;Air Besi;6;Kota Agung;Siaga
;Kab. Bengkulu Utara;;Air Besi;7;Talang Lembak;Siaga
;Kab. Bengkulu Utara;;Air Besi;8;Kertapati;Siaga
;Kab. Bengkulu Utara;;Air Besi;9;Talang Pungguk;Siaga
;Kab. Bengkulu Utara;;Air Besi;10;Teluk Baru Ginting;Siaga
;Kab. Bengkulu Utara;;Air Besi;11;Tanjung Karet;Siaga
;Kab. Bengkulu Utara;;Air Besi;12;Talang Ginting;Siaga
;Kab. Bengkulu Utara;;Air Besi;13;Sungai Pura;Siaga
;Kab. Bengkulu Utara;;Air Besi;14;Dusun Curup;Siaga
;Kab. Bengkulu Utara;;Air Besi;15;Penyangkak;Siaga
;Kab. Bengkulu Utara;12;Air Napal;1;Pasar Bembah;Siaga
;Kab. Bengkulu Utara;;Air Napal;2;Tepi Laut;Siaga
;Kab. Bengkulu Utara;;Air Napal;3;Pasar Kerkap;Siaga
;Kab. Bengkulu Utara;;Air Napal;4;Air Napal;Siaga
;Kab. Bengkulu Utara;;Air Napal;5;Talang Kering;Siaga
;Kab. Bengkulu Utara;;Air Napal;6;Selubuk;Siaga
;Kab. Bengkulu Utara;;Air Napal;7;Pasar Tebat;Siaga
;Kab. Bengkulu Utara;;Air Napal;8;Lubuk Tanjung;Siaga
;Kab. Bengkulu Utara;;Air Napal;9;Pukur;Siaga
;Kab. Bengkulu Utara;;Air Napal;10;Pasar Palik;Siaga
;Kab. Bengkulu Utara;;Air Napal;11;Tebing Kandang;Siaga
;Kab. Bengkulu Utara;;Air Napal;12;Talang Jarang;Siaga
;Kab. Bengkulu Utara;13;Hulu Palik;1;Kota Lekat;Siaga
;Kab. Bengkulu Utara;;Hulu Palik;2;Padang Bendar;Siaga
;Kab. Bengkulu Utara;;Hulu Palik;3;Taba Padang R;Siaga
;Kab. Bengkulu Utara;;Hulu Palik;4;Taba Padang Kol;Siaga
;Kab. Bengkulu Utara;;Hulu Palik;5;Air Banai;Siaga
;Kab. Bengkulu Utara;;Hulu Palik;6;Batu Raja R;Siaga
;Kab. Bengkulu Utara;;Hulu Palik;7;Batu Raja Kol;Siaga
;Kab. Bengkulu Utara;;Hulu Palik;8;Batu Layang;Siaga
;Kab. Bengkulu Utara;;Hulu Palik;9;Batu Roto;Siaga
;Kab. Bengkulu Utara;;Hulu Palik;10;Air Ba'us I;Siaga
;Kab. Bengkulu Utara;;Hulu Palik;11;Air Ba'us II;Siaga
;Kab. Bengkulu Utara;;Hulu Palik;12;Pematang Balam;Siaga
;Kab. Bengkulu Utara;;Hulu Palik;13;Talang Rendah;Siaga
;Kab. Bengkulu Utara;;Hulu Palik;14;Sumber Rejo;Siaga
;Kab. Bengkulu Utara;;Hulu Palik;15;Kota Lekat Mudik;Siaga
;Kab. Bengkulu Utara;14;Air Padang;1;Padang Kala;Siaga
;Kab. Bengkulu Utara;;Air Padang;2;Kembang Manis;Siaga
;Kab. Bengkulu Utara;;Air Padang;3;Teluk Ajang;Siaga
;Kab. Bengkulu Utara;;Air Padang;4;Balam;Siaga
;Kab. Bengkulu Utara;;Air Padang;5;Suka Rami;Siaga
;Kab. Bengkulu Utara;;Air Padang;6;Mesigit;Siaga
;Kab. Bengkulu Utara;;Air Padang;7;Retes;Siaga
;Kab. Bengkulu Utara;;Air Padang;8;Lubuk Mumpo;Siaga
;Kab. Bengkulu Utara;;Air Padang;9;Talang Ulu;Siaga
;Kab. Bengkulu Utara;;Air Padang;10;Tanjung Aur;Siaga
;Kab. Bengkulu Utara;15;Arma Jaya;1;Kemumu;Siaga
;Kab. Bengkulu Utara;;Arma Jaya;2;Tebing Kaning;Siaga
;Kab. Bengkulu Utara;;Arma Jaya;3;Sidodadi;Siaga
;Kab. Bengkulu Utara;;Arma Jaya;4;Sumber Agung;Siaga
;Kab. Bengkulu Utara;;Arma Jaya;5;Pematang Sapang;Siaga
;Kab. Bengkulu Utara;;Arma Jaya;6;Pagar Banyu;Siaga
;Kab. Bengkulu Utara;;Arma Jaya;7;Gardu;Siaga
;Kab. Bengkulu Utara;;Arma Jaya;8;Kali;Siaga
;Kab. Bengkulu Utara;;Arma Jaya;9;Kalai Duai;Siaga
;Kab. Bengkulu Utara;;Arma Jaya;10;Pagar Ruyung;Siaga
;Kab. Bengkulu Utara;;Arma Jaya;11;Air Merah;Siaga
;Kab. Bengkulu Utara;;Arma Jaya;12;Gunung Besar;Siaga
;Kab. Bengkulu Utara;16;Tanjung Agung Palik;1;Sengkuang;Siaga
;Kab. Bengkulu Utara;;Tanjung Agung Palik;2;Lubuk Pendam;Siaga
;Kab. Bengkulu Utara;;Tanjung Agung Palik;3;Alun Dua;Siaga
;Kab. Bengkulu Utara;;Tanjung Agung Palik;4;Ketapi;Siaga
;Kab. Bengkulu Utara;;Tanjung Agung Palik;5;Lubuk Semantung;Siaga
;Kab. Bengkulu Utara;;Tanjung Agung Palik;6;Sawang Lebar;Siaga
;Kab. Bengkulu Utara;;Tanjung Agung Palik;7;Sawang Lebar Ilir;Siaga
;Kab. Bengkulu Utara;;Tanjung Agung Palik;8;Lubuk Gading;Siaga
;Kab. Bengkulu Utara;;Tanjung Agung Palik;9;Tanjung Agung;Siaga
;Kab. Bengkulu Utara;;Tanjung Agung Palik;10;Padang Sepan;Siaga
;Kab. Bengkulu Utara;17;Ulok Kupai;1;Air Lelangi;Siaga
;Kab. Bengkulu Utara;;Ulok Kupai;2;Bukit Berlian;Siaga
;Kab. Bengkulu Utara;;Ulok Kupai;3;Tanjung Dalam;Siaga
;Kab. Bengkulu Utara;;Ulok Kupai;4;Bukit Sari;Siaga
;Kab. Bengkulu Utara;;Ulok Kupai;5;Pagardin;Siaga
;Kab. Bengkulu Utara;;Ulok Kupai;6;Tanjung Harapan;Siaga
;Kab. Bengkulu Utara;;Ulok Kupai;7;Tanjung Sari;Siaga
;Kab. Bengkulu Utara;;Ulok Kupai;8;Bangun Karya;Siaga
;Kab. Bengkulu Utara;;Ulok Kupai;9;Pondok Bakil;Siaga
;Kab. Bengkulu Utara;;Ulok Kupai;10;Talang Berantai;Siaga
;Kab. Bengkulu Utara;18;Pinang Raya;1;Air Sebayur;Siaga
;Kab. Bengkulu Utara;;Pinang Raya;2;Air Sekamanak;Siaga
;Kab. Bengkulu Utara;;Pinang Raya;3;Air Simpang;Siaga
;Kab. Bengkulu Utara;;Pinang Raya;4;Bukit Makmur;Siaga
;Kab. Bengkulu Utara;;Pinang Raya;5;Marga Bhakti;Siaga
;Kab. Bengkulu Utara;;Pinang Raya;6;Bumi Harjo;Siaga
;Kab. Bengkulu Utara;;Pinang Raya;7;Sumber Mulya;Siaga
;Kab. Bengkulu Utara;;Pinang Raya;8;Gunung Payung;Siaga
;Kab. Bengkulu Utara;;Pinang Raya;9;Bukit Harapan;Siaga
;Kab. Bengkulu Utara;;Pinang Raya;10;Tanjung Muara;Siaga
;Kab. Bengkulu Utara;19;Marga Sakti Sebelat;1;Air Putih;Siaga
;Kab. Bengkulu Utara;;Marga Sakti Sebelat;2;Suka Makmur;Siaga
;Kab. Bengkulu Utara;;Marga Sakti Sebelat;3;Karya Pelita;Siaga
;Kab. Bengkulu Utara;;Marga Sakti Sebelat;4;Suka Maju;Siaga
;Kab. Bengkulu Utara;;Marga Sakti Sebelat;5;Suka Baru;Siaga
;Kab. Bengkulu Utara;;Marga Sakti Sebelat;6;Suka Merindu;Siaga
;Kab. Bengkulu Utara;;Marga Sakti Sebelat;7;Suka Medan;Siaga
;Kab. Bengkulu Utara;;Marga Sakti Sebelat;8;Karya Bakti;Siaga
;Kab. Bengkulu Utara;;Marga Sakti Sebelat;9;Karya Jaya;Siaga
;Kab. Bengkulu Utara;;Marga Sakti Sebelat;10;Suka Negara;Siaga
7;Kab. Kaur;1;Kinal;1;Gedung Wani;Siaga
;Kab. Kaur;;Kinal;2;Penandingan;Siaga
;Kab. Kaur;;Kinal;3;Geramat;Siaga
;Kab. Kaur;;Kinal;4;Tanjung Alam;Siaga
;Kab. Kaur;;Kinal;5;Tanjung Baru;Siaga
;Kab. Kaur;;Kinal;6;Pengurung;Siaga
;Kab. Kaur;;Kinal;7;Pinang Jawa;Siaga
;Kab. Kaur;;Kinal;8;Gunung Terang;Siaga
;Kab. Kaur;;Kinal;9;Talang Padang;Siaga
;Kab. Kaur;;Kinal;10;Gunung Megang;Siaga
;Kab. Kaur;;Kinal;11;Talang Berangin;Siaga
;Kab. Kaur;;Kinal;12;Jawi;Siaga
;Kab. Kaur;;Kinal;13;Papahan;Siaga
;Kab. Kaur;;Kinal;14;Pinang Jawa II;Siaga
;Kab. Kaur;2;Tanjung Kemuning;1;Tinggi Ari;Siaga
;Kab. Kaur;;Tanjung Kemuning;2;Tanjung Aur;Siaga
;Kab. Kaur;;Tanjung Kemuning;3;Aur Ringit;Siaga
;Kab. Kaur;;Tanjung Kemuning;4;Pelajaran;Siaga
;Kab. Kaur;;Tanjung Kemuning;5;Tanjung Kemuning;Siaga
;Kab. Kaur;;Tanjung Kemuning;6;Selika;Siaga
;Kab. Kaur;;Tanjung Kemuning;7;Tanjung Iman;Siaga
;Kab. Kaur;;Tanjung Kemuning;8;Padang Leban;Siaga
;Kab. Kaur;;Tanjung Kemuning;9;Beriang Tinggi;Siaga
;Kab. Kaur;;Tanjung Kemuning;10;Tanjung Bulan;Siaga
;Kab. Kaur;;Tanjung Kemuning;11;Pelajaran II;Siaga
;Kab. Kaur;;Tanjung Kemuning;12;Selika II;Siaga
;Kab. Kaur;;Tanjung Kemuning;13;Sulauwangi;Siaga
;Kab. Kaur;;Tanjung Kemuning;14;Padang Kedondong;Siaga
;Kab. Kaur;;Tanjung Kemuning;15;Padang Tinggi;Siaga
;Kab. Kaur;;Tanjung Kemuning;16;Tanjung Kemuning II;Siaga
;Kab. Kaur;;Tanjung Kemuning;17;Tanjung Kemuning III;Siaga
;Kab. Kaur;;Tanjung Kemuning;18;Tanjung Aur II;Siaga
;Kab. Kaur;;Tanjung Kemuning;19;Tanjung Iman II;Siaga
;Kab. Kaur;;Tanjung Kemuning;20;Selika III;Siaga
;Kab. Kaur;3;Kaur Utara;1;Simpang Tiga;Siaga
;Kab. Kaur;;Kaur Utara;2;Tanjung Betung;Siaga
;Kab. Kaur;;Kaur Utara;3;Padang Manis;Siaga
;Kab. Kaur;;Kaur Utara;4;Guru Agung;Siaga
;Kab. Kaur;;Kaur Utara;5;Gunung Agung;Siaga
;Kab. Kaur;;Kaur Utara;6;Bandu Agung;Siaga
;Kab. Kaur;;Kaur Utara;7;Tanjung Betung II;Siaga
;Kab. Kaur;;Kaur Utara;8;Coko Enau;Siaga
;Kab. Kaur;;Kaur Utara;9;Pancur Negara;Siaga
;Kab. Kaur;;Kaur Utara;10;Perugaian;Siaga
;Kab. Kaur;;Kaur Utara;11;Guru Agung II;Siaga
;Kab. Kaur;4;Kaur Tengah;1;Tanjung Iman;Siaga
;Kab. Kaur;;Kaur Tengah;2;Sukarami;Siaga
;Kab. Kaur;;Kaur Tengah;3;Pajar Bulan;Siaga
;Kab. Kaur;;Kaur Tengah;4;Padang Hangat;Siaga
;Kab. Kaur;;Kaur Tengah;5;Kemang Manis;Siaga
;Kab. Kaur;;Kaur Tengah;6;Penyandingan;Siaga
;Kab. Kaur;;Kaur Tengah;7;Sinar Jaya;Siaga
;Kab. Kaur;;Kaur Tengah;8;Tanjung Pandan;Siaga
;Kab. Kaur;;Kaur Tengah;9;Padang Baru;Siaga
;Kab. Kaur;5;Kaur Selatan;1;Bandar Bintuhan;Siaga
;Kab. Kaur;;Kaur Selatan;2;Sekunyit;Siaga
;Kab. Kaur;;Kaur Selatan;3;Suka Bandung;Siaga
;Kab. Kaur;;Kaur Selatan;4;Air Dingin;Siaga
;Kab. Kaur;;Kaur Selatan;5;Pasar Baru;Siaga
;Kab. Kaur;;Kaur Selatan;6;Pasar Lama;Siaga
;Kab. Kaur;;Kaur Selatan;7;Gedung Sako;Siaga
;Kab. Kaur;;Kaur Selatan;8;Jembatan Dua;Siaga
;Kab. Kaur;;Kaur Selatan;9;Tanjung Besar;Siaga
;Kab. Kaur;;Kaur Selatan;10;Pengubaian;Siaga
;Kab. Kaur;;Kaur Selatan;11;Pahlawan Ratu;Siaga
;Kab. Kaur;;Kaur Selatan;12;Pasar Saoh;Siaga
;Kab. Kaur;;Kaur Selatan;13;Kepala Pasar;Siaga
;Kab. Kaur;;Kaur Selatan;14;Padang Petron;Siaga
;Kab. Kaur;;Kaur Selatan;15;Sawah Jangkung;Siaga
;Kab. Kaur;;Kaur Selatan;16;Selasih;Siaga
;Kab. Kaur;;Kaur Selatan;17;Padang Genting;Siaga
;Kab. Kaur;;Kaur Selatan;18;Gedung Sako II;Siaga
;Kab. Kaur;;Kaur Selatan;19;Sinar Pagi;Siaga
;Kab. Kaur;6;Maje;1;Parda Suka;Siaga
;Kab. Kaur;;Maje;2;Air Long;Siaga
;Kab. Kaur;;Maje;3;3 Linau;Siaga
;Kab. Kaur;;Maje;4;Way Hawang;Siaga
;Kab. Kaur;;Maje;5;Tanjung Baru;Siaga
;Kab. Kaur;;Maje;6;Tanjung Ganti;Siaga
;Kab. Kaur;;Maje;7;Kedataran;Siaga
;Kab. Kaur;;Maje;8;Tanjung Aur;Siaga
;Kab. Kaur;;Maje;9;Penyandingan;Siaga
;Kab. Kaur;;Maje;10;Suka Menanti;Siaga
;Kab. Kaur;;Maje;11;Benteng Harapan;Siaga
;Kab. Kaur;;Maje;12;Bakal Makmur;Siaga
;Kab. Kaur;;Maje;13;Muara Jaya;Siaga
;Kab. Kaur;;Maje;14;Tanjung Agung;Siaga
;Kab. Kaur;;Maje;15;Arga Mulya;Siaga
;Kab. Kaur;;Maje;16;Air Jelatang;Siaga
;Kab. Kaur;;Maje;17;Sumber Harapan;Siaga
;Kab. Kaur;;Maje;18;Tanjung Beringin;Siaga
;Kab. Kaur;;Maje;19;Sinar Mulya;Siaga
;Kab. Kaur;7;Nasal;1;Muara Dua;Siaga
;Kab. Kaur;;Nasal;2;Gedung Menung;Siaga
;Kab. Kaur;;Nasal;3;Ulak Pandan;Siaga
;Kab. Kaur;;Nasal;4;Merpas;Siaga
;Kab. Kaur;;Nasal;5;Tanjung Betuah;Siaga
;Kab. Kaur;;Nasal;6;Air Palawan;Siaga
;Kab. Kaur;;Nasal;7;Tebing Rambutan;Siaga
;Kab. Kaur;;Nasal;8;Batu Lungun;Siaga
;Kab. Kaur;;Nasal;9;Sumber Harapan;Siaga
;Kab. Kaur;;Nasal;10;Suku Tiga;Siaga
;Kab. Kaur;;Nasal;11;Bukit Indah;Siaga
;Kab. Kaur;;Nasal;12;Suka Jaya;Siaga
;Kab. Kaur;;Nasal;13;Pasar Baru;Siaga
;Kab. Kaur;;Nasal;14;Tri Jaya;Siaga
;Kab. Kaur;;Nasal;15;Air Batang;Siaga
;Kab. Kaur;;Nasal;16;Sinar Banten;Siaga
;Kab. Kaur;;Nasal;17;Pasar Jum'at;Siaga
;Kab. Kaur;8;Semindang Gumay;1;Bunga Melur;Siaga
;Kab. Kaur;;Semindang Gumay;2;2 Karang Dapo;Siaga
;Kab. Kaur;;Semindang Gumay;3;Lubuk Gung;Siaga
;Kab. Kaur;;Semindang Gumay;4;Gunung Tiga;Siaga
;Kab. Kaur;;Semindang Gumay;5;Suka Merindu;Siaga
;Kab. Kaur;;Semindang Gumay;6;Mentiring;Siaga
;Kab. Kaur;;Semindang Gumay;7;Cahaya Batin;Siaga
;Kab. Kaur;;Semindang Gumay;8;Awat Mata;Siaga
;Kab. Kaur;;Semindang Gumay;9;Nusuk;Siaga
;Kab. Kaur;;Semindang Gumay;10;Tanjung Harapan;Siaga
;Kab. Kaur;;Semindang Gumay;11;Gunung Tiga II;Siaga
;Kab. Kaur;;Semindang Gumay;12;Padang Panjang;Siaga
;Kab. Kaur;;Semindang Gumay;13;Masria Baru;Siaga
;Kab. Kaur;9;Kelam Tengah;1;Tanjung Ganti I;Siaga
;Kab. Kaur;;Kelam Tengah;2;Tanjung Ganti II;Siaga
;Kab. Kaur;;Kelam Tengah;3;Rigangan I;Siaga
;Kab. Kaur;;Kelam Tengah;4;Rigangan II;Siaga
;Kab. Kaur;;Kelam Tengah;5;Rigangan III;Siaga
;Kab. Kaur;;Kelam Tengah;6;Sukarami I;Waspada
;Kab. Kaur;;Kelam Tengah;7;Darat Sawah;Siaga
;Kab. Kaur;;Kelam Tengah;8;Siring Agung;Siaga
;Kab. Kaur;;Kelam Tengah;9;Penantian;Siaga
;Kab. Kaur;;Kelam Tengah;10;Talang Tais;Siaga
;Kab. Kaur;;Kelam Tengah;11;Pagar Dewa;Siaga
;Kab. Kaur;;Kelam Tengah;12;Talang Marap;Waspada
;Kab. Kaur;;Kelam Tengah;13;Suka Rami II;Siaga
;Kab. Kaur;10;Luas;1;Bangun Jiwa;Siaga
;Kab. Kaur;;Luas;2;Cahaya Negeri;Siaga
;Kab. Kaur;;Luas;3;Padang Jati;Siaga
;Kab. Kaur;;Luas;4;Ganda Suli;Siaga
;Kab. Kaur;;Luas;5;Durian Besar;Siaga
;Kab. Kaur;;Luas;6;Tanjung Beringin;Siaga
;Kab. Kaur;;Luas;7;Umbul;Siaga
;Kab. Kaur;;Luas;8;Benua Ratu;Siaga
;Kab. Kaur;;Luas;9;Tuguk;Siaga
;Kab. Kaur;;Luas;10;Kepahyang;Siaga
;Kab. Kaur;;Luas;11;Pulau Panggung;Siaga
;Kab. Kaur;;Luas;12;Serdang Indah;Siaga
;Kab. Kaur;11;Muara Sahung;1;Muara Sahung;Siaga
;Kab. Kaur;;Muara Sahung;2;Tri Tunggal Bakti;Siaga
;Kab. Kaur;;Muara Sahung;3;Ulak Lebar;Siaga
;Kab. Kaur;;Muara Sahung;4;Sumber Makmur;Siaga
;Kab. Kaur;;Muara Sahung;5;Ulak Bandung;Siaga
;Kab. Kaur;;Muara Sahung;6;Cinta Makmur;Siaga
;Kab. Kaur;;Muara Sahung;7;Bukit Makmur;Siaga
;Kab. Kaur;12;Tetap;1;Suka Banjar;Siaga
;Kab. Kaur;;Tetap;2;Tanjung Bunga;Siaga
;Kab. Kaur;;Tetap;3;Cucupan;Siaga
;Kab. Kaur;;Tetap;4;Pagar Dewa;Siaga
;Kab. Kaur;;Tetap;5;Tanjung Agung;Siaga
;Kab. Kaur;;Tetap;6;Babat;Siaga
;Kab. Kaur;;Tetap;7;Kepahyang;Siaga
;Kab. Kaur;;Tetap;8;Tanjung Dalam;Siaga
;Kab. Kaur;;Tetap;9;Muara Tetap;Siaga
;Kab. Kaur;;Tetap;10;Kasuk Baru;Siaga
;Kab. Kaur;;Tetap;11;Padang Binjai;Siaga
;Kab. Kaur;;Tetap;12;Suka Raja;Siaga
;Kab. Kaur;13;Lungkang Kule;1;Datar Lebar;Siaga
;Kab. Kaur;;Lungkang Kule;2;Tanjung Bunian;Siaga
;Kab. Kaur;;Lungkang Kule;3;Sinar Bulan;Siaga
;Kab. Kaur;;Lungkang Kule;4;Sukananti;Siaga
;Kab. Kaur;;Lungkang Kule;5;Lawang Agung;Siaga
;Kab. Kaur;;Lungkang Kule;6;Tanjung Kurung;Siaga
;Kab. Kaur;;Lungkang Kule;7;Senak;Siaga
;Kab. Kaur;;Lungkang Kule;8;Datar Lebar II;Siaga
;Kab. Kaur;;Lungkang Kule;9;Aur Gading;Siaga
;Kab. Kaur;14;Padang Guci Hilir;1;Pulau Panggung;Siaga
;Kab. Kaur;;Padang Guci Hilir;2;Talang Besar;Siaga
;Kab. Kaur;;Padang Guci Hilir;3;Talang Jawi I;Siaga
;Kab. Kaur;;Padang Guci Hilir;4;Talang Jawi II;Siaga
;Kab. Kaur;;Padang Guci Hilir;5;Air Kering;Siaga
;Kab. Kaur;;Padang Guci Hilir;6;Gunung Kaya;Siaga
;Kab. Kaur;;Padang Guci Hilir;7;Ulak Agung;Siaga
;Kab. Kaur;;Padang Guci Hilir;8;Talang Padang;Siaga
;Kab. Kaur;;Padang Guci Hilir;9;Air Kering II;Siaga
;Kab. Kaur;15;Padang Guci Hulu;1;Naga Rantai;Siaga
;Kab. Kaur;;Padang Guci Hulu;2;Bungin Tambun;Siaga
;Kab. Kaur;;Padang Guci Hulu;3;Bungin Tambun II;Siaga
;Kab. Kaur;;Padang Guci Hulu;4;Bungin Tambun III;Siaga
;Kab. Kaur;;Padang Guci Hulu;5;Manau IX;Bahaya
;Kab. Kaur;;Padang Guci Hulu;6;Manau IX Dua;Bahaya
;Kab. Kaur;;Padang Guci Hulu;7;Pagar Alam;Siaga
;Kab. Kaur;;Padang Guci Hulu;8;Pagar Gunung;Siaga
;Kab. Kaur;;Padang Guci Hulu;9;Coko Betung;Siaga
;Kab. Kaur;;Padang Guci Hulu;10;Marga Mulyo;Siaga
;Kab. Kaur;;Padang Guci Hulu;11;Jati Mulyo;Siaga
8;Kab. Kepahiang;1;Bermani Ilir;1;Keban Agung;Siaga
;Kab. Kepahiang;;Bermani Ilir;2;Kota Agung;Siaga
;Kab. Kepahiang;;Bermani Ilir;3;Kembang Seri;Siaga
;Kab. Kepahiang;;Bermani Ilir;4;Pagar Agung;Siaga
;Kab. Kepahiang;;Bermani Ilir;5;Embong Ijuk;Siaga
;Kab. Kepahiang;;Bermani Ilir;6;Gunung Agung;Siaga
;Kab. Kepahiang;;Bermani Ilir;7;Talang Pito;Siaga
;Kab. Kepahiang;;Bermani Ilir;8;Cinto Mandi;Siaga
;Kab. Kepahiang;;Bermani Ilir;9;Lembur Lama;Siaga
;Kab. Kepahiang;;Bermani Ilir;10;Taba Baru;Siaga
;Kab. Kepahiang;;Bermani Ilir;11;Bukit Menyan;Siaga
;Kab. Kepahiang;;Bermani Ilir;12;Batu Belarik;Siaga
;Kab. Kepahiang;;Bermani Ilir;13;12 Embong Sido;Siaga
;Kab. Kepahiang;;Bermani Ilir;14;Talang Sawah;Siaga
;Kab. Kepahiang;;Bermani Ilir;15;Sosokan Cinta Mandi;Siaga
;Kab. Kepahiang;;Bermani Ilir;16;Muara Langkap;Siaga
;Kab. Kepahiang;;Bermani Ilir;17;Air Raman;Siaga
;Kab. Kepahiang;;Bermani Ilir;18;Langgar Jaya;Siaga
;Kab. Kepahiang;;Bermani Ilir;19;Cinta Mandi Baru;Siaga
;Kab. Kepahiang;2;Ujan Mas;1;Ujan Mas Atas;Siaga
;Kab. Kepahiang;;Ujan Mas;2;Daspeta;Siaga
;Kab. Kepahiang;;Ujan Mas;3;Suro Lembak;Siaga
;Kab. Kepahiang;;Ujan Mas;4;Tanjung Alam;Siaga
;Kab. Kepahiang;;Ujan Mas;5;Suro Ilir;Siaga
;Kab. Kepahiang;;Ujan Mas;6;Suro Muncar;Siaga
;Kab. Kepahiang;;Ujan Mas;7;Suro Baru;Siaga
;Kab. Kepahiang;;Ujan Mas;8;Pekalongan;Siaga
;Kab. Kepahiang;;Ujan Mas;9;Bumi Sari;Siaga
;Kab. Kepahiang;;Ujan Mas;10;Cugung Lalang;Siaga
;Kab. Kepahiang;;Ujan Mas;11;Ujan Mas Bawah;Siaga
;Kab. Kepahiang;;Ujan Mas;12;Suro Bali;Siaga
;Kab. Kepahiang;;Ujan Mas;13;Pungguk Meranti;Siaga
;Kab. Kepahiang;;Ujan Mas;14;Pungguk Meringang;Siaga
;Kab. Kepahiang;;Ujan Mas;15;Meranti Jaya;Siaga
;Kab. Kepahiang;;Ujan Mas;16;Air Hitam;Siaga
;Kab. Kepahiang;;Ujan Mas;17;Daspetah II;Siaga
;Kab. Kepahiang;3;Tebat Karai;1;Tebat Karai;Siaga
;Kab. Kepahiang;;Tebat Karai;2;Taba Santing;Siaga
;Kab. Kepahiang;;Tebat Karai;3;Tertik;Siaga
;Kab. Kepahiang;;Tebat Karai;4;Talang Karet;Siaga
;Kab. Kepahiang;;Tebat Karai;5;Peraduan Binjai;Siaga
;Kab. Kepahiang;;Tebat Karai;6;Penanjung Panjang;waspada
;Kab. Kepahiang;;Tebat Karai;7;Nanti Agung;Siaga
;Kab. Kepahiang;;Tebat Karai;8;Taba Air Pauh;Siaga
;Kab. Kepahiang;;Tebat Karai;9;Karang Tengah;Siaga
;Kab. Kepahiang;;Tebat Karai;10;Tapak Gedung;Siaga
;Kab. Kepahiang;;Tebat Karai;11;Tebing Penyamun;Siaga
;Kab. Kepahiang;;Tebat Karai;12;Sinar Gunung;Siaga
;Kab. Kepahiang;;Tebat Karai;13;Taba Saling;Siaga
;Kab. Kepahiang;;Tebat Karai;14;Penanjung Panjang;Waspada
;Kab. Kepahiang;4;Kepahiang;1;Pensiunan;bahaya
;Kab. Kepahiang;;Kepahiang;2;Pasar Kepahiangan;Waspada
;Kab. Kepahiang;;Kepahiang;3;Pasar Ujung;Siaga
;Kab. Kepahiang;;Kepahiang;4;Dusun Kepahiang;Siaga
;Kab. Kepahiang;;Kepahiang;5;Kampung Pensiunan;Bahaya
;Kab. Kepahiang;;Kepahiang;6;Pasar Sejantung;Siaga
;Kab. Kepahiang;;Kepahiang;7;Padang Lekat;Siaga
;Kab. Kepahiang;;Kepahiang;8;Kelilik;Siaga
;Kab. Kepahiang;;Kepahiang;9;Tebat Monok;Siaga
;Kab. Kepahiang;;Kepahiang;10;Permu;Siaga
;Kab. Kepahiang;;Kepahiang;11;Imigrasi Permu;Waspada
;Kab. Kepahiang;;Kepahiang;12;Karang Endah;Siaga
;Kab. Kepahiang;;Kepahiang;13;Westkust;Siaga
;Kab. Kepahiang;;Kepahiang;14;Kampung Bogor;Waspada
;Kab. Kepahiang;;Kepahiang;15;Kuto Rejo;Siaga
;Kab. Kepahiang;;Kepahiang;16;Karang Anyar;Siaga
;Kab. Kepahiang;;Kepahiang;17;Taba Tebelet;Waspada
;Kab. Kepahiang;;Kepahiang;18;Pelangkian;Siaga
;Kab. Kepahiang;;Kepahiang;19;Kelobak;Siaga
;Kab. Kepahiang;;Kepahiang;20;Pagar Gunung;Waspada
;Kab. Kepahiang;;Kepahiang;21;Sukamerindu;Siaga
;Kab. Kepahiang;;Kepahiang;22;Bogor Baru;Siaga
;Kab. Kepahiang;;Kepahiang;23;Permu bawah;Siaga
;Kab. Kepahiang;5;Merigi;1;Durian Depun;Siaga
;Kab. Kepahiang;;Merigi;2;Pulo Geto;Siaga
;Kab. Kepahiang;;Merigi;3;Taba Mulan;Siaga
;Kab. Kepahiang;;Merigi;4;Lubuk Penyamun;Siaga
;Kab. Kepahiang;;Merigi;5;SP. Kota Bingin;Siaga
;Kab. Kepahiang;;Merigi;6;Bukit Barisan;Siaga
;Kab. Kepahiang;;Merigi;7;Batu Ampar;Siaga
;Kab. Kepahiang;;Merigi;8;Pulo Geto Baru;Siaga
;Kab. Kepahiang;6;Kabawetan;1;Tangsi Baru;Siaga
;Kab. Kepahiang;;Kabawetan;2;Bandung Baru;Siaga
;Kab. Kepahiang;;Kabawetan;3;Bukit Sari;Siaga
;Kab. Kepahiang;;Kabawetan;4;Tugu Rejo;Siaga
;Kab. Kepahiang;;Kabawetan;5;Suka Sari;Siaga
;Kab. Kepahiang;;Kabawetan;6;Air Sempiang;Siaga
;Kab. Kepahiang;;Kabawetan;7;Tangsi Duren;Siaga
;Kab. Kepahiang;;Kabawetan;8;Babakan Bogor;Siaga
;Kab. Kepahiang;;Kabawetan;9;Barat Wetan;Siaga
;Kab. Kepahiang;;Kabawetan;10;Pematang Donok;Siaga
;Kab. Kepahiang;;Kabawetan;11;Sumber Sari;Siaga
;Kab. Kepahiang;;Kabawetan;12;Mekar Sari;Siaga
;Kab. Kepahiang;;Kabawetan;13;Sido Makmur;Siaga
;Kab. Kepahiang;;Kabawetan;14;Sido Rejo;Siaga
;Kab. Kepahiang;;Kabawetan;15;Bandung Jaya;Siaga
;Kab. Kepahiang;7;Seberang Musi;1;Benuang Galing;Siaga
;Kab. Kepahiang;;Seberang Musi;2;Air Selimang;Siaga
;Kab. Kepahiang;;Seberang Musi;3;Tebat Laut;Siaga
;Kab. Kepahiang;;Seberang Musi;4;Temdak;Siaga
;Kab. Kepahiang;;Seberang Musi;5;Taba Padang;Siaga
;Kab. Kepahiang;;Seberang Musi;6;Lubuk Saung;Siaga
;Kab. Kepahiang;;Seberang Musi;7;Kandang;Siaga
;Kab. Kepahiang;;Seberang Musi;8;Cirebon Baru;Siaga
;Kab. Kepahiang;;Seberang Musi;9;Talang Gelompok;Siaga
;Kab. Kepahiang;;Seberang Musi;10;Air Pesi;Siaga
;Kab. Kepahiang;;Seberang Musi;11;Talang Babatan;Siaga
;Kab. Kepahiang;;Seberang Musi;12;Bayung;Siaga
;Kab. Kepahiang;;Seberang Musi;13;Sungai Jernih;Siaga
;Kab. Kepahiang;8;Muara Kemumu;1;Limbur Baru;Siaga
;Kab. Kepahiang;;Muara Kemumu;2;Batu Kalung;Siaga
;Kab. Kepahiang;;Muara Kemumu;3;Batu Bandung;Siaga
;Kab. Kepahiang;;Muara Kemumu;4;Sosokan Baru;Siaga
;Kab. Kepahiang;;Muara Kemumu;5;Sosokan Taba;Siaga
;Kab. Kepahiang;;Muara Kemumu;6;Talang Tige;Siaga
;Kab. Kepahiang;;Muara Kemumu;7;Renah Kurung;Siaga
;Kab. Kepahiang;;Muara Kemumu;8;Warung Pojok;Siaga
9;Kab. Mukomuko;1;Lubuk Pinang;1;Suka Pindah;Siaga
;Kab. Mukomuko;;Lubuk Pinang;2;Lubuk Pinang;Waspada
;Kab. Mukomuko;;Lubuk Pinang;3;Arah Tiga;Siaga
;Kab. Mukomuko;;Lubuk Pinang;4;Lubuk Gedang;Siaga
;Kab. Mukomuko;;Lubuk Pinang;5;Tanjung Alai;Siaga
;Kab. Mukomuko;;Lubuk Pinang;6;Sumber Makmur;Siaga
;Kab. Mukomuko;;Lubuk Pinang;7;Ranah Karya;Siaga
;Kab. Mukomuko;2;Kota Mukomuko;1;Pasar Muko-Muko;Siaga
;Kab. Mukomuko;;Kota Mukomuko;2;Koto Jaya;Siaga
;Kab. Mukomuko;;Kota Mukomuko;3;Bandar Ratu;Siaga
;Kab. Mukomuko;;Kota Mukomuko;4;Pasar Sebelah;Siaga
;Kab. Mukomuko;;Kota Mukomuko;5;Ujung Padang;Siaga
;Kab. Mukomuko;;Kota Mukomuko;6;Pondok Batu;Siaga
;Kab. Mukomuko;;Kota Mukomuko;7;Tanah Rekah;Siaga
;Kab. Mukomuko;;Kota Mukomuko;8;Selagan Jaya;Siaga
;Kab. Mukomuko;;Kota Mukomuko;9;Tanah Harapan;Siaga
;Kab. Mukomuko;3;Teras Terunjam;1;Teras Terunjam;Siaga
;Kab. Mukomuko;;Teras Terunjam;2;Pondok Kopi;Siaga
;Kab. Mukomuko;;Teras Terunjam;3;Setia Budi;Siaga
;Kab. Mukomuko;;Teras Terunjam;4;Tunggal Jaya;Siaga
;Kab. Mukomuko;;Teras Terunjam;5;Talang Kuning;Siaga
;Kab. Mukomuko;;Teras Terunjam;6;Teruntung;Siaga
;Kab. Mukomuko;;Teras Terunjam;7;Karang Jaya;Siaga
;Kab. Mukomuko;;Teras Terunjam;8;Mekar Jaya;Siaga
;Kab. Mukomuko;4;Pondok Suguh;1;Air Bikuk;Siaga
;Kab. Mukomuko;;Pondok Suguh;2;Tunggang;Siaga
;Kab. Mukomuko;;Pondok Suguh;3;Pondok Suguh;Siaga
;Kab. Mukomuko;;Pondok Suguh;4;Air Berau;Siaga
;Kab. Mukomuko;;Pondok Suguh;5;Air Hitam;Siaga
;Kab. Mukomuko;;Pondok Suguh;6;Pondok Kandang;Siaga
;Kab. Mukomuko;;Pondok Suguh;7;Bumi Mekar Jaya;Siaga
;Kab. Mukomuko;;Pondok Suguh;8;Lubuk Bento;Siaga
;Kab. Mukomuko;;Pondok Suguh;9;Sinar Laut;Siaga
;Kab. Mukomuko;;Pondok Suguh;10;Karya Mulya;Siaga
;Kab. Mukomuko;;Pondok Suguh;11;Teluk Bakung;Siaga
;Kab. Mukomuko;5;Ipuh;1;Air Buluh;Siaga
;Kab. Mukomuko;;Ipuh;2;Pulau Baru;Siaga
;Kab. Mukomuko;;Ipuh;3;Pasar Ipuh;Bahaya
;Kab. Mukomuko;;Ipuh;4;Medan Jaya;Siaga
;Kab. Mukomuko;;Ipuh;5;Sibak;Bahaya
;Kab. Mukomuko;;Ipuh;6;Semundam;Siaga
;Kab. Mukomuko;;Ipuh;7;Retak Ilir;Siaga
;Kab. Mukomuko;;Ipuh;8;Tanjung Harapan;Siaga
;Kab. Mukomuko;;Ipuh;9;Tanjung Jaya;Siaga
;Kab. Mukomuko;;Ipuh;10;Manunggal Jaya;Siaga
;Kab. Mukomuko;;Ipuh;11;Pulai Payung;Siaga
;Kab. Mukomuko;;Ipuh;12;Tanjung Medan;Siaga
;Kab. Mukomuko;;Ipuh;13;Tirta Mulya;Siaga
;Kab. Mukomuko;;Ipuh;14;Pasar Baru;Siaga
;Kab. Mukomuko;;Ipuh;15;Pulau Makmur;Siaga
;Kab. Mukomuko;;Ipuh;16;Mundam Marap;Siaga
;Kab. Mukomuko;6;Malin Deman;1;Talang Arah;Siaga
;Kab. Mukomuko;;Malin Deman;2;Serami Baru;Siaga
;Kab. Mukomuko;;Malin Deman;3;Lubuk Talang;Siaga
;Kab. Mukomuko;;Malin Deman;4;Gajah Makmur;Siaga
;Kab. Mukomuko;;Malin Deman;5;Semambang Makmur;Siaga
;Kab. Mukomuko;;Malin Deman;6;Talang Baru;Siaga
;Kab. Mukomuko;;Malin Deman;7;Air Merah;Siaga
;Kab. Mukomuko;7;Air Rami;1;Arga Jaya;Siaga
;Kab. Mukomuko;;Air Rami;2;Air Rami;Siaga
;Kab. Mukomuko;;Air Rami;3;Rami Mulya;Siaga
;Kab. Mukomuko;;Air Rami;4;Talang Rio;Siaga
;Kab. Mukomuko;;Air Rami;5;Makmur Jaya;Siaga
;Kab. Mukomuko;;Air Rami;6;Marga Mulia;Siaga
;Kab. Mukomuko;;Air Rami;7;Mekar Jaya;Siaga
;Kab. Mukomuko;;Air Rami;8;Dusun Pulau;Siaga
;Kab. Mukomuko;;Air Rami;9;Bukit Harapan;Siaga
;Kab. Mukomuko;;Air Rami;10;Tirta Kencana;Siaga
;Kab. Mukomuko;;Air Rami;11;Cinta Asih;Siaga
;Kab. Mukomuko;;Air Rami;12;Bukit Mulya;Siaga
;Kab. Mukomuko;8;Teramang Jaya;1;Pasar Bantal;Siaga
;Kab. Mukomuko;;Teramang Jaya;2;Nenggalo;Siaga
;Kab. Mukomuko;;Teramang Jaya;3;Pondok Baru;Siaga
;Kab. Mukomuko;;Teramang Jaya;4;Bunga Tanjung;Siaga
;Kab. Mukomuko;;Teramang Jaya;5;Bandar Jaya;Siaga
;Kab. Mukomuko;;Teramang Jaya;6;Teramang Jaya;Siaga
;Kab. Mukomuko;;Teramang Jaya;7;Brangan Mulya;Siaga
;Kab. Mukomuko;;Teramang Jaya;8;Sido Makmur;Siaga
;Kab. Mukomuko;;Teramang Jaya;9;Lubuk Selandak;Siaga
;Kab. Mukomuko;;Teramang Jaya;10;Nelan Indah;Siaga
;Kab. Mukomuko;;Teramang Jaya;11;Mandi Angin Jaya;Siaga
;Kab. Mukomuko;;Teramang Jaya;12;Batu Ejung;Siaga
;Kab. Mukomuko;;Teramang Jaya;13;Pernyah;Siaga
;Kab. Mukomuko;9;Selagan Raya;1;Sungai Ipuh;Siaga
;Kab. Mukomuko;;Selagan Raya;2;Lubuk Sahung;Siaga
;Kab. Mukomuko;;Selagan Raya;3;Surian Bungkal;Siaga
;Kab. Mukomuko;;Selagan Raya;4;Sungai Gading;Siaga
;Kab. Mukomuko;;Selagan Raya;5;Pondok Baru;Siaga
;Kab. Mukomuko;;Selagan Raya;6;Sungai Jerinjing;Siaga
;Kab. Mukomuko;;Selagan Raya;7;Lubuk Bangko;Siaga
;Kab. Mukomuko;;Selagan Raya;8;Talang Buai;Siaga
;Kab. Mukomuko;;Selagan Raya;9;Aur Cina;Siaga
;Kab. Mukomuko;;Selagan Raya;10;Talang Medan;Siaga
;Kab. Mukomuko;;Selagan Raya;11;Sungai Ipuh Satu;Siaga
;Kab. Mukomuko;;Selagan Raya;12;Sungai Ipuh Dua;Siaga
;Kab. Mukomuko;10;Penarik;1;Penarik;Siaga
;Kab. Mukomuko;;Penarik;2;Lubuk Mukti;Siaga
;Kab. Mukomuko;;Penarik;3;Bumi Mulya;Siaga
;Kab. Mukomuko;;Penarik;4;Suka Maju;Siaga
;Kab. Mukomuko;;Penarik;5;Bukit Makmur;Siaga
;Kab. Mukomuko;;Penarik;6;Sumber Mulya;Siaga
;Kab. Mukomuko;;Penarik;7;Sido Dadi;Siaga
;Kab. Mukomuko;;Penarik;8;Maju Makmur;Siaga
;Kab. Mukomuko;;Penarik;9;Sendang Mulyo;Siaga
;Kab. Mukomuko;;Penarik;10;Marga Mulya Sakti;Siaga
;Kab. Mukomuko;;Penarik;11;Wonosobo;Siaga
;Kab. Mukomuko;;Penarik;12;Mekar Mulya;Siaga
;Kab. Mukomuko;;Penarik;13;Sido Mulyo;Siaga
;Kab. Mukomuko;;Penarik;14;Marga Mukti;Siaga
;Kab. Mukomuko;11;XIV Koto;1;Lubuk Sanai;Siaga
;Kab. Mukomuko;;XIV Koto;2;Rawa Mulya;Siaga
;Kab. Mukomuko;;XIV Koto;3;Rawa Bangun;Siaga
;Kab. Mukomuko;;XIV Koto;4;Tanjung Mulya;Siaga
;Kab. Mukomuko;;XIV Koto;5;Pauh Tarenja;Siaga
;Kab. Mukomuko;;XIV Koto;6;Dusun Baru Pelokan;Siaga
;Kab. Mukomuko;;XIV Koto;7;Lubuk Sanai II;Siaga
;Kab. Mukomuko;;XIV Koto;8;Lubuk Sanai III;Siaga
;Kab. Mukomuko;12;V Koto;1;Lalang Luas;Siaga
;Kab. Mukomuko;;V Koto;2;Resno;Siaga
;Kab. Mukomuko;;V Koto;3;Pondok Panjang;Siaga
;Kab. Mukomuko;;V Koto;4;Talang Petai;Siaga
;Kab. Mukomuko;;V Koto;5;Sungai Lintang;Siaga
;Kab. Mukomuko;;V Koto;6;Pondok Tengah;Siaga
;Kab. Mukomuko;;V Koto;7;Talang Sakti;Siaga
;Kab. Mukomuko;;V Koto;8;Talang Sepakat;Siaga
;Kab. Mukomuko;;V Koto;9;Lubuk Cabau;Siaga
;Kab. Mukomuko;;V Koto;10;Sungai Rengas;Siaga
;Kab. Mukomuko;13;Air Majunto;1;Pondok Makmur;Siaga
;Kab. Mukomuko;;Air Majunto;2;Manjunto Jaya;Siaga
;Kab. Mukomuko;;Air Majunto;3;Tirta Makmur;Siaga
;Kab. Mukomuko;;Air Majunto;4;Agung Jaya;Siaga
;Kab. Mukomuko;;Air Majunto;5;Tirta Mulya;Siaga
;Kab. Mukomuko;;Air Majunto;6;Kota Praja;Siaga
;Kab. Mukomuko;;Air Majunto;7;Sinar Jaya;Siaga
;Kab. Mukomuko;;Air Majunto;8;Sido Makmur;Siaga
;Kab. Mukomuko;14;Air Dikit;1;Dusun Baru V Koto;Siaga
;Kab. Mukomuko;;Air Dikit;2;Air Dikit;Siaga
;Kab. Mukomuko;;Air Dikit;3;Pondok Lunang;Siaga
;Kab. Mukomuko;;Air Dikit;4;Sari Bulan;Siaga
;Kab. Mukomuko;;Air Dikit;5;Sari Makmur;Siaga
;Kab. Mukomuko;;Air Dikit;6;Sumber Sari;Siaga
;Kab. Mukomuko;;Air Dikit;7;Air Kasai;Siaga
;Kab. Mukomuko;15;Sungai Rumbai;1;Retak Mudik;Siaga
;Kab. Mukomuko;;Sungai Rumbai;2;Padang Gading;Siaga
;Kab. Mukomuko;;Sungai Rumbai;3;Gajah Mati;Siaga
;Kab. Mukomuko;;Sungai Rumbai;4;Mekar Sari;Siaga
;Kab. Mukomuko;;Sungai Rumbai;5;Sido Dadi;Siaga
;Kab. Mukomuko;;Sungai Rumbai;6;Sumber Makmur;Siaga
;Kab. Mukomuko;;Sungai Rumbai;7;Talang Gading;Siaga
;Kab. Mukomuko;;Sungai Rumbai;8;Gading Jaya;Siaga
;Kab. Mukomuko;;Sungai Rumbai;9;Banjar Sari;Siaga
10;Kab. Lebong;1;Lebong Utara;1;Kampung Jawa;Siaga
;Kab. Lebong;;Lebong Utara;2;Pasar Muara Aman;Siaga
;Kab. Lebong;;Lebong Utara;3;Gandung;Siaga
;Kab. Lebong;;Lebong Utara;4;Tunggang;Siaga
;Kab. Lebong;;Lebong Utara;5;Talang Ulu;Siaga
;Kab. Lebong;;Lebong Utara;6;Nangai Amen;Siaga
;Kab. Lebong;;Lebong Utara;7;Lebong Tambang;Waspada
;Kab. Lebong;;Lebong Utara;8;Ladang Palembang;Siaga
;Kab. Lebong;;Lebong Utara;9;Kampung Dalam;Siaga
;Kab. Lebong;;Lebong Utara;10;Kampung Muara Aman;Siaga
;Kab. Lebong;;Lebong Utara;11;Lokasari;Siaga
;Kab. Lebong;;Lebong Utara;12;Gandung Baru;Siaga
;Kab. Lebong;2;Lebong Atas;1;Sukau Kayo;Siaga
;Kab. Lebong;;Lebong Atas;2;Tik Tebing;Siaga
;Kab. Lebong;;Lebong Atas;3;Tabeak Blau;Siaga
;Kab. Lebong;;Lebong Atas;4;Tabeak Blau I;Siaga
;Kab. Lebong;;Lebong Atas;5;Daneu;Siaga
;Kab. Lebong;;Lebong Atas;6;Blau;Siaga
;Kab. Lebong;3;Lebong Tengah;1;Embong Panjang;Siaga
;Kab. Lebong;;Lebong Tengah;2;Tanjung Bungai I;Siaga
;Kab. Lebong;;Lebong Tengah;3;Semelako I;Siaga
;Kab. Lebong;;Lebong Tengah;4;Pagar Agung;Siaga
;Kab. Lebong;;Lebong Tengah;5;Karang Anyar;Siaga
;Kab. Lebong;;Lebong Tengah;6;Semelako II;Siaga
;Kab. Lebong;;Lebong Tengah;7;Semelako III;Siaga
;Kab. Lebong;;Lebong Tengah;8;Semelako Atas;Siaga
;Kab. Lebong;;Lebong Tengah;9;Danau Liang;Siaga
;Kab. Lebong;;Lebong Tengah;10;Suka Damai;Siaga
;Kab. Lebong;;Lebong Tengah;11;Tanjung Bungai II;Siaga
;Kab. Lebong;4;Lebong Selatan;1;Tes;Siaga
;Kab. Lebong;;Lebong Selatan;2;Taba Anyar;Siaga
;Kab. Lebong;;Lebong Selatan;3;Mubai;Siaga
;Kab. Lebong;;Lebong Selatan;4;Turan Lalang;Siaga
;Kab. Lebong;;Lebong Selatan;5;Kutai Donok;Siaga
;Kab. Lebong;;Lebong Selatan;6;Turan Tiging;Siaga
;Kab. Lebong;;Lebong Selatan;7;Suka Sari;Siaga
;Kab. Lebong;;Lebong Selatan;8;Mangkurajo;Siaga
;Kab. Lebong;;Lebong Selatan;9;Tik Jeniak;Siaga
;Kab. Lebong;;Lebong Selatan;10;Manai Blau;Siaga
;Kab. Lebong;5;Rimbo Pengadang;1;Rimbo Pengadang; Kec.Siaga
;Kab. Lebong;;Rimbo Pengadang;2;DesaTalang Ratau;Siaga
;Kab. Lebong;;Rimbo Pengadang;3;Bioa Sengok;Siaga
;Kab. Lebong;;Rimbo Pengadang;4;Tik Kuto;Siaga
;Kab. Lebong;;Rimbo Pengadang;5;Teluk Dien;Siaga
;Kab. Lebong;;Rimbo Pengadang;6;Bajok;Siaga
;Kab. Lebong;6;Topos;1;Topos;Siaga
;Kab. Lebong;;Topos;2;Tik Sirong;Siaga
;Kab. Lebong;;Topos;3;Suka Negeri;Siaga
;Kab. Lebong;;Topos;4;Ajai Siang;Siaga
;Kab. Lebong;;Topos;5;Talang Donok;Siaga
;Kab. Lebong;;Topos;6;Talang Donok I;Siaga
;Kab. Lebong;;Topos;7;Talang Baru I;Siaga
;Kab. Lebong;;Topos;8;Talang Baru II;Siaga
;Kab. Lebong;7;Bingin Kuning;1;Karang Dapo Atas;Siaga
;Kab. Lebong;;Bingin Kuning;2;Bukit Nibung;Siaga
;Kab. Lebong;;Bingin Kuning;3;Karang Dapo Bawah;Siaga
;Kab. Lebong;;Bingin Kuning;4;Pungguk Pedaro;Siaga
;Kab. Lebong;;Bingin Kuning;5;Talang Kerinci;Siaga
;Kab. Lebong;;Bingin Kuning;6;Pelabuhan Talang;Siaga
;Kab. Lebong;;Bingin Kuning;7;Talang Liak I;Siaga
;Kab. Lebong;;Bingin Kuning;8;Talang Liak II;Siaga
;Kab. Lebong;;Bingin Kuning;9;Bungin;Siaga
;Kab. Lebong;8;Lebong Sakti;1;Ujung Tanjung I;Siaga
;Kab. Lebong;;Lebong Sakti;2;Muning Agung;Siaga
;Kab. Lebong;;Lebong Sakti;3;Ujung Tanjung II;Siaga
;Kab. Lebong;;Lebong Sakti;4;Ujung Tanjung III;Siaga
;Kab. Lebong;;Lebong Sakti;5;Magelang Baru;Siaga
;Kab. Lebong;;Lebong Sakti;6;Lemeu Pit;Siaga
;Kab. Lebong;;Lebong Sakti;7;Tabeak Kauk;Siaga
;Kab. Lebong;;Lebong Sakti;8;Tabeak Dipoa;Siaga
;Kab. Lebong;;Lebong Sakti;9;Suka Bumi;Siaga
;Kab. Lebong;9;Pelabai;1;Tanjung Agung;Siaga
;Kab. Lebong;;Pelabai;2;Sukau Datang;Siaga
;Kab. Lebong;;Pelabai;3;Sukau Datang I;Siaga
;Kab. Lebong;;Pelabai;4;Gunung Alam;Siaga
;Kab. Lebong;;Pelabai;5;Tabeak Blau II;Siaga
;Kab. Lebong;;Pelabai;6;Kota Baru Santan;Siaga
;Kab. Lebong;;Pelabai;7;Tik Teleu;Siaga
;Kab. Lebong;;Pelabai;8;Pelabai;Siaga
;Kab. Lebong;10;Amen;1;Amen;Siaga
;Kab. Lebong;;Amen;2;Nangai Tayau;Siaga
;Kab. Lebong;;Amen;3;Nangai Tayau I;Siaga
;Kab. Lebong;;Amen;4;Pyang Mbik;Siaga
;Kab. Lebong;;Amen;5;Sukau Mergo;Siaga
;Kab. Lebong;;Amen;6;Sukau Rajo;Siaga
;Kab. Lebong;;Amen;7;Talang Bunut;Siaga
;Kab. Lebong;;Amen;8;Selebar Jaya;Siaga
;Kab. Lebong;;Amen;9;Garut;Siaga
;Kab. Lebong;;Amen;10;Sungai Gerong;Siaga
;Kab. Lebong;11;Uram Jaya;1;Embong;Siaga
;Kab. Lebong;;Uram Jaya;2;Embong I;Siaga
;Kab. Lebong;;Uram Jaya;3;Kota Baru;Siaga
;Kab. Lebong;;Uram Jaya;4;Kota Agung;Siaga
;Kab. Lebong;;Uram Jaya;5;Lemeu;Siaga
;Kab. Lebong;;Uram Jaya;6;Pangkalan;Siaga
;Kab. Lebong;;Uram Jaya;7;Tangua;Siaga
;Kab. Lebong;12;Pinang Belapis;1;Ketenong I;Siaga
;Kab. Lebong;;Pinang Belapis;2;Ketenong II;Siaga
;Kab. Lebong;;Pinang Belapis;3;Ketenong Jaya;Siaga
;Kab. Lebong;;Pinang Belapis;4;Tambang Saweak;Siaga
;Kab. Lebong;;Pinang Belapis;5;Air Kopras;Siaga
;Kab. Lebong;;Pinang Belapis;6;Bioa Putiak;Siaga
;Kab. Lebong;;Pinang Belapis;7;Sebelat;Siaga
;Kab. Lebong;;Pinang Belapis;8;Sungai Lisai;Siaga