Kabupaten Bintan,Gunung Kijang,Gunung Kijang,Waspada
Kabupaten Bintan,Gunung Kijang,Teluk Bakau,Waspada
Kabupaten Bintan,Gunung Kijang,Malang Rapat,Waspada
Kabupaten Bintan,Gunung Kijang,Kawal,Waspada
Kabupaten Bintan,Bintan Timur,Kijang Kota,Bahaya
Kabupaten Bintan,Bintan Timur,Sungai Lekop,Aman
Kabupaten Bintan,Bintan Timur,Gunung Lengkuas,Aman
Kabupaten Bintan,Bintan Timur,Sungai Enam,Siaga
Kabupaten Bintan,Bintan Utara,Tanjung Uban Kota,Bahaya
Kabupaten Bintan,Bintan Utara,Tanjung Uban Timur,Siaga
Kabupaten Bintan,Bintan Utara,Tanjung Uban Selatan,Aman
Kabupaten Bintan,Bintan Utara,Tanjung Uban Utara,Waspada
Kabupaten Bintan,Bintan Utara,Lancang Kuning,Waspada
Kabupaten Bintan,Teluk Bintan,Tembeling Tanjung,Aman
Kabupaten Bintan,Teluk Bintan,Tembeling,Aman
Kabupaten Bintan,Teluk Bintan,Pengujan,Aman
Kabupaten Bintan,Teluk Bintan,Pangkil,Aman
Kabupaten Bintan,Teluk Bintan,Bintan Buyu,Aman
Kabupaten Bintan,Teluk Bintan,Penaga,Aman
Kabupaten Bintan,Teluk Sebong,Sebong Pereh,Waspada
Kabupaten Bintan,Teluk Sebong,Ekang Anculai,Siaga
Kabupaten Bintan,Teluk Sebong,Sri Bintan,Bahaya
Kabupaten Bintan,Teluk Sebong,Pengudang,Bahaya
Kabupaten Bintan,Teluk Sebong,Sebong Lagoi,Bahaya
Kabupaten Bintan,Teluk Sebong,Berakit,Bahaya
Kabupaten Bintan,Teluk Sebong,Kota Baru,Waspada
Kabupaten Bintan,Toapaya,Toapaya Utara,Aman
Kabupaten Bintan,Toapaya,Toapaya Asri,Aman
Kabupaten Bintan,Toapaya,Toapaya,Aman
Kabupaten Bintan,Toapaya,Toapaya Selatan,Aman
Kabupaten Bintan,Mantang,Dendun,Aman
Kabupaten Bintan,Mantang,Mantang Besar,Aman
Kabupaten Bintan,Mantang,Mantang Lama,Aman
Kabupaten Bintan,Mantang,Mantang Baru,Aman
Kabupaten Bintan,Bintan Pesisir,Kelong,Aman
Kabupaten Bintan,Bintan Pesisir,Air Glubi,Aman
Kabupaten Bintan,Bintan Pesisir,Mapur,Aman
Kabupaten Bintan,Bintan Pesisir,Numbing,Siaga
Kabupaten Bintan,Seri Kuala Lobam,Tanjung Permai,Siaga
Kabupaten Bintan,Seri Kuala Lobam,Teluk Sasah,Bahaya
Kabupaten Bintan,Seri Kuala Lobam,Busung,Waspada
Kabupaten Bintan,Seri Kuala Lobam,Kuala Sempang,Aman
Kabupaten Bintan,Seri Kuala Lobam,Teluk Lobam,Aman
Kabupaten Bintan,Tambelan,Kampung Melayu,Aman
Kabupaten Bintan,Tambelan,Kampung Hilir,Aman
Kabupaten Bintan,Tambelan,Batu Lepuk,Aman
Kabupaten Bintan,Tambelan,Teluk Sekuni,Aman
Kabupaten Bintan,Tambelan,Kukup,Aman
Kabupaten Bintan,Tambelan,Pulau Mentebug,Aman
Kabupaten Bintan,Tambelan,Pulau Pinang,Aman
Kabupaten Bintan,Tambelan,Pengikik,Aman
Kabupaten Anambas,Siantan,Tarempa,Waspada
Kabupaten Anambas,Siantan,Tarempa Barat,Waspada
Kabupaten Anambas,Siantan,Tarempa Selatan,Waspada
Kabupaten Anambas,Siantan,Tarempa Timur,Siaga
Kabupaten Anambas,Siantan,Pesisir Timur,Siaga
Kabupaten Anambas,Siantan,Tarempa Barat Daya,Siaga
Kabupaten Anambas,Siantan,Sri Tanjung,Siaga
Kabupaten Anambas,Siantan Timur,Munjan,Aman
Kabupaten Anambas,Siantan Timur,Batu Belah,Aman
Kabupaten Anambas,Siantan Timur,Nyamuk,Aman
Kabupaten Anambas,Siantan Timur,Temburun,Aman
Kabupaten Anambas,Siantan Timur,Serat,Aman
Kabupaten Anambas,Siantan Timur,Air Putih,Aman
Kabupaten Anambas,Siantan Timur,Air Sena,Aman
Kabupaten Anambas,Siantan Timur,Lidi,Aman
Kabupaten Anambas,Siantan Timur,Liuk,Aman
Kabupaten Anambas,Siantan Timur,Teluk Sunting,Aman
Kabupaten Anambas,Siantan Selatan,Kiabu,Aman
Kabupaten Anambas,Siantan Selatan,Telaga,Siaga
Kabupaten Anambas,Siantan Selatan,Mengkait,Siaga
Kabupaten Anambas,Siantan Selatan,Tiangau,Aman
Kabupaten Anambas,Siantan Selatan,Lingai,Aman
Kabupaten Anambas,Siantan Selatan,Telaga Kecil,Aman
Kabupaten Anambas,Siantan Selatan,Air Bini,Aman
Kabupaten Anambas,Jemaja Timur,Ulu Maras,Aman
Kabupaten Anambas,Jemaja Timur,Bukit Padi,Aman
Kabupaten Anambas,Jemaja Timur,Kuala Maras,Aman
Kabupaten Anambas,Jemaja Timur,Genting Pulur,Aman
Kabupaten Anambas,Jemaja,Letung,Aman
Kabupaten Anambas,Jemaja,Air Biru,Aman
Kabupaten Anambas,Jemaja,Keramut,Aman
Kabupaten Anambas,Jemaja,Rewak,Aman
Kabupaten Anambas,Jemaja,Impol,Aman
Kabupaten Anambas,Jemaja,Mampok,Aman
Kabupaten Anambas,Jemaja,Sunggak,Aman
Kabupaten Anambas,Jemaja,Landak,Aman
Kabupaten Anambas,Jemaja,Batu Berapit,Aman
Kabupaten Anambas,Palmatak,Ladan,Aman
Kabupaten Anambas,Palmatak,Tebang,Aman
Kabupaten Anambas,Palmatak,Payalaman,Aman
Kabupaten Anambas,Palmatak,Putik,Aman
Kabupaten Anambas,Palmatak,Candi,Aman
Kabupaten Anambas,Palmatak,Piabung,Aman
Kabupaten Anambas,Palmatak,Langir,Aman
Kabupaten Anambas,Palmatak,Bayat,Aman
Kabupaten Anambas,Palmatak,Mubur,Aman
Kabupaten Anambas,Palmatak,Piasan,Aman
Kabupaten Anambas,Palmatak,Batu Ampar,Aman
Kabupaten Anambas,Palmatak,Teluk Bayur,Aman
Kabupaten Anambas,Palmatak,Belibak,Aman
Kabupaten Anambas,Palmatak,Matak,Aman
Kabupaten Anambas,Palmatak,Paya Maram,Aman
Kabupaten Lingga,Palmatak,Raya,Aman
Kabupaten Lingga,Palmatak,Bakong,Aman
Kabupaten Lingga,Palmatak,Kuala Raya,Aman
Kabupaten Lingga,Palmatak,Marok Tua,Aman
Kabupaten Lingga,Palmatak,Sungai Buluh,Aman
Kabupaten Lingga,Singkep Barat,Sungai Raya,Aman
Kabupaten Lingga,Singkep Barat,Sungai Harapan,Aman
Kabupaten Lingga,Singkep Barat,Jagoh,Aman
Kabupaten Lingga,Singkep Barat,Tinjul,Aman
Kabupaten Lingga,Singkep Barat,Langkap,Aman
Kabupaten Lingga,Singkep Barat,Tanjung Irat,Aman
Kabupaten Lingga,Singkep Barat,Bukit Belah,Aman
Kabupaten Lingga,Singkep,Dabo,Siaga
Kabupaten Lingga,Singkep,Dabo Lama,Siaga
Kabupaten Lingga,Singkep,Sungai Lumpur,Siaga
Kabupaten Lingga,Singkep,Tanjung Harapan,Aman
Kabupaten Lingga,Singkep,Batu Berdaun,Aman
Kabupaten Lingga,Singkep,Batu Kacang,Aman
Kabupaten Lingga,Lingga,Daik,Aman
Kabupaten Lingga,Lingga,Pekajang,Aman
Kabupaten Lingga,Lingga,Kelombok,Aman
Kabupaten Lingga,Lingga,Mapar,Aman
Kabupaten Lingga,Lingga,Kelumu,Aman
Kabupaten Lingga,Lingga,Mentuda,Aman
Kabupaten Lingga,Lingga,Merawang,Aman
Kabupaten Lingga,Lingga,Panggak Darat,Aman
Kabupaten Lingga,Lingga,Panggak Laut,Aman
Kabupaten Lingga,Lingga,Musai,Aman
Kabupaten Lingga,Lingga,Nerekeh,Aman
Kabupaten Lingga,Lingga Utara,Pancur,Siaga
Kabupaten Lingga,Lingga Utara,Bukit Harapan,Aman
Kabupaten Lingga,Lingga Utara,Duara,Aman
Kabupaten Lingga,Lingga Utara,Limbung,Aman
Kabupaten Lingga,Lingga Utara,Resun,Aman
Kabupaten Lingga,Lingga Utara,Sekanah,Aman
Kabupaten Lingga,Lingga Utara,Teluk,Aman
Kabupaten Lingga,Lingga Utara,Linau,Aman
Kabupaten Lingga,Lingga Utara,Sungaibesar,Aman
Kabupaten Lingga,Lingga Utara,Rantau Panjang,Aman
Kabupaten Lingga,Lingga Utara,Belungkur,Aman
Kabupaten Lingga,Lingga Utara,Resun Pesisir,Aman
Kabupaten Lingga,Senayang,Senayang,Siaga
Kabupaten Lingga,Senayang,Mamut,Aman
Kabupaten Lingga,Senayang,Pasir Panjang,Aman
Kabupaten Lingga,Senayang,Rejai,Aman
Kabupaten Lingga,Senayang,Temiang,Aman
Kabupaten Lingga,Senayang,Pulau Medang,Aman
Kabupaten Lingga,Senayang,Mensanak,Aman
Kabupaten Lingga,Senayang,Tanjung Kelit,Aman
Kabupaten Lingga,Senayang,Pulau Batang,Aman
Kabupaten Lingga,Senayang,Benan,Aman
Kabupaten Lingga,Senayang,Batu Belubang,Aman
Kabupaten Lingga,Senayang,Laboh,Aman
Kabupaten Lingga,Senayang,Penaah,Aman
Kabupaten Lingga,Senayang,Cempa,Aman
Kabupaten Lingga,Senayang,Baran,Aman
Kabupaten Lingga,Senayang,Pulau duyung,Aman
Kabupaten Lingga,Senayang,Tajur Biru,Aman
Kabupaten Lingga,Senayang,Tanjung lipat,Aman
Kabupaten Lingga,Senayang,Pulau bukit,Aman
Kabupaten Lingga,SingkepPesisir,Berindat,Aman
Kabupaten Lingga,SingkepPesisir,Sedamai,Aman
Kabupaten Lingga,SingkepPesisir,Lanjut,Aman
Kabupaten Lingga,SingkepPesisir,Kote,Aman
Kabupaten Lingga,SingkepPesisir,Persing,Aman
Kabupaten Lingga,SingkepPesisir,Pelakak,Aman
Kabupaten Lingga,Lingga Timur,Bukitlangkap,Aman
Kabupaten Lingga,Lingga Timur,Keton,Aman
Kabupaten Lingga,Lingga Timur,Pekaka,Aman
Kabupaten Lingga,Lingga Timur,Kerandin,Aman
Kabupaten Lingga,Lingga Timur,Sei Pinang,Aman
Kabupaten Lingga,Lingga Timur,Kudung,Aman
Kabupaten Lingga,Selayar,Selayar,Aman
Kabupaten Lingga,Selayar,Penuba,Aman
Kabupaten Lingga,Selayar,Penuba Timur,Aman
Kabupaten Lingga,Selayar,Pantai Harapan,Aman
Kabupaten Lingga,Singkep Selatan,Marok Kecil,Aman
Kabupaten Lingga,Singkep Selatan,Berhala,Aman
Kabupaten Lingga,Singkep Selatan,Resang,Aman
Kabupaten Lingga,Kepulauan Posek,Busung Panjang,Aman
Kabupaten Lingga,Kepulauan Posek,Posek,Aman
Kabupaten Lingga,Kepulauan Posek,Suak Buaya,Aman
Kabupaten Natuna,Bunguran Timur,Ranai Kota,Siaga
Kabupaten Natuna,Bunguran Timur,Bandarsyah,Aman
Kabupaten Natuna,Bunguran Timur,Ranai Darat,Aman
Kabupaten Natuna,Bunguran Timur,Sepempang,Aman
Kabupaten Natuna,Bunguran Timur,Sungai Ulu,Aman
Kabupaten Natuna,Bunguran Timur,Batu Gajah,Aman
Kabupaten Natuna,Bunguran Barat,Sedanau,Aman
Kabupaten Natuna,Bunguran Barat,Binjai,Aman
Kabupaten Natuna,Bunguran Barat,Mekar Jaya,Aman
Kabupaten Natuna,Bunguran Barat,Pian Tengah,Aman
Kabupaten Natuna,Bunguran Barat,Selaut,Aman
Kabupaten Natuna,Bunguran Timur Laut,Ceruk,Aman
Kabupaten Natuna,Bunguran Timur Laut,Kelanga,Aman
Kabupaten Natuna,Bunguran Timur Laut,Tanjung,Aman
Kabupaten Natuna,Bunguran Timur Laut,Limau Manis,Aman
Kabupaten Natuna,Bunguran Timur Laut,Pengadah,Aman
Kabupaten Natuna,Bunguran Timur Laut,Selemam,Aman
Kabupaten Natuna,Bunguran Timur Laut,Sebadai Hulu,Aman
Kabupaten Natuna,Bunguran Selatan,Cemaga,Aman
Kabupaten Natuna,Bunguran Selatan,Cemaga Utara,Aman
Kabupaten Natuna,Bunguran Selatan,Cemaga Selatan,Aman
Kabupaten Natuna,Bunguran Selatan,Cemaga Tengah,Aman
Kabupaten Natuna,Bunguran Tengah,Harapan Jaya,Aman
Kabupaten Natuna,Bunguran Tengah,Air Lengit,Aman
Kabupaten Natuna,Bunguran Tengah,Tapau,Aman
Kabupaten Natuna,Bunguran Utara,Kelarik,Aman
Kabupaten Natuna,Bunguran Utara,Kelarik Utara,Aman
Kabupaten Natuna,Bunguran Utara,Kelarik Air Mali,Aman
Kabupaten Natuna,Bunguran Utara,Kelarik Barat,Aman
Kabupaten Natuna,Bunguran Utara,Gunung Durian,Aman
Kabupaten Natuna,Bunguran Utara,Teluk Buton,Aman
Kabupaten Natuna,Bunguran Utara,Belakang Gunung,Aman
Kabupaten Natuna,Bunguran Utara,Seluan Barat,Aman
Kabupaten Natuna,Pulau Tiga,Tanjung Batang,Aman
Kabupaten Natuna,Pulau Tiga,Sabang Mawang,Aman
Kabupaten Natuna,Pulau Tiga,Serantas,Aman
Kabupaten Natuna,Pulau Tiga,Sabang Mawang Barat,Aman
Kabupaten Natuna,Pulau Tiga,Teluk Labuh,Aman
Kabupaten Natuna,Pulau Tiga,Sededap,Aman
Kabupaten Natuna,Serasan,Serasan,Siaga
Kabupaten Natuna,Serasan,Batu Berian,Aman
Kabupaten Natuna,Serasan,Tanjung Setelung,Aman
Kabupaten Natuna,Serasan,Pangkalan,Aman
Kabupaten Natuna,Serasan,Kampung Hilir,Aman
Kabupaten Natuna,Serasan,Tanjung Balau,Aman
Kabupaten Natuna,Serasan,Jermalik,Aman
Kabupaten Natuna,Serasan Timur,Arung Ayam,Aman
Kabupaten Natuna,Serasan Timur,Air Nusa,Aman
Kabupaten Natuna,Serasan Timur,Air Ringau,Aman
Kabupaten Natuna,Serasan Timur,Payak,Aman
Kabupaten Natuna,Midai,Sabang Barat,Aman
Kabupaten Natuna,Midai,Sebelat,Aman
Kabupaten Natuna,Midai,Air Putih,Aman
Kabupaten Natuna,Subi,Pulau Panjang,Aman
Kabupaten Natuna,Subi,Subi,Aman
Kabupaten Natuna,Subi,Terayak,Aman
Kabupaten Natuna,Subi,Meliah,Aman
Kabupaten Natuna,Subi,Subi Besar,Aman
Kabupaten Natuna,Subi,Subi Besar Timur,Aman
Kabupaten Natuna,Subi,Pulau Kerdau,Aman
Kabupaten Natuna,Subi,Meliah Selatan,Aman
Kabupaten Natuna,Subi,Air Payang,Aman
Kabupaten Natuna,Pulau Laut,Tanjung Pala,Aman
Kabupaten Natuna,Pulau Laut,Kadur,Aman
Kabupaten Natuna,Bunguran Batubi,Batubi Jaya,Aman
Kabupaten Natuna,Bunguran Batubi,Gunung Putri,Aman
Kabupaten Natuna,Bunguran Batubi,Sedarat Baru,Aman
Kabupaten Natuna,Bunguran Batubi,Sedanau Timur,Aman
Kabupaten Natuna,Bunguran Batubi,Semedang,Aman
Kabupaten Natuna,Suak Midai,Gunung Jambat,Aman
Kabupaten Natuna,Suak Midai,Batu Belanak,Aman
Kabupaten Natuna,Suak Midai,Air Kumpai,Aman
Kabupaten Natuna,Pulau Tiga Barat,Pulau Tiga,Aman
Kabupaten Natuna,Pulau Tiga Barat,Tg. Kumbik Utara,Aman
Kabupaten Natuna,Pulau Tiga Barat,Selading,Aman
Kabupaten Natuna,Pulau Tiga Barat,Setumuk,Aman
Kota Tanjungpinang,Tanjung Pinang Kota,Kampung Bugis,Bahaya
Kota Tanjungpinang,Tanjung Pinang Kota,Penyengat,Waspada
Kota Tanjungpinang,Tanjung Pinang Kota,Senggarang,Aman
Kota Tanjungpinang,Tanjung Pinang Kota,Tanjung Pinang Kota,Aman
Kota Tanjungpinang,Tanjung Pinang Barat,Bukit Cermin,Bahaya
Kota Tanjungpinang,Tanjung Pinang Barat,Kampung Baru,Bahaya
Kota Tanjungpinang,Tanjung Pinang Barat,Tanjung Pinang Barat,Bahaya
Kota Tanjungpinang,Tanjung Pinang Barat,Kemboja,Siaga
Kota Tanjungpinang,Tanjung Pinang Barat,Tanjung Unggat,Bahaya
Kota Tanjungpinang,Tanjung Pinang Barat,Sei Jang,Waspada
Kota Tanjungpinang,Bukit bestari,Tanjung Pinang Timur,Aman
Kota Tanjungpinang,Bukit bestari,Dompak,Aman
Kota Tanjungpinang,Bukit bestari,Tanjung Ayun Sakti,Siaga
Kota Tanjungpinang,Tanjung Pinang Timur,BatuSembilan,Bahaya
Kota Tanjungpinang,Tanjung Pinang Timur,Melayu Kota Piring,Bahaya
Kota Tanjungpinang,Tanjung Pinang Timur,Air Raja,Waspada
Kota Tanjungpinang,Tanjung Pinang Timur,Pinang Kencana,Siaga
Kota Tanjungpinang,Tanjung Pinang Timur,Kampung Bulang,Aman
Kota Batam,Belakang Padang," Pulau Terong, Kec. Belakang Padang, Kota
BKaetla. mTanjung Sari Kec. Belakang Padang, Kota",Bahaya
Kota Batam,Belakang Padang,Batam,Waspada
Kota Batam,Belakang Padang," Kasu, Kec. Belakang Padang, Kota Batam",Waspada
Kota Batam,Belakang Padang," Sekanak Raya, Kec. Belakang Padang, Kota Bat",Siaga
Kota Batam,Belakang Padang," Pemping, Kec. Belakang Padang, Kota Batam",Siaga
Kota Batam,Belakang Padang," Pecong, Kec. Belakang Padang, Kota Batam",Siaga
Kota Batam,Bulang," Pantai Gelam, Kec. Bulang, Kota Batam",Siaga
Kota Batam,Bulang," Temoyong, Kec. Bulang, Kota Batam",Siaga
Kota Batam,Bulang," Pulau Setokok, Kec. Bulang, Kota Batam",Siaga
Kota Batam,Bulang," Batu Legong, Kec. Bulang, Kota Batam",Siaga
Kota Batam,Bulang," Bulang Lintang, Kec. Bulang, Kota Batam",Siaga
Kota Batam,Bulang," Pulau Buluh, Kec. Bulang, Kota Batam",Siaga
Kota Batam,Galang," Pulau Abang, Kec. Galang, Kota Batam",Siaga
Kota Batam,Galang," Karas, Kec. Galang, Kota Batam",Siaga
Kota Batam,Galang," Sijantung, Kec. Galang, Kota Batam",Siaga
Kota Batam,Galang," Sembulang, Kec. Galang, Kota Batam",Siaga
Kota Batam,Galang," Rempang Cate, Kec. Galang, Kota Batam",Siaga
Kota Batam,Galang," Subang Mas, Kec. Galang, Kota Batam",Siaga
Kota Batam,Galang," Galang Baru, Kec. Galang, Kota Batam",Siaga
Kota Batam,Galang," Air Raja, Kec. Galang, Kota Batam",Siaga
Kota Batam,Sei Beduk," Muka Kuning, Kec. Sei Beduk, Kota Batam",Bahaya
Kota Batam,Sei Beduk," Tanjung Piayu, Kec. Sei Beduk, Kota Batam",Bahaya
Kota Batam,Sei Beduk," Mangsang, Kec. Sei Beduk, Kota Batam",Waspada
Kota Batam,Sei Beduk," Duriangkang, Kec. Sei Beduk, Kota Batam",Siaga
Kota Batam,Nongsa," Kabil, Kec. Nongsa, Kota Batam",Bahaya
Kota Batam,Nongsa," Batu Besar, Kec. Nongsa, Kota Batam",Bahaya
Kota Batam,Nongsa," Sambau, Kec. Nongsa, Kota Batam",Siaga
Kota Batam,Nongsa," Ngenang, Kec. Nongsa, Kota Batam",Siaga
Kota Batam,Sekupang," Tanjung Riau, Kec. Sekupang, Kota Batam",Bahaya
Kota Batam,Sekupang," Patam Lestari, Kec. Sekupang, Kota Batam",Waspada
Kota Batam,Sekupang," Sungai Harapan, Kec. Sekupang, Kota Batam",Waspada
Kota Batam,Sekupang," Tanjung Pinggir, Kec. Sekupang, Kota Batam",Waspada
Kota Batam,Sekupang," Tiban Baru, Kec. Sekupang, Kota Batam",Siaga
Kota Batam,Sekupang," Tiban Indah, Kec. Sekupang, Kota Batam",Siaga
Kota Batam,Sekupang," Tiban Lama, Kec. Sekupang, Kota Batam",Siaga
Kota Batam,Lubuk Baja," Tanjung Uma, Kec. Lubuk Baja, Kota Batam",Bahaya
Kota Batam,Lubuk Baja," Lubuk Baja Kota, Kec. Lubuk Baja, Kota Batam",Waspada
Kota Batam,Lubuk Baja," Baloi Indah, Kec. Lubuk Baja, Kota Batam",Waspada
Kota Batam,Lubuk Baja," Kampung Pelita, Kec. Lubuk Baja, Kota Batam",Waspada
Kota Batam,Lubuk Baja," Batu Selicin, Kec. Lubuk Baja, Kota Batam",Siaga
Kota Batam,Lubuk Baja," Tanjung Sengkuang, Kec. Batu Ampar, Kota Ba",Waspada
Kota Batam,Batu Ampar," Sungai Jodoh, Kec. Batu Ampar, Kota Batam",Waspada
Kota Batam,Batu Ampar," Kampung Seraya, Kec. Batu Ampar, Kota Batam",Waspada
Kota Batam,Batu Ampar," Batu Merah, Kec. Batu Ampar, Kota Batam",Siaga
Kota Batam,Batam Kota," Belian, Kec. Batam Kota, Kota Batam",Waspada
Kota Batam,Batam Kota," Baloi Permai, Kec. Batam Kota, Kota Batam",Waspada
Kota Batam,Batam Kota," Taman Baloi, Kec. Batam Kota, Kota Batam",Waspada
Kota Batam,Batam Kota," Sukajadi, Kec. Batam Kota, Kota Batam",Siaga
Kota Batam,Batam Kota," Sungai Panas, Kec. Batam Kota, Kota Batam",Siaga
Kota Batam,Batam Kota," Teluk Tering, Kec. Batam Kota, Kota Batam",Siaga
Kota Batam,Sagulung," Tembesi, Kec. Sagulung, Kota Batam",Waspada
Kota Batam,Sagulung," Sungkai Langkai, Kec. Sagulung, Kota Batam",Waspada
Kota Batam,Sagulung," Sagulung Kota, Kec. Sagulung, Kota Batam",Siaga
Kota Batam,Sagulung," Sungai Lekop, Kec. Sagulung, Kota Batam",Siaga
Kota Batam,Sagulung," Sungai Binti, Kec. Sagulung, Kota Batam",Siaga
Kota Batam,Sagulung," Sungai Pelunggut, Kec. Sagulung, Kota Batam",Siaga
Kota Batam,Batu Aji," Kibing, Kec. Batu Aji, Kota Batam",Waspada
Kota Batam,Batu Aji," Buliang, Kec. Batu Aji, Kota Batam",Waspada
Kota Batam,Batu Aji," Tanjung Uncang, Kec, Batu Aji, Kota Batam",Waspada
Kota Batam,Batu Aji," Bukit Tempeyan, Kec, Batu Aji, Kota Batam",Siaga
Kota Batam,Bengkong," Sadai, Kec. Bengkong, Kota Batam",Bahaya
Kota Batam,Bengkong," Tanjung Buntung, Kec. Bengkong, Kota Batam",Waspada
Kota Batam,Bengkong," Bengkong Indah, Kec. Bengkong, Kota Batam",Waspada
Kota Batam,Bengkong," Bengkong Laut, Kec. Bengkong, Kota Batam",Siaga
Kabupaten Karimun,Bengkong,Meral kota,Waspada
Kabupaten Karimun,Bengkong,Sungai Pasir,Bahaya
Kabupaten Karimun,Meral,Baran Barat,Waspada
Kabupaten Karimun,Meral,Sungai Raya,Waspada
Kabupaten Karimun,Meral,Parit Benut,Waspada
Kabupaten Karimun,Meral,Baran Timur,Waspada
Kabupaten Karimun,Meral Barat,Pasir Panjang,Bahaya
Kabupaten Karimun,Meral Barat,Pangke,Waspada
Kabupaten Karimun,Meral Barat,Pangke Barat,Waspada
Kabupaten Karimun,Meral Barat,Darussalam,Waspada
Kabupaten Karimun,Buru,Tanjung Hutan,Bahaya
Kabupaten Karimun,Buru,Buru,Bahaya
Kabupaten Karimun,Buru,Lubuk Puding,Bahaya
Kabupaten Karimun,Buru,Tanjung Batu Kecil,Bahaya
Kabupaten Karimun,Belat,Sungai Asam,Waspada
Kabupaten Karimun,Belat,Lebuh,Waspada
Kabupaten Karimun,Belat,Degong,Waspada
Kabupaten Karimun,Belat,Tebias,Waspada
Kabupaten Karimun,Belat,Sebele,Waspada
Kabupaten Karimun,Belat,Penarah,Waspada
Kabupaten Karimun,Ungar,Alai,Waspada
Kabupaten Karimun,Ungar,Batu Limau,Waspada
Kabupaten Karimun,Ungar,Sungai Buluh,Waspada
Kabupaten Karimun,Ungar,Ngal,Waspada
Kabupaten Karimun,Ungar,sawang,Waspada
Kabupaten Karimun,Ungar,sawang laut,Waspada
Kabupaten Karimun,Kundur Barat,Kundur,Waspada
Kabupaten Karimun,Kundur Barat,Sawang Selatan,Waspada
Kabupaten Karimun,Kundur Barat,Gemuruh,Waspada
Kabupaten Karimun,Kundur Utara,Sungai Ungar Utara,Waspada
Kabupaten Karimun,Kundur Utara,Tanjung Berlian Kota,Waspada
Kabupaten Karimun,Kundur Utara,Teluk Radang,Waspada
Kabupaten Karimun,Kundur Utara,Perayun,Waspada
Kabupaten Karimun,Kundur Utara,Tanjung Berlian Barat,Waspada
Kabupaten Karimun,Kundur,Tanjung Batu Barat,Waspada
Kabupaten Karimun,Kundur,Tanjung Batu Kota,Waspada
Kabupaten Karimun,Kundur,Gading Sari,Waspada
Kabupaten Karimun,Kundur,Sebesi,Waspada
Kabupaten Karimun,Kundur,Sungai Ungar,Waspada
Kabupaten Karimun,Kundur,Lubuk,Waspada
Kabupaten Karimun,Durai,Telaga Tujuh,Waspada
Kabupaten Karimun,Durai,Sanglar,Waspada
Kabupaten Karimun,Durai,Semembang,Waspada
Kabupaten Karimun,Durai,Tanjung Kilang,Waspada
Kabupaten Karimun,Moro,Moro,Waspada
Kabupaten Karimun,Moro,Moro Timur,Waspada
Kabupaten Karimun,Moro,Pulau Pauh,Waspada
Kabupaten Karimun,Moro,Sugie,Waspada
Kabupaten Karimun,Moro,Keban,Waspada
Kabupaten Karimun,Moro,Nuir Permai,Bahaya
Kabupaten Karimun,Moro,Rawa Jaye,Waspada
Kabupaten Karimun,Moro,Buluh Patah,Waspada
Kabupaten Karimun,Moro,Tanjung Planduk,Waspada
Kabupaten Karimun,Moro,Jang,Waspada
Kabupaten Karimun,Moro,Selat Mie,Waspada
Kabupaten Karimun,Moro,Pulaumoro,Waspada
Kabupaten Karimun,Tebing,Tebing,Waspada
Kabupaten Karimun,Tebing,Teluk uma,Bahaya
Kabupaten Karimun,Tebing,Kapling,Waspada
Kabupaten Karimun,Tebing,Harjosari,Waspada
Kabupaten Karimun,Tebing,Pamak,Waspada
Kabupaten Karimun,Tebing,Pongkar,Waspada
Kabupaten Karimun,Karimun,Tanjung Balai,Waspada
Kabupaten Karimun,Karimun,Tanjung Balai Kota,Bahaya
Kabupaten Karimun,Karimun,Parit,Waspada
Kabupaten Karimun,Karimun,Selat Mendaun,Waspada
Kabupaten Karimun,Karimun,Tulang,Waspada
Kabupaten Karimun,Karimun,Teluk Air,Waspada
Kabupaten Karimun,Karimun,Sungai Lakam Timur,Bahaya
Kabupaten Karimun,Karimun,Sungai Lakam Barat,Bahaya
Kabupaten Karimun,Karimun,Lubuk Semut,Waspada
