KOTA MATARAM,Selaparang,Dasan Agung,BAHAYA
KOTA MATARAM,Selaparang,Dasan Agung Baru,WASPADA
KOTA MATARAM,Selaparang,Gomong,WASPADA
KOTA MATARAM,Selaparang,Karang Baru,SIAGA
KOTA MATARAM,Selaparang,Mataram Barat,SIAGA
KOTA MATARAM,Selaparang,Monjok,SIAGA
KOTA MATARAM,Selaparang,Monjok Barat,SIAGA
KOTA MATARAM,Selaparang,Monjok Timur,SIAGA
KOTA MATARAM,Selaparang,Rembiga,SIAGA
KOTA MATARAM,sekarbela,Jempong Baru (Jempang Baru),SIAGA
KOTA MATARAM,sekarbela,Karang Pule,SIAGA
KOTA MATARAM,sekarbela,Kekalik Jaya,SIAGA
KOTA MATARAM,sekarbela,Tanjung Karang,SIAGA
KOTA MATARAM,sekarbela,Tanjung Karang Permai,SIAGA
KOTA MATARAM,sandubaya,Abian Tubuh Baru,WASPADA
KOTA MATARAM,sandubaya,Babakan,SIAGA
KOTA MATARAM,sandubaya,Bertais,SIAGA
KOTA MATARAM,sandubaya,Dasan Cermen,SIAGA
KOTA MATARAM,sandubaya,Mandalika,SIAGA
KOTA MATARAM,sandubaya,Selagalas,SIAGA
KOTA MATARAM,sandubaya,Turida,SIAGA
KOTA MATARAM,mataram,Mataram Timur,SIAGA
KOTA MATARAM,mataram,Pagesangan,SIAGA
KOTA MATARAM,mataram,Pagesangan Barat,SIAGA
KOTA MATARAM,mataram,Pagesangan Timur,SIAGA
KOTA MATARAM,mataram,Pagutan,SIAGA
KOTA MATARAM,mataram,Pagutan Barat,SIAGA
KOTA MATARAM,mataram,Pagutan Timur,WASPADA
KOTA MATARAM,mataram,Pejanggik,SIAGA
KOTA MATARAM,mataram,Punia,SIAGA
KOTA MATARAM,cakranegara,Cakranegara Barat,WASPADA
KOTA MATARAM,cakranegara,Cakranegara Selatan,WASPADA
KOTA MATARAM,cakranegara,Cakranegara Selatan Baru,WASPADA
KOTA MATARAM,cakranegara,Cakranegara Timur,WASPADA
KOTA MATARAM,cakranegara,Cakranegara Utara,WASPADA
KOTA MATARAM,cakranegara,Cilinaya,SIAGA
KOTA MATARAM,cakranegara,Karang Taliwang,BAHAYA
KOTA MATARAM,cakranegara,Mayura,SIAGA
KOTA MATARAM,cakranegara,Sapta Marga,SIAGA
KOTA MATARAM,cakranegara,Sayang Sayang,SIAGA
KABUPATEN LOMBOK  BARAT,gerung,Babussalam,SIAGA
KABUPATEN LOMBOK  BARAT,gerung,Banyu Urip,SIAGA
KABUPATEN LOMBOK  BARAT,gerung,Beleke,SIAGA
KABUPATEN LOMBOK  BARAT,gerung,Dasan Geres,SIAGA
KABUPATEN LOMBOK  BARAT,gerung,Dasan Tapen,WASPADA
KABUPATEN LOMBOK  BARAT,gerung,Gapuk,AMAN
KABUPATEN LOMBOK  BARAT,gerung,Gerung Selatan,SIAGA
KABUPATEN LOMBOK  BARAT,gerung,Gerung Utara,SIAGA
KABUPATEN LOMBOK  BARAT,gerung,Giri Tembesi,AMAN
KABUPATEN LOMBOK  BARAT,gerung,Kebon Ayu (Kebunayu),AMAN
KABUPATEN LOMBOK  BARAT,gerung,Mesanggok,AMAN
KABUPATEN LOMBOK  BARAT,gerung,Suka Makmur (Sukamakmur),SIAGA
KABUPATEN LOMBOK  BARAT,gerung,Taman Ayu,WASPADA
KABUPATEN LOMBOK  BARAT,gerung,Tempos,AMAN
KABUPATEN LOMBOK  BARAT,batu layar,Batu Layar Barat,SIAGA
KABUPATEN LOMBOK  BARAT,batu layar,Batulayar (Batu Layar),BAHAYA
KABUPATEN LOMBOK  BARAT,batu layar,Bengkaung,AMAN
KABUPATEN LOMBOK  BARAT,batu layar,Lembah Sari,AMAN
KABUPATEN LOMBOK  BARAT,batu layar,Meninting,AMAN
KABUPATEN LOMBOK  BARAT,batu layar,Pusuk Lestari,AMAN
KABUPATEN LOMBOK  BARAT,batu layar,Sandik,SIAGA
KABUPATEN LOMBOK  BARAT,batu layar,Senggigi,WASPADA
KABUPATEN LOMBOK  BARAT,batu layar,Senteluk,SIAGA
KABUPATEN LOMBOK  BARAT,kediri,Banyumulek,SIAGA
KABUPATEN LOMBOK  BARAT,kediri,Dasan Baru,SIAGA
KABUPATEN LOMBOK  BARAT,kediri,Gelogor,SIAGA
KABUPATEN LOMBOK  BARAT,kediri,Jagaraga Indah,SIAGA
KABUPATEN LOMBOK  BARAT,kediri,Kediri,SIAGA
KABUPATEN LOMBOK  BARAT,kediri,Kediri Selatan,SIAGA
KABUPATEN LOMBOK  BARAT,kediri,Lelede,SIAGA
KABUPATEN LOMBOK  BARAT,kediri,Montong Are,SIAGA
KABUPATEN LOMBOK  BARAT,kediri,Ombe Baru,SIAGA
KABUPATEN LOMBOK  BARAT,kediri,Rumak,SIAGA
KABUPATEN LOMBOK  BARAT,gunung sari,Bukittinggi,AMAN
KABUPATEN LOMBOK  BARAT,gunung sari,Dopang,SIAGA
KABUPATEN LOMBOK  BARAT,gunung sari,Gelangsar,SIAGA
KABUPATEN LOMBOK  BARAT,gunung sari,Guntur Macan,SIAGA
KABUPATEN LOMBOK  BARAT,gunung sari,Gunungsari (Gunung Sari),SIAGA
KABUPATEN LOMBOK  BARAT,gunung sari,Jatisela,SIAGA
KABUPATEN LOMBOK  BARAT,gunung sari,Jeringo (Jeringgo),SIAGA
KABUPATEN LOMBOK  BARAT,gunung sari,Kekait,SIAGA
KABUPATEN LOMBOK  BARAT,gunung sari,Kekeri,SIAGA
KABUPATEN LOMBOK  BARAT,gunung sari,Mekar Sari (Mekarsari),SIAGA
KABUPATEN LOMBOK  BARAT,gunung sari,Midang,SIAGA
KABUPATEN LOMBOK  BARAT,gunung sari,Nambalan (Mambalan),SIAGA
KABUPATEN LOMBOK  BARAT,gunung sari,Penimbung,SIAGA
KABUPATEN LOMBOK  BARAT,gunung sari,Ranjok,SIAGA
KABUPATEN LOMBOK  BARAT,gunung sari,Sesele (Sesela),WASPADA
KABUPATEN LOMBOK  BARAT,gunung sari,Taman Sari,SIAGA
KABUPATEN LOMBOK  BARAT,lingsar,Batu Kumbang (Batu Kumbung),SIAGA
KABUPATEN LOMBOK  BARAT,lingsar,Batu Mekar,SIAGA
KABUPATEN LOMBOK  BARAT,lingsar,Bug-Bug,SIAGA
KABUPATEN LOMBOK  BARAT,lingsar,Dasan Geria,SIAGA
KABUPATEN LOMBOK  BARAT,lingsar,Duman,SIAGA
KABUPATEN LOMBOK  BARAT,lingsar,Gegelang,AMAN
KABUPATEN LOMBOK  BARAT,lingsar,Gegerung,AMAN
KABUPATEN LOMBOK  BARAT,lingsar,Giri Madia,AMAN
KABUPATEN LOMBOK  BARAT,lingsar,Gontoran,AMAN
KABUPATEN LOMBOK  BARAT,lingsar,Karang Bayan,AMAN
KABUPATEN LOMBOK  BARAT,lingsar,Langko,AMAN
KABUPATEN LOMBOK  BARAT,lingsar,Lingsar,SIAGA
KABUPATEN LOMBOK  BARAT,lingsar,Peteluan Indah,AMAN
KABUPATEN LOMBOK  BARAT,lingsar,Saribaye,AMAN
KABUPATEN LOMBOK  BARAT,lingsar,Sigerongan,SIAGA
KABUPATEN LOMBOK  BARAT,lembar,Eyat Mayang,SIAGA
KABUPATEN LOMBOK  BARAT,lembar,Jembatan Gantung,SIAGA
KABUPATEN LOMBOK  BARAT,lembar,Jembatan Kembar,WASPADA
KABUPATEN LOMBOK  BARAT,lembar,Jembatan Kembar Timur,SIAGA
KABUPATEN LOMBOK  BARAT,lembar,Labuan Tereng,SIAGA
KABUPATEN LOMBOK  BARAT,lembar,Lembar,SIAGA
KABUPATEN LOMBOK  BARAT,lembar,Lembar Selatan,SIAGA
KABUPATEN LOMBOK  BARAT,lembar,Mareje,SIAGA
KABUPATEN LOMBOK  BARAT,lembar,Mareje Timur,SIAGA
KABUPATEN LOMBOK  BARAT,lembar,Sekotong Timur,SIAGA
KABUPATEN LOMBOK  BARAT,labuapi,Bagik Polak,SIAGA
KABUPATEN LOMBOK  BARAT,labuapi,Bagik Polak Barat,SIAGA
KABUPATEN LOMBOK  BARAT,labuapi,Bajur,SIAGA
KABUPATEN LOMBOK  BARAT,labuapi,Bengkel,WASPADA
KABUPATEN LOMBOK  BARAT,labuapi,Karang Bongkot,SIAGA
KABUPATEN LOMBOK  BARAT,labuapi,Kuranji,SIAGA
KABUPATEN LOMBOK  BARAT,labuapi,Kuranji Dalang,AMAN
KABUPATEN LOMBOK  BARAT,labuapi,Labuapi,SIAGA
KABUPATEN LOMBOK  BARAT,labuapi,Merembu,SIAGA
KABUPATEN LOMBOK  BARAT,labuapi,Perampuan,SIAGA
KABUPATEN LOMBOK  BARAT,labuapi,Telagawaru,SIAGA
KABUPATEN LOMBOK  BARAT,labuapi,Terong Tawah,SIAGA
KABUPATEN LOMBOK  BARAT,kuripan,Giri Sasak,AMAN
KABUPATEN LOMBOK  BARAT,kuripan,Jagaraga,AMAN
KABUPATEN LOMBOK  BARAT,kuripan,Kuripan,SIAGA
KABUPATEN LOMBOK  BARAT,kuripan,Kuripan Selatan,SIAGA
KABUPATEN LOMBOK  BARAT,kuripan,Kuripan Timur,SIAGA
KABUPATEN LOMBOK  BARAT,kuripan,Kuripan Utara,SIAGA
KABUPATEN LOMBOK  BARAT,sekotong,Batu Putih,SIAGA
KABUPATEN LOMBOK  BARAT,sekotong,Buwun Mas,SIAGA
KABUPATEN LOMBOK  BARAT,sekotong,Cendi Manik,SIAGA
KABUPATEN LOMBOK  BARAT,sekotong,Gili Gede Indah,SIAGA
KABUPATEN LOMBOK  BARAT,sekotong,Kedaro,SIAGA
KABUPATEN LOMBOK  BARAT,sekotong,Pelangan,SIAGA
KABUPATEN LOMBOK  BARAT,sekotong,Sekotong Barat,WASPADA
KABUPATEN LOMBOK  BARAT,sekotong,Sekotong Tengah,WASPADA
KABUPATEN LOMBOK  BARAT,sekotong,Taman Baru,SIAGA
KABUPATEN LOMBOK  BARAT,narmada,Badrain,AMAN
KABUPATEN LOMBOK  BARAT,narmada,Batu Kuta,AMAN
KABUPATEN LOMBOK  BARAT,narmada,Buwun Sejati,AMAN
KABUPATEN LOMBOK  BARAT,narmada,Dasan Tereng,SIAGA
KABUPATEN LOMBOK  BARAT,narmada,Golong,WASPADA
KABUPATEN LOMBOK  BARAT,narmada,Grimax Indah (Gerimak Indah),SIAGA
KABUPATEN LOMBOK  BARAT,narmada,Kramat Jaya (Krama Jaya),SIAGA
KABUPATEN LOMBOK  BARAT,narmada,Lebah Sempage (Lebah Sempaga),SIAGA
KABUPATEN LOMBOK  BARAT,narmada,Lembuak,SIAGA
KABUPATEN LOMBOK  BARAT,narmada,Mekarsari,SIAGA
KABUPATEN LOMBOK  BARAT,narmada,Narmada,WASPADA
KABUPATEN LOMBOK  BARAT,narmada,Nyur Lembang,SIAGA
KABUPATEN LOMBOK  BARAT,narmada,Pakuan,SIAGA
KABUPATEN LOMBOK  BARAT,narmada,Peresak,SIAGA
KABUPATEN LOMBOK  BARAT,narmada,Peru (Keru),SIAGA
KABUPATEN LOMBOK  BARAT,narmada,Sedau,AMAN
KABUPATEN LOMBOK  BARAT,narmada,Selat,AMAN
KABUPATEN LOMBOK  BARAT,narmada,Sembung,AMAN
KABUPATEN LOMBOK  BARAT,narmada,Sesaot,AMAN
KABUPATEN LOMBOK  BARAT,narmada,Suranadi,SIAGA
KABUPATEN LOMBOK  BARAT,narmada,Tanah/Tanak Beak,SIAGA
KABUPATEN LOMBOK  TIMUR,wanasaba,Bandok,AMAN
KABUPATEN LOMBOK  TIMUR,wanasaba,Bebidas,AMAN
KABUPATEN LOMBOK  TIMUR,wanasaba,Beriri Jarak,AMAN
KABUPATEN LOMBOK  TIMUR,wanasaba,Jineng,AMAN
KABUPATEN LOMBOK  TIMUR,wanasaba,Karang Baru,AMAN
KABUPATEN LOMBOK  TIMUR,wanasaba,Karang Baru Timur,AMAN
KABUPATEN LOMBOK  TIMUR,wanasaba,Mamben Baru,AMAN
KABUPATEN LOMBOK  TIMUR,wanasaba,Mamben Daya,AMAN
KABUPATEN LOMBOK  TIMUR,wanasaba,Mamben Lauk/Lauq,AMAN
KABUPATEN LOMBOK  TIMUR,wanasaba,Otak Rarangan,AMAN
KABUPATEN LOMBOK  TIMUR,wanasaba,Tembeng Putik,AMAN
KABUPATEN LOMBOK  TIMUR,wanasaba,Wanasaba,SIAGA
KABUPATEN LOMBOK  TIMUR,wanasaba,Wanasaba Daya,AMAN
KABUPATEN LOMBOK  TIMUR,wanasaba,Wanasaba Lauk,AMAN
KABUPATEN LOMBOK  TIMUR,terara,Embung Kandong,AMAN
KABUPATEN LOMBOK  TIMUR,terara,Embung Raja,AMAN
KABUPATEN LOMBOK  TIMUR,terara,Jenggik,SIAGA
KABUPATEN LOMBOK  TIMUR,terara,Kalianyar,AMAN
KABUPATEN LOMBOK  TIMUR,terara,Lando,AMAN
KABUPATEN LOMBOK  TIMUR,terara,Leming,AMAN
KABUPATEN LOMBOK  TIMUR,terara,Pandan Duri,AMAN
KABUPATEN LOMBOK  TIMUR,terara,Rarang,SIAGA
KABUPATEN LOMBOK  TIMUR,terara,Rarang Batas,SIAGA
KABUPATEN LOMBOK  TIMUR,terara,Rarang Selatan,SIAGA
KABUPATEN LOMBOK  TIMUR,terara,Rarang Tengah,SIAGA
KABUPATEN LOMBOK  TIMUR,terara,Santong,SIAGA
KABUPATEN LOMBOK  TIMUR,terara,Selagik,SIAGA
KABUPATEN LOMBOK  TIMUR,terara,Sukadana,SIAGA
KABUPATEN LOMBOK  TIMUR,terara,Suradadi,SIAGA
KABUPATEN LOMBOK  TIMUR,terara,Terara,SIAGA
KABUPATEN LOMBOK  TIMUR,suralaga,Anjani,SIAGA
KABUPATEN LOMBOK  TIMUR,suralaga,Bagik Payung,AMAN
KABUPATEN LOMBOK  TIMUR,suralaga,Bagik Payung Selatan,AMAN
KABUPATEN LOMBOK  TIMUR,suralaga,Bagik Payung Timur,AMAN
KABUPATEN LOMBOK  TIMUR,suralaga,Bintang Rinjani,AMAN
KABUPATEN LOMBOK  TIMUR,suralaga,Dames Damai,AMAN
KABUPATEN LOMBOK  TIMUR,suralaga,Dasan Borok,AMAN
KABUPATEN LOMBOK  TIMUR,suralaga,Gapuk,SIAGA
KABUPATEN LOMBOK  TIMUR,suralaga,Gerung Permai,AMAN
KABUPATEN LOMBOK  TIMUR,suralaga,Kerongkong,AMAN
KABUPATEN LOMBOK  TIMUR,suralaga,Paok Lombok,AMAN
KABUPATEN LOMBOK  TIMUR,suralaga,Suralaga,AMAN
KABUPATEN LOMBOK  TIMUR,suralaga,Tebaban,AMAN
KABUPATEN LOMBOK  TIMUR,suralaga,Tumbuh Mulia,AMAN
KABUPATEN LOMBOK  TIMUR,suralaga,Waringin,AMAN
KABUPATEN LOMBOK  TIMUR,sukamulia,Dasan Lekong,WASPADA
KABUPATEN LOMBOK  TIMUR,sukamulia,Jantuk,SIAGA
KABUPATEN LOMBOK  TIMUR,sukamulia,Nyiur Tebel,SIAGA
KABUPATEN LOMBOK  TIMUR,sukamulia,Padamara,SIAGA
KABUPATEN LOMBOK  TIMUR,sukamulia,Paok Pampang,SIAGA
KABUPATEN LOMBOK  TIMUR,sukamulia,Setanggor,SIAGA
KABUPATEN LOMBOK  TIMUR,sukamulia,Setanggor Selatan,SIAGA
KABUPATEN LOMBOK  TIMUR,sukamulia,Sukamulia,SIAGA
KABUPATEN LOMBOK  TIMUR,sukamulia,Sukamulia Timur,SIAGA
KABUPATEN LOMBOK  TIMUR,suela(suwela),Ketangga,AMAN
KABUPATEN LOMBOK  TIMUR,suela(suwela),Mekar Sari,AMAN
KABUPATEN LOMBOK  TIMUR,suela(suwela),Perigi,AMAN
KABUPATEN LOMBOK  TIMUR,suela(suwela),Puncak Jeringo,AMAN
KABUPATEN LOMBOK  TIMUR,suela(suwela),Sapit,AMAN
KABUPATEN LOMBOK  TIMUR,suela(suwela),Selaparang,AMAN
KABUPATEN LOMBOK  TIMUR,suela(suwela),Suela (Suwela),SIAGA
KABUPATEN LOMBOK  TIMUR,suela(suwela),Suntalangu,AMAN
KABUPATEN LOMBOK  TIMUR,sikur,Darmasari,WASPADA
KABUPATEN LOMBOK  TIMUR,sikur,Gelora,SIAGA
KABUPATEN LOMBOK  TIMUR,sikur,Jeruk Manis,SIAGA
KABUPATEN LOMBOK  TIMUR,sikur,Kembang Kuning,SIAGA
KABUPATEN LOMBOK  TIMUR,sikur,Kota Raja (Kotaraja),AMAN
KABUPATEN LOMBOK  TIMUR,sikur,Loyok,AMAN
KABUPATEN LOMBOK  TIMUR,sikur,Montong Baan (Montongbaan),AMAN
KABUPATEN LOMBOK  TIMUR,sikur,Montong Baan Selatan,AMAN
KABUPATEN LOMBOK  TIMUR,sikur,Semaya,SIAGA
KABUPATEN LOMBOK  TIMUR,sikur,Sikur,SIAGA
KABUPATEN LOMBOK  TIMUR,sikur,Sikur Barat,SIAGA
KABUPATEN LOMBOK  TIMUR,sikur,Sikur Selatan,SIAGA
KABUPATEN LOMBOK  TIMUR,sikur,Tete Batu (Tetebatu),SIAGA
KABUPATEN LOMBOK  TIMUR,sikur,Tetebatu Selatan,SIAGA
KABUPATEN LOMBOK  TIMUR,sembalun,Bilok Petung,AMAN
KABUPATEN LOMBOK  TIMUR,sembalun,Sajang,AMAN
KABUPATEN LOMBOK  TIMUR,sembalun,Sembalun,SIAGA
KABUPATEN LOMBOK  TIMUR,sembalun,Sembalun Bumbung,AMAN
KABUPATEN LOMBOK  TIMUR,sembalun,Sembalun Lawang,AMAN
KABUPATEN LOMBOK  TIMUR,sembalun,Sembalun Timba Gading,AMAN
KABUPATEN LOMBOK  TIMUR,selong,Danggen Timur,SIAGA
KABUPATEN LOMBOK  TIMUR,selong,Denggen,SIAGA
KABUPATEN LOMBOK  TIMUR,selong,Kelaju Jorong (Jorong),WASPADA
KABUPATEN LOMBOK  TIMUR,selong,Kelayu Selatan,WASPADA
KABUPATEN LOMBOK  TIMUR,selong,Kelayu Utara,WASPADA
KABUPATEN LOMBOK  TIMUR,selong,Kembang Sari,SIAGA
KABUPATEN LOMBOK  TIMUR,selong,Majidi,SIAGA
KABUPATEN LOMBOK  TIMUR,selong,Pancor,BAHAYA
KABUPATEN LOMBOK  TIMUR,selong,Rakam,SIAGA
KABUPATEN LOMBOK  TIMUR,selong,Sandu Baya (Sandubaya),SIAGA
KABUPATEN LOMBOK  TIMUR,selong,Sekarteja,SIAGA
KABUPATEN LOMBOK  TIMUR,selong,Selong (Selong Kota),WASPADA
KABUPATEN LOMBOK  TIMUR,sambalia,Bagik Manis,AMAN
KABUPATEN LOMBOK  TIMUR,sambalia,Belanting,AMAN
KABUPATEN LOMBOK  TIMUR,sambalia,Dadap,AMAN
KABUPATEN LOMBOK  TIMUR,sambalia,Darakunci,AMAN
KABUPATEN LOMBOK  TIMUR,sambalia,Labuhan Pandan,AMAN
KABUPATEN LOMBOK  TIMUR,sambalia,Madayin,AMAN
KABUPATEN LOMBOK  TIMUR,sambalia,Obel Obel,AMAN
KABUPATEN LOMBOK  TIMUR,sambalia,Padak Guar,AMAN
KABUPATEN LOMBOK  TIMUR,sambalia,Sambalia (Sambelia),SIAGA
KABUPATEN LOMBOK  TIMUR,sambalia,Senanggalih,AMAN
KABUPATEN LOMBOK  TIMUR,sambalia,Sugian,AMAN
KABUPATEN LOMBOK  TIMUR,sakra timur,Gelanggang,SIAGA
KABUPATEN LOMBOK  TIMUR,sakra timur,Gereneng,SIAGA
KABUPATEN LOMBOK  TIMUR,sakra timur,Gereneng Timur,SIAGA
KABUPATEN LOMBOK  TIMUR,sakra timur,Lenting,AMAN
KABUPATEN LOMBOK  TIMUR,sakra timur,Lepak,AMAN
KABUPATEN LOMBOK  TIMUR,sakra timur,Lepak Timur,AMAN
KABUPATEN LOMBOK  TIMUR,sakra timur,Menceh,AMAN
KABUPATEN LOMBOK  TIMUR,sakra timur,Montong Tangi (Montongtangi),AMAN
KABUPATEN LOMBOK  TIMUR,sakra timur,Surabaya,SIAGA
KABUPATEN LOMBOK  TIMUR,sakra timur,Surabaya Utara,SIAGA
KABUPATEN LOMBOK  TIMUR,sakra barat,Borok Toyang,AMAN
KABUPATEN LOMBOK  TIMUR,sakra barat,Boyemare,AMAN
KABUPATEN LOMBOK  TIMUR,sakra barat,Bungtiang,AMAN
KABUPATEN LOMBOK  TIMUR,sakra barat,Gadungmas,AMAN
KABUPATEN LOMBOK  TIMUR,sakra barat,Gerisak Semanggeleng (Gerisak Semanggelen),AMAN
KABUPATEN LOMBOK  TIMUR,sakra barat,Gunung Rajak,AMAN
KABUPATEN LOMBOK  TIMUR,sakra barat,Jerogunung,AMAN
KABUPATEN LOMBOK  TIMUR,sakra barat,Kembang Are Sampai,SIAGA
KABUPATEN LOMBOK  TIMUR,sakra barat,Mengkuru,SIAGA
KABUPATEN LOMBOK  TIMUR,sakra barat,Montong Beter,SIAGA
KABUPATEN LOMBOK  TIMUR,sakra barat,Pejaring,SIAGA
KABUPATEN LOMBOK  TIMUR,sakra barat,Pematung,SIAGA
KABUPATEN LOMBOK  TIMUR,sakra barat,Pengkelak Mas (Pengkelakmas),SIAGA
KABUPATEN LOMBOK  TIMUR,sakra barat,Rensing,SIAGA
KABUPATEN LOMBOK  TIMUR,sakra barat,Rensing Bat,AMAN
KABUPATEN LOMBOK  TIMUR,sakra barat,Rensing Raya,AMAN
KABUPATEN LOMBOK  TIMUR,sakra barat,Sukarara,SIAGA
KABUPATEN LOMBOK  TIMUR,sakra barat,Tanak Kaken,AMAN
KABUPATEN LOMBOK  TIMUR,sakra,Kabar,AMAN
KABUPATEN LOMBOK  TIMUR,sakra,Keselet,AMAN
KABUPATEN LOMBOK  TIMUR,sakra,Kuang Baru,AMAN
KABUPATEN LOMBOK  TIMUR,sakra,Moyot,AMAN
KABUPATEN LOMBOK  TIMUR,sakra,Peresak,SIAGA
KABUPATEN LOMBOK  TIMUR,sakra,Rumbuk,SIAGA
KABUPATEN LOMBOK  TIMUR,sakra,Rumbuk Timur,SIAGA
KABUPATEN LOMBOK  TIMUR,sakra,Sakra,SIAGA
KABUPATEN LOMBOK  TIMUR,sakra,Sakra Selatan,SIAGA
KABUPATEN LOMBOK  TIMUR,sakra,Songak,SIAGA
KABUPATEN LOMBOK  TIMUR,sakra,Suwangi (Suangi),SIAGA
KABUPATEN LOMBOK  TIMUR,sakra,Suwangi Timur,SIAGA
KABUPATEN LOMBOK  TIMUR,Pringgasela,Aik Dewa,AMAN
KABUPATEN LOMBOK  TIMUR,Pringgasela,Jurit,AMAN
KABUPATEN LOMBOK  TIMUR,Pringgasela,Jurit Baru,AMAN
KABUPATEN LOMBOK  TIMUR,Pringgasela,Pengadangan,SIAGA
KABUPATEN LOMBOK  TIMUR,Pringgasela,Pengadangan Barat,AMAN
KABUPATEN LOMBOK  TIMUR,Pringgasela,Pringgasela,BAHAYA
KABUPATEN LOMBOK  TIMUR,Pringgasela,Pringgasela Selatan,SIAGA
KABUPATEN LOMBOK  TIMUR,Pringgasela,Pringgasela Timur,SIAGA
KABUPATEN LOMBOK  TIMUR,Pringgasela,Rempung,SIAGA
KABUPATEN LOMBOK  TIMUR,Pringgasela,Timbanuh,AMAN
KABUPATEN LOMBOK  TIMUR,Pringgabaya,Anggaraksa,AMAN
KABUPATEN LOMBOK  TIMUR,Pringgabaya,Apit Aik (Apitaik),AMAN
KABUPATEN LOMBOK  TIMUR,Pringgabaya,Bagik Papan,AMAN
KABUPATEN LOMBOK  TIMUR,Pringgabaya,Batuyang,AMAN
KABUPATEN LOMBOK  TIMUR,Pringgabaya,Gunung Malang,AMAN
KABUPATEN LOMBOK  TIMUR,Pringgabaya,Kerumut,AMAN
KABUPATEN LOMBOK  TIMUR,Pringgabaya,Labuhan Lombok,SIAGA
KABUPATEN LOMBOK  TIMUR,Pringgabaya,Pohgading,SIAGA
KABUPATEN LOMBOK  TIMUR,Pringgabaya,Pohgading Timur,SIAGA
KABUPATEN LOMBOK  TIMUR,Pringgabaya,Pringgabaya,AMAN
KABUPATEN LOMBOK  TIMUR,Pringgabaya,Pringgabaya Utara,AMAN
KABUPATEN LOMBOK  TIMUR,Pringgabaya,Seruni Mumbul,AMAN
KABUPATEN LOMBOK  TIMUR,Pringgabaya,Tanak Gadang,AMAN
KABUPATEN LOMBOK  TIMUR,Pringgabaya,Teko,AMAN
KABUPATEN LOMBOK  TIMUR,Pringgabaya,Telaga Waru,SIAGA
KABUPATEN LOMBOK  TIMUR,Montong Gading,Jenggik Utara,SIAGA
KABUPATEN LOMBOK  TIMUR,Montong Gading,Kilang,AMAN
KABUPATEN LOMBOK  TIMUR,Montong Gading,Lendang Belo,SIAGA
KABUPATEN LOMBOK  TIMUR,Montong Gading,Montong Betok,SIAGA
KABUPATEN LOMBOK  TIMUR,Montong Gading,Perian,SIAGA
KABUPATEN LOMBOK  TIMUR,Montong Gading,Pesanggrahan,SIAGA
KABUPATEN LOMBOK  TIMUR,Montong Gading,Pringga Jurang,SIAGA
KABUPATEN LOMBOK  TIMUR,Montong Gading,Pringgajurang Utara,SIAGA
KABUPATEN LOMBOK  TIMUR,Masbagik,Danger,SIAGA
KABUPATEN LOMBOK  TIMUR,Masbagik,Kesik,SIAGA
KABUPATEN LOMBOK  TIMUR,Masbagik,Kumbang,AMAN
KABUPATEN LOMBOK  TIMUR,Masbagik,Lendang Nangka,SIAGA
KABUPATEN LOMBOK  TIMUR,Masbagik,Lendang Nangka Utara,SIAGA
KABUPATEN LOMBOK  TIMUR,Masbagik,Masbagik Selatan,SIAGA
KABUPATEN LOMBOK  TIMUR,Masbagik,Masbagik Timur,SIAGA
KABUPATEN LOMBOK  TIMUR,Masbagik,Masbagik Utara,SIAGA
KABUPATEN LOMBOK  TIMUR,Masbagik,Masbagik Utara Baru,SIAGA
KABUPATEN LOMBOK  TIMUR,Masbagik,Paokmotong (Paok Motong),SIAGA
KABUPATEN LOMBOK  TIMUR,Labuhan Haji,Banjarsari,AMAN
KABUPATEN LOMBOK  TIMUR,Labuhan Haji,Geres,AMAN
KABUPATEN LOMBOK  TIMUR,Labuhan Haji,Ijobalit,AMAN
KABUPATEN LOMBOK  TIMUR,Labuhan Haji,Kertasari,SIAGA
KABUPATEN LOMBOK  TIMUR,Labuhan Haji,Korleko,SIAGA
KABUPATEN LOMBOK  TIMUR,Labuhan Haji,Korleko Selatan,SIAGA
KABUPATEN LOMBOK  TIMUR,Labuhan Haji,Labuhan Haji,WASPADA
KABUPATEN LOMBOK  TIMUR,Labuhan Haji,Peneda Gandor (Penedagandor),SIAGA
KABUPATEN LOMBOK  TIMUR,Labuhan Haji,Suryawangi (Surya Wangi),SIAGA
KABUPATEN LOMBOK  TIMUR,Labuhan Haji,Tanjung,WASPADA
KABUPATEN LOMBOK  TIMUR,Labuhan Haji,Teros,SIAGA
KABUPATEN LOMBOK  TIMUR,Labuhan Haji,Tirtanadi,SIAGA
KABUPATEN LOMBOK  TIMUR,Keruak,Batu Putik,SIAGA
KABUPATEN LOMBOK  TIMUR,Keruak,Dane Rase,AMAN
KABUPATEN LOMBOK  TIMUR,Keruak,Keruak,AMAN
KABUPATEN LOMBOK  TIMUR,Keruak,Ketangga Jeraeng,AMAN
KABUPATEN LOMBOK  TIMUR,Keruak,Ketapang Raya,AMAN
KABUPATEN LOMBOK  TIMUR,Keruak,Mendana Raya,AMAN
KABUPATEN LOMBOK  TIMUR,Keruak,Montong Belae,AMAN
KABUPATEN LOMBOK  TIMUR,Keruak,Pijot,SIAGA
KABUPATEN LOMBOK  TIMUR,Keruak,Pijot Utara,SIAGA
KABUPATEN LOMBOK  TIMUR,Keruak,Pulau Maringkik,AMAN
KABUPATEN LOMBOK  TIMUR,Keruak,Selebung Ketangga,AMAN
KABUPATEN LOMBOK  TIMUR,Keruak,Senyiur,AMAN
KABUPATEN LOMBOK  TIMUR,Keruak,Sepit,AMAN
KABUPATEN LOMBOK  TIMUR,Keruak,Setungkep Lingsar,AMAN
KABUPATEN LOMBOK  TIMUR,Keruak,Tanjung Luar,SIAGA
KABUPATEN LOMBOK  TIMUR,Jerowaru,Batu Nampar (Batunampar),AMAN
KABUPATEN LOMBOK  TIMUR,Jerowaru,Batunampar Selatan,AMAN
KABUPATEN LOMBOK  TIMUR,Jerowaru,Ekas Buana,AMAN
KABUPATEN LOMBOK  TIMUR,Jerowaru,Jerowaru,SIAGA
KABUPATEN LOMBOK  TIMUR,Jerowaru,Kwang Rundun,SIAGA
KABUPATEN LOMBOK  TIMUR,Jerowaru,Pandan Wangi,AMAN
KABUPATEN LOMBOK  TIMUR,Jerowaru,Pare Mas,AMAN
KABUPATEN LOMBOK  TIMUR,Jerowaru,Pemongkong,SIAGA
KABUPATEN LOMBOK  TIMUR,Jerowaru,Pene,AMAN
KABUPATEN LOMBOK  TIMUR,Jerowaru,Sekaroh,AMAN
KABUPATEN LOMBOK  TIMUR,Jerowaru,Sepapan,AMAN
KABUPATEN LOMBOK  TIMUR,Jerowaru,Seriwe,AMAN
KABUPATEN LOMBOK  TIMUR,Jerowaru,Sukadamai,SIAGA
KABUPATEN LOMBOK  TIMUR,Jerowaru,Sukaraja,SIAGA
KABUPATEN LOMBOK  TIMUR,Jerowaru,Wakan,AMAN
KABUPATEN LOMBOK  TIMUR,Aikmel,Aik Prapa,AMAN
KABUPATEN LOMBOK  TIMUR,Aikmel,Aikmel,SIAGA
KABUPATEN LOMBOK  TIMUR,Aikmel,Aikmel Barat,SIAGA
KABUPATEN LOMBOK  TIMUR,Aikmel,Aikmel Timur,SIAGA
KABUPATEN LOMBOK  TIMUR,Aikmel,Aikmel Utara,SIAGA
KABUPATEN LOMBOK  TIMUR,Aikmel,Bagik Nyaka Santri,SIAGA
KABUPATEN LOMBOK  TIMUR,Aikmel,Kalijaga,AMAN
KABUPATEN LOMBOK  TIMUR,Aikmel,Kalijaga Baru,AMAN
KABUPATEN LOMBOK  TIMUR,Aikmel,Kalijaga Selatan,AMAN
KABUPATEN LOMBOK  TIMUR,Aikmel,Kalijaga Tengah,AMAN
KABUPATEN LOMBOK  TIMUR,Aikmel,Kalijaga Timur,AMAN
KABUPATEN LOMBOK  TIMUR,Aikmel,Kembang Kerang,AMAN
KABUPATEN LOMBOK  TIMUR,Aikmel,Kembang Kerang Daya,AMAN
KABUPATEN LOMBOK  TIMUR,Aikmel,Keroya,AMAN
KABUPATEN LOMBOK  TIMUR,Aikmel,Lenek,SIAGA
KABUPATEN LOMBOK  TIMUR,Aikmel,Lenek Baru,AMAN
KABUPATEN LOMBOK  TIMUR,Aikmel,Lenek Daya,AMAN
KABUPATEN LOMBOK  TIMUR,Aikmel,Lenek Duren,AMAN
KABUPATEN LOMBOK  TIMUR,Aikmel,Lenek Kali Bambang,AMAN
KABUPATEN LOMBOK  TIMUR,Aikmel,Lenek Lauk (Lenek Lauq),SIAGA
KABUPATEN LOMBOK  TIMUR,Aikmel,Lenek Pasiraman (Lenek Pesiraman),SIAGA
KABUPATEN LOMBOK  TIMUR,Aikmel,Lenek Ramban Biak,SIAGA
KABUPATEN LOMBOK  TIMUR,Aikmel,Sukarema,SIAGA
KABUPATEN LOMBOK  TIMUR,Aikmel,Toya,AMAN
KABUPATEN LOMBOK  TENGAH,Pujut,Bangket Parak,SIAGA
KABUPATEN LOMBOK  TENGAH,Pujut,Gapura,SIAGA
KABUPATEN LOMBOK  TENGAH,Pujut,Kawo,SIAGA
KABUPATEN LOMBOK  TENGAH,Pujut,Ketara,WASPADA
KABUPATEN LOMBOK  TENGAH,Pujut,Kuta,WASPADA
KABUPATEN LOMBOK  TENGAH,Pujut,Mertak,SIAGA
KABUPATEN LOMBOK  TENGAH,Pujut,Pengembur,SIAGA
KABUPATEN LOMBOK  TENGAH,Pujut,Pengengat,SIAGA
KABUPATEN LOMBOK  TENGAH,Pujut,Prabu,SIAGA
KABUPATEN LOMBOK  TENGAH,Pujut,Rembitan,SIAGA
KABUPATEN LOMBOK  TENGAH,Pujut,Segala Anyar,SIAGA
KABUPATEN LOMBOK  TENGAH,Pujut,Sengkol,SIAGA
KABUPATEN LOMBOK  TENGAH,Pujut,Sukadana,SIAGA
KABUPATEN LOMBOK  TENGAH,Pujut,Tanak Awu,SIAGA
KABUPATEN LOMBOK  TENGAH,Pujut,Teruwai,SIAGA
KABUPATEN LOMBOK  TENGAH,Pujut,Tumpak,SIAGA
KABUPATEN LOMBOK  TENGAH,Pringgarata,Arjangka,SIAGA
KABUPATEN LOMBOK  TENGAH,Pringgarata,Bagu,SIAGA
KABUPATEN LOMBOK  TENGAH,Pringgarata,Bilebante,AMAN
KABUPATEN LOMBOK  TENGAH,Pringgarata,Menemeng,AMAN
KABUPATEN LOMBOK  TENGAH,Pringgarata,Murbaya,AMAN
KABUPATEN LOMBOK  TENGAH,Pringgarata,Pemepek,AMAN
KABUPATEN LOMBOK  TENGAH,Pringgarata,Pringarata,AMAN
KABUPATEN LOMBOK  TENGAH,Pringgarata,Sepakek,AMAN
KABUPATEN LOMBOK  TENGAH,Pringgarata,Sintung,AMAN
KABUPATEN LOMBOK  TENGAH,Pringgarata,Sisik,AMAN
KABUPATEN LOMBOK  TENGAH,Pringgarata,Taman Indah,SIAGA
KABUPATEN LOMBOK  TENGAH,Praya Timur,Beleka,BAHAYA
KABUPATEN LOMBOK  TENGAH,Praya Timur,Bilelando,WASPADA
KABUPATEN LOMBOK  TENGAH,Praya Timur,Ganti,SIAGA
KABUPATEN LOMBOK  TENGAH,Praya Timur,Kidang,SIAGA
KABUPATEN LOMBOK  TENGAH,Praya Timur,Landah,SIAGA
KABUPATEN LOMBOK  TENGAH,Praya Timur,Marong,SIAGA
KABUPATEN LOMBOK  TENGAH,Praya Timur,Mujur,WASPADA
KABUPATEN LOMBOK  TENGAH,Praya Timur,Semoyang,AMAN
KABUPATEN LOMBOK  TENGAH,Praya Timur,Sengkerang,AMAN
KABUPATEN LOMBOK  TENGAH,Praya Timur,Sukaraja,SIAGA
KABUPATEN LOMBOK  TENGAH,Praya Tengah,Batunyala,SIAGA
KABUPATEN LOMBOK  TENGAH,Praya Tengah,Beraim,AMAN
KABUPATEN LOMBOK  TENGAH,Praya Tengah,Dakung,AMAN
KABUPATEN LOMBOK  TENGAH,Praya Tengah,Gerantung,AMAN
KABUPATEN LOMBOK  TENGAH,Praya Tengah,Jontlak,SIAGA
KABUPATEN LOMBOK  TENGAH,Praya Tengah,Jurang Jaler,AMAN
KABUPATEN LOMBOK  TENGAH,Praya Tengah,Kelebuh,AMAN
KABUPATEN LOMBOK  TENGAH,Praya Tengah,Lajut,AMAN
KABUPATEN LOMBOK  TENGAH,Praya Tengah,Pejanggik,AMAN
KABUPATEN LOMBOK  TENGAH,Praya Tengah,Pengadang,AMAN
KABUPATEN LOMBOK  TENGAH,Praya Tengah,Prai Meke,AMAN
KABUPATEN LOMBOK  TENGAH,Praya Tengah,Sasake,AMAN
KABUPATEN LOMBOK  TENGAH,Praya Barat Daya,Batu Jangkih,SIAGA
KABUPATEN LOMBOK  TENGAH,Praya Barat Daya,Darek,AMAN
KABUPATEN LOMBOK  TENGAH,Praya Barat Daya,Kabul,AMAN
KABUPATEN LOMBOK  TENGAH,Praya Barat Daya,Montong Ajan,AMAN
KABUPATEN LOMBOK  TENGAH,Praya Barat Daya,Montong Sapah,AMAN
KABUPATEN LOMBOK  TENGAH,Praya Barat Daya,Pandan Indah,SIAGA
KABUPATEN LOMBOK  TENGAH,Praya Barat Daya,Pelambik,AMAN
KABUPATEN LOMBOK  TENGAH,Praya Barat Daya,Ranggagata,AMAN
KABUPATEN LOMBOK  TENGAH,Praya Barat Daya,Serage,AMAN
KABUPATEN LOMBOK  TENGAH,Praya Barat Daya,Teduh,AMAN
KABUPATEN LOMBOK  TENGAH,Praya Barat Daya,Ungga,SIAGA
KABUPATEN LOMBOK  TENGAH,Praya Barat,Banyu Urip,SIAGA
KABUPATEN LOMBOK  TENGAH,Praya Barat,Batujai,SIAGA
KABUPATEN LOMBOK  TENGAH,Praya Barat,Bonder,SIAGA
KABUPATEN LOMBOK  TENGAH,Praya Barat,Kateng,SIAGA
KABUPATEN LOMBOK  TENGAH,Praya Barat,Mangkung,AMAN
KABUPATEN LOMBOK  TENGAH,Praya Barat,Mekar Sari,AMAN
KABUPATEN LOMBOK  TENGAH,Praya Barat,Penujak,SIAGA
KABUPATEN LOMBOK  TENGAH,Praya Barat,Selong Blanak,AMAN
KABUPATEN LOMBOK  TENGAH,Praya Barat,Setanggor,AMAN
KABUPATEN LOMBOK  TENGAH,Praya Barat,Tanak Rarang,AMAN
KABUPATEN LOMBOK  TENGAH,Praya,Aik Mual,SIAGA
KABUPATEN LOMBOK  TENGAH,Praya,Bunut Baok,SIAGA
KABUPATEN LOMBOK  TENGAH,Praya,Gerunung,SIAGA
KABUPATEN LOMBOK  TENGAH,Praya,Gonjak,SIAGA
KABUPATEN LOMBOK  TENGAH,Praya,Jago,SIAGA
KABUPATEN LOMBOK  TENGAH,Praya,Leneng,WASPADA
KABUPATEN LOMBOK  TENGAH,Praya,Mekar Damai,SIAGA
KABUPATEN LOMBOK  TENGAH,Praya,Mertak Tombok,AMAN
KABUPATEN LOMBOK  TENGAH,Praya,Montong Terep,SIAGA
KABUPATEN LOMBOK  TENGAH,Praya,Panji Sari,SIAGA
KABUPATEN LOMBOK  TENGAH,Praya,Perapen,WASPADA
KABUPATEN LOMBOK  TENGAH,Praya,Praya,SIAGA
KABUPATEN LOMBOK  TENGAH,Praya,Renteng,WASPADA
KABUPATEN LOMBOK  TENGAH,Praya,Semayan,SIAGA
KABUPATEN LOMBOK  TENGAH,Praya,Tiwugalih,SIAGA
KABUPATEN LOMBOK  TENGAH,Kopang,Aik Bual,AMAN
KABUPATEN LOMBOK  TENGAH,Kopang,Bebuak,AMAN
KABUPATEN LOMBOK  TENGAH,Kopang,Darmaji,AMAN
KABUPATEN LOMBOK  TENGAH,Kopang,Dasan Baru,SIAGA
KABUPATEN LOMBOK  TENGAH,Kopang,Kopang Rembiga,SIAGA
KABUPATEN LOMBOK  TENGAH,Kopang,Lendang Are,SIAGA
KABUPATEN LOMBOK  TENGAH,Kopang,Monggas,AMAN
KABUPATEN LOMBOK  TENGAH,Kopang,Montong Gamang,AMAN
KABUPATEN LOMBOK  TENGAH,Kopang,Muncan,AMAN
KABUPATEN LOMBOK  TENGAH,Kopang,Semparu,SIAGA
KABUPATEN LOMBOK  TENGAH,Kopang,Wajageseng,AMAN
KABUPATEN LOMBOK  TENGAH,Jonggat,Barejulat,AMAN
KABUPATEN LOMBOK  TENGAH,Jonggat,Batu Tulis (Batutulis),SIAGA
KABUPATEN LOMBOK  TENGAH,Jonggat,Bonjeruk,SIAGA
KABUPATEN LOMBOK  TENGAH,Jonggat,Bunkate,AMAN
KABUPATEN LOMBOK  TENGAH,Jonggat,Gemel,AMAN
KABUPATEN LOMBOK  TENGAH,Jonggat,Jelantik,AMAN
KABUPATEN LOMBOK  TENGAH,Jonggat,Labulia,SIAGA
KABUPATEN LOMBOK  TENGAH,Jonggat,Nyerot,AMAN
KABUPATEN LOMBOK  TENGAH,Jonggat,Pengenjek,AMAN
KABUPATEN LOMBOK  TENGAH,Jonggat,Perina,SIAGA
KABUPATEN LOMBOK  TENGAH,Jonggat,Puyung,SIAGA
KABUPATEN LOMBOK  TENGAH,Jonggat,Sukarara,SIAGA
KABUPATEN LOMBOK  TENGAH,Jonggat,Ubung,SIAGA
KABUPATEN LOMBOK  TENGAH,Janapria,Bakan,AMAN
KABUPATEN LOMBOK  TENGAH,Janapria,Durian,AMAN
KABUPATEN LOMBOK  TENGAH,Janapria,Janapria,SIAGA
KABUPATEN LOMBOK  TENGAH,Janapria,Jango,AMAN
KABUPATEN LOMBOK  TENGAH,Janapria,Kerembong,AMAN
KABUPATEN LOMBOK  TENGAH,Janapria,Langko,AMAN
KABUPATEN LOMBOK  TENGAH,Janapria,Lekor,AMAN
KABUPATEN LOMBOK  TENGAH,Janapria,Loang Maka,AMAN
KABUPATEN LOMBOK  TENGAH,Janapria,Pendem,AMAN
KABUPATEN LOMBOK  TENGAH,Janapria,Saba,AMAN
KABUPATEN LOMBOK  TENGAH,Janapria,Selebung Rembiga,SIAGA
KABUPATEN LOMBOK  TENGAH,Janapria,Setuta,SIAGA
KABUPATEN LOMBOK  TENGAH,Batukliang Utara,Aik Berik,SIAGA
KABUPATEN LOMBOK  TENGAH,Batukliang Utara,Aik Bukak (Bukaq),AMAN
KABUPATEN LOMBOK  TENGAH,Batukliang Utara,Karang Sidemen,SIAGA
KABUPATEN LOMBOK  TENGAH,Batukliang Utara,Lantan,AMAN
KABUPATEN LOMBOK  TENGAH,Batukliang Utara,Mas-Mas,SIAGA
KABUPATEN LOMBOK  TENGAH,Batukliang Utara,Setiling,SIAGA
KABUPATEN LOMBOK  TENGAH,Batukliang Utara,Tanak Beak,SIAGA
KABUPATEN LOMBOK  TENGAH,Batukliang Utara,Teratak,SIAGA
KABUPATEN LOMBOK  TENGAH,Batukliang,Aik Darek,SIAGA
KABUPATEN LOMBOK  TENGAH,Batukliang,Barabali,SIAGA
KABUPATEN LOMBOK  TENGAH,Batukliang,Beber,AMAN
KABUPATEN LOMBOK  TENGAH,Batukliang,Bujak,AMAN
KABUPATEN LOMBOK  TENGAH,Batukliang,Mantang,SIAGA
KABUPATEN LOMBOK  TENGAH,Batukliang,Mekar Bersatu,AMAN
KABUPATEN LOMBOK  TENGAH,Batukliang,Pagutan,SIAGA
KABUPATEN LOMBOK  TENGAH,Batukliang,Peresak,SIAGA
KABUPATEN LOMBOK  TENGAH,Batukliang,Selebung,SIAGA
KABUPATEN LOMBOK  TENGAH,Batukliang,Tampak Siring,SIAGA
KABUPATEN LOMBOK  UTARA,tanjung,Jenggala,SIAGA
KABUPATEN LOMBOK  UTARA,tanjung,Medana,WASPADA
KABUPATEN LOMBOK  UTARA,tanjung,Sigar Penjalin (Pinjalin),AMAN
KABUPATEN LOMBOK  UTARA,tanjung,Sokong,AMAN
KABUPATEN LOMBOK  UTARA,tanjung,Tanjung,WASPADA
KABUPATEN LOMBOK  UTARA,tanjung,Tegal Maja,AMAN
KABUPATEN LOMBOK  UTARA,tanjung,Teniga,AMAN
KABUPATEN LOMBOK  UTARA,pemenang,Gili Indah,BAHAYA
KABUPATEN LOMBOK  UTARA,pemenang,Malaka,SIAGA
KABUPATEN LOMBOK  UTARA,pemenang,Pemenang Barat,WASPADA
KABUPATEN LOMBOK  UTARA,pemenang,Pemenang Timur,SIAGA
KABUPATEN LOMBOK  UTARA,kayangan,Dangiang,AMAN
KABUPATEN LOMBOK  UTARA,kayangan,Gumantar,AMAN
KABUPATEN LOMBOK  UTARA,kayangan,Kayangan,AMAN
KABUPATEN LOMBOK  UTARA,kayangan,Pendua,AMAN
KABUPATEN LOMBOK  UTARA,kayangan,Salut,AMAN
KABUPATEN LOMBOK  UTARA,kayangan,Santong,SIAGA
KABUPATEN LOMBOK  UTARA,kayangan,Selengen,AMAN
KABUPATEN LOMBOK  UTARA,kayangan,Sesait,AMAN
KABUPATEN LOMBOK  UTARA,gangga,Bentek,AMAN
KABUPATEN LOMBOK  UTARA,gangga,Genggelang,SIAGA
KABUPATEN LOMBOK  UTARA,gangga,Gondang,SIAGA
KABUPATEN LOMBOK  UTARA,gangga,Rempek,SIAGA
KABUPATEN LOMBOK  UTARA,gangga,Sambik Bangkol,AMAN
KABUPATEN LOMBOK  UTARA,bayan,Akat Akar (Akar Akar),AMAN
KABUPATEN LOMBOK  UTARA,bayan,Anyar,AMAN
KABUPATEN LOMBOK  UTARA,bayan,Bayan,SIAGA
KABUPATEN LOMBOK  UTARA,bayan,Karang Bajo,AMAN
KABUPATEN LOMBOK  UTARA,bayan,Loloan,AMAN
KABUPATEN LOMBOK  UTARA,bayan,Mumbul Sari,AMAN
KABUPATEN LOMBOK  UTARA,bayan,Sambik Elen,AMAN
KABUPATEN LOMBOK  UTARA,bayan,Senaru,SIAGA
KABUPATEN LOMBOK  UTARA,bayan,Sukadana,SIAGA
KABUPATEN SUMBAWA  BARAT,Taliwang,Arab Kenangan,SIAGA
KABUPATEN SUMBAWA  BARAT,Taliwang,Banjar,SIAGA
KABUPATEN SUMBAWA  BARAT,Taliwang,Batu Putih,SIAGA
KABUPATEN SUMBAWA  BARAT,Taliwang,Bugis,SIAGA
KABUPATEN SUMBAWA  BARAT,Taliwang,Dalam,WASPADA
KABUPATEN SUMBAWA  BARAT,Taliwang,Kuang,AMAN
KABUPATEN SUMBAWA  BARAT,Taliwang,Labuhan Kertasari (Labuan Kertasari),AMAN
KABUPATEN SUMBAWA  BARAT,Taliwang,Labuhan Lalar (Labuan Lalar),AMAN
KABUPATEN SUMBAWA  BARAT,Taliwang,Lalang Liang (Lalar Liang),AMAN
KABUPATEN SUMBAWA  BARAT,Taliwang,Menala,WASPADA
KABUPATEN SUMBAWA  BARAT,Taliwang,Sampir,WASPADA
KABUPATEN SUMBAWA  BARAT,Taliwang,Seloto,AMAN
KABUPATEN SUMBAWA  BARAT,Taliwang,Sermong,AMAN
KABUPATEN SUMBAWA  BARAT,Taliwang,Tamekan,AMAN
KABUPATEN SUMBAWA  BARAT,Taliwang,Telaga Bertong,WASPADA
KABUPATEN SUMBAWA  BARAT,Sekongkang,Ai Kangkung,AMAN
KABUPATEN SUMBAWA  BARAT,Sekongkang,Kemuning,AMAN
KABUPATEN SUMBAWA  BARAT,Sekongkang,Sekongkang Atas,SIAGA
KABUPATEN SUMBAWA  BARAT,Sekongkang,Sekongkang Bawah,SIAGA
KABUPATEN SUMBAWA  BARAT,Sekongkang,Talonang Baru (Talonang),SIAGA
KABUPATEN SUMBAWA  BARAT,Sekongkang,Tatar,AMAN
KABUPATEN SUMBAWA  BARAT,Sekongkang,UPT Tongo II SP.2,AMAN
KABUPATEN SUMBAWA  BARAT,Sekongkang,Tongo,AMAN
KABUPATEN SUMBAWA  BARAT,Sateluk (Seteluk),Air Suning,AMAN
KABUPATEN SUMBAWA  BARAT,Sateluk (Seteluk),Desaloka,AMAN
KABUPATEN SUMBAWA  BARAT,Sateluk (Seteluk),Kelanir,AMAN
KABUPATEN SUMBAWA  BARAT,Sateluk (Seteluk),Lamusung,AMAN
KABUPATEN SUMBAWA  BARAT,Sateluk (Seteluk),Meraran,AMAN
KABUPATEN SUMBAWA  BARAT,Sateluk (Seteluk),Rempe,AMAN
KABUPATEN SUMBAWA  BARAT,Sateluk (Seteluk),Seran,AMAN
KABUPATEN SUMBAWA  BARAT,Sateluk (Seteluk),Seteluk Atas,SIAGA
KABUPATEN SUMBAWA  BARAT,Sateluk (Seteluk),Seteluk Tengah,SIAGA
KABUPATEN SUMBAWA  BARAT,Sateluk (Seteluk),Tapir,SIAGA
KABUPATEN SUMBAWA  BARAT,Poto Tano,Kiantar,SIAGA
KABUPATEN SUMBAWA  BARAT,Poto Tano,Kokarlian,SIAGA
KABUPATEN SUMBAWA  BARAT,Poto Tano,Mantar,AMAN
KABUPATEN SUMBAWA  BARAT,Poto Tano,Poto Tano,SIAGA
KABUPATEN SUMBAWA  BARAT,Poto Tano,Senayan,SIAGA
KABUPATEN SUMBAWA  BARAT,Poto Tano,Tebo,SIAGA
KABUPATEN SUMBAWA  BARAT,Poto Tano,Tuananga,SIAGA
KABUPATEN SUMBAWA  BARAT,Poto Tano,UPT Tambak Sari (Tambak Sari),AMAN
KABUPATEN SUMBAWA  BARAT,Maluk,Benete,AMAN
KABUPATEN SUMBAWA  BARAT,Maluk,Bukit Damai,AMAN
KABUPATEN SUMBAWA  BARAT,Maluk,Maluk,SIAGA
KABUPATEN SUMBAWA  BARAT,Maluk,Mantun,AMAN
KABUPATEN SUMBAWA  BARAT,Maluk,Pasir Putih,AMAN
KABUPATEN SUMBAWA  BARAT,Jereweh,Belo,SIAGA
KABUPATEN SUMBAWA  BARAT,Jereweh,Beru,AMAN
KABUPATEN SUMBAWA  BARAT,Jereweh,Dasan Anyar,SIAGA
KABUPATEN SUMBAWA  BARAT,Jereweh,Goa,SIAGA
KABUPATEN SUMBAWA  BARAT,Brang Rea,Bangkat Monteh (Bangkat Monte),AMAN
KABUPATEN SUMBAWA  BARAT,Brang Rea,Desa Beru,AMAN
KABUPATEN SUMBAWA  BARAT,Brang Rea,Lamuntet,SIAGA
KABUPATEN SUMBAWA  BARAT,Brang Rea,Moteng,AMAN
KABUPATEN SUMBAWA  BARAT,Brang Rea,Rarak Ronges,AMAN
KABUPATEN SUMBAWA  BARAT,Brang Rea,Sapugara Bree,AMAN
KABUPATEN SUMBAWA  BARAT,Brang Rea,Seminar Salit,SIAGA
KABUPATEN SUMBAWA  BARAT,Brang Rea,Tepas,SIAGA
KABUPATEN SUMBAWA  BARAT,Brang Rea,Tepas Sepakat,SIAGA
KABUPATEN SUMBAWA  BARAT,Brang Ene,Kalimantong,AMAN
KABUPATEN SUMBAWA  BARAT,Brang Ene,Lampok,SIAGA
KABUPATEN SUMBAWA  BARAT,Brang Ene,Manemeng,AMAN
KABUPATEN SUMBAWA  BARAT,Brang Ene,Mataiyang,SIAGA
KABUPATEN SUMBAWA  BARAT,Brang Ene,Mujahiddin,AMAN
KABUPATEN SUMBAWA  BARAT,Brang Ene,Mura,SIAGA
KABUPATEN SUMBAWA,Utan,Bale Brang,AMAN
KABUPATEN SUMBAWA,Utan,Jorok,AMAN
KABUPATEN SUMBAWA,Utan,Labuhan Bajo (Labuan Bajo),SIAGA
KABUPATEN SUMBAWA,Utan,Motong,AMAN
KABUPATEN SUMBAWA,Utan,Orong Bawa,AMAN
KABUPATEN SUMBAWA,Utan,Pukat,SIAGA
KABUPATEN SUMBAWA,Utan,Sebedo (Sabedo),AMAN
KABUPATEN SUMBAWA,Utan,Stowe Brang,SIAGA
KABUPATEN SUMBAWA,Utan,Tengah,SIAGA
KABUPATEN SUMBAWA,Unter Iwes (Unterwiris),Boak,AMAN
KABUPATEN SUMBAWA,Unter Iwes (Unterwiris),Jorok,SIAGA
KABUPATEN SUMBAWA,Unter Iwes (Unterwiris),Kerato,AMAN
KABUPATEN SUMBAWA,Unter Iwes (Unterwiris),Kerekeh,AMAN
KABUPATEN SUMBAWA,Unter Iwes (Unterwiris),Nijang,SIAGA
KABUPATEN SUMBAWA,Unter Iwes (Unterwiris),Pelat,AMAN
KABUPATEN SUMBAWA,Unter Iwes (Unterwiris),Pungka,SIAGA
KABUPATEN SUMBAWA,Unter Iwes (Unterwiris),Uma Beringin,AMAN
KABUPATEN SUMBAWA,Tarano,Banda,SIAGA
KABUPATEN SUMBAWA,Tarano,Bantulante,SIAGA
KABUPATEN SUMBAWA,Tarano,Labuhan Aji,SIAGA
KABUPATEN SUMBAWA,Tarano,Labuhan Bontong,AMAN
KABUPATEN SUMBAWA,Tarano,Labuhan Jambu,SIAGA
KABUPATEN SUMBAWA,Tarano,Labuhan Pidang,AMAN
KABUPATEN SUMBAWA,Tarano,Mata,SIAGA
KABUPATEN SUMBAWA,Tarano,Tolo Oi,SIAGA
KABUPATEN SUMBAWA,Sumbawa,Brang Bara,SIAGA
KABUPATEN SUMBAWA,Sumbawa,Brang Biji,SIAGA
KABUPATEN SUMBAWA,Sumbawa,Bugis,SIAGA
KABUPATEN SUMBAWA,Sumbawa,Lempeh,SIAGA
KABUPATEN SUMBAWA,Sumbawa,Pekat,SIAGA
KABUPATEN SUMBAWA,Sumbawa,Samapuin,SIAGA
KABUPATEN SUMBAWA,Sumbawa,Seketeng,AMAN
KABUPATEN SUMBAWA,Sumbawa,Uma Sima,AMAN
KABUPATEN SUMBAWA,Ropang,Lawin,SIAGA
KABUPATEN SUMBAWA,Ropang,Lebangkar,SIAGA
KABUPATEN SUMBAWA,Ropang,Lebin,SIAGA
KABUPATEN SUMBAWA,Ropang,Ranan,AMAN
KABUPATEN SUMBAWA,Ropang,Ropang,SIAGA
KABUPATEN SUMBAWA,Rhee,Luk,AMAN
KABUPATEN SUMBAWA,Rhee,Rhee,AMAN
KABUPATEN SUMBAWA,Rhee,Rhee Loka,AMAN
KABUPATEN SUMBAWA,Rhee,Sampe,SIAGA
KABUPATEN SUMBAWA,Plampang,Brang Kolong,AMAN
KABUPATEN SUMBAWA,Plampang,Muer,SIAGA
KABUPATEN SUMBAWA,Plampang,Plampang,SIAGA
KABUPATEN SUMBAWA,Plampang,Selanteh (Selante),SIAGA
KABUPATEN SUMBAWA,Plampang,Sepakat,SIAGA
KABUPATEN SUMBAWA,Plampang,Sepayung,AMAN
KABUPATEN SUMBAWA,Plampang,Teluk Santong,SIAGA
KABUPATEN SUMBAWA,Plampang,UPT Perode SP III (Sp III Prode / Perode),AMAN
KABUPATEN SUMBAWA,Plampang,UPT. Perode SP I (Sp I Prode / Perode),AMAN
KABUPATEN SUMBAWA,Plampang,UPT. Perode SP II (Sp II Prode / Perode),AMAN
KABUPATEN SUMBAWA,Plampang,Usar,SIAGA
KABUPATEN SUMBAWA,Orong Telu,Kelawis,SIAGA
KABUPATEN SUMBAWA,Orong Telu,Mungkin,AMAN
KABUPATEN SUMBAWA,Orong Telu,Sebeok,AMAN
KABUPATEN SUMBAWA,Orong Telu,Senawang,AMAN
KABUPATEN SUMBAWA,Moyo Utara,Baru Tahan,AMAN
KABUPATEN SUMBAWA,Moyo Utara,Kukin,AMAN
KABUPATEN SUMBAWA,Moyo Utara,Penyaring,AMAN
KABUPATEN SUMBAWA,Moyo Utara,Pungkit,AMAN
KABUPATEN SUMBAWA,Moyo Utara,Sebewe,AMAN
KABUPATEN SUMBAWA,Moyo Utara,Songkar,SIAGA
KABUPATEN SUMBAWA,Moyo Hulu,Batu Bulan (Batubulan),SIAGA
KABUPATEN SUMBAWA,Moyo Hulu,Batu Tering (Batutering),SIAGA
KABUPATEN SUMBAWA,Moyo Hulu,Brang Rea (Berang Rea),SIAGA
KABUPATEN SUMBAWA,Moyo Hulu,Leseng,SIAGA
KABUPATEN SUMBAWA,Moyo Hulu,Lito,AMAN
KABUPATEN SUMBAWA,Moyo Hulu,Maman,AMAN
KABUPATEN SUMBAWA,Moyo Hulu,Marga Karya,AMAN
KABUPATEN SUMBAWA,Moyo Hulu,Mokong,AMAN
KABUPATEN SUMBAWA,Moyo Hulu,Pernek,AMAN
KABUPATEN SUMBAWA,Moyo Hulu,Sebasang,AMAN
KABUPATEN SUMBAWA,Moyo Hulu,Semamung,AMAN
KABUPATEN SUMBAWA,Moyo Hulu,Sempe,SIAGA
KABUPATEN SUMBAWA,Moyo Hulu,UPT. Brang Lamar,AMAN
KABUPATEN SUMBAWA,Moyo Hilir,Batu Bangka,SIAGA
KABUPATEN SUMBAWA,Moyo Hilir,Berare,SIAGA
KABUPATEN SUMBAWA,Moyo Hilir,Kakiang,SIAGA
KABUPATEN SUMBAWA,Moyo Hilir,Labuhan Ijuk,AMAN
KABUPATEN SUMBAWA,Moyo Hilir,Moyo,SIAGA
KABUPATEN SUMBAWA,Moyo Hilir,Moyo Mekar,SIAGA
KABUPATEN SUMBAWA,Moyo Hilir,Ngeru,SIAGA
KABUPATEN SUMBAWA,Moyo Hilir,Olat Rawa,SIAGA
KABUPATEN SUMBAWA,Moyo Hilir,Poto,SIAGA
KABUPATEN SUMBAWA,Moyo Hilir,Serading,AMAN
KABUPATEN SUMBAWA,Maronge,Labuhan Sangoro,AMAN
KABUPATEN SUMBAWA,Maronge,Maronge,AMAN
KABUPATEN SUMBAWA,Maronge,Pamasar (Pemasar),AMAN
KABUPATEN SUMBAWA,Maronge,Simu,SIAGA
KABUPATEN SUMBAWA,Lunyuk,Emang Lestari,SIAGA
KABUPATEN SUMBAWA,Lunyuk,Jamu,AMAN
KABUPATEN SUMBAWA,Lunyuk,Lunyuk Ode,AMAN
KABUPATEN SUMBAWA,Lunyuk,Lunyuk Rea,SIAGA
KABUPATEN SUMBAWA,Lunyuk,Pada Suka,SIAGA
KABUPATEN SUMBAWA,Lunyuk,Perung,SIAGA
KABUPATEN SUMBAWA,Lunyuk,Suka Maju,AMAN
KABUPATEN SUMBAWA,Lopok,Berora,SIAGA
KABUPATEN SUMBAWA,Lopok,Langam,AMAN
KABUPATEN SUMBAWA,Lopok,Lopok,SIAGA
KABUPATEN SUMBAWA,Lopok,Lopok Beru,SIAGA
KABUPATEN SUMBAWA,Lopok,Mamak (Mama),AMAN
KABUPATEN SUMBAWA,Lopok,Pungkit,AMAN
KABUPATEN SUMBAWA,Lopok,Tatede,SIAGA
KABUPATEN SUMBAWA,Lenangguar,Ledang,SIAGA
KABUPATEN SUMBAWA,Lenangguar,Lenangguar,AMAN
KABUPATEN SUMBAWA,Lenangguar,Tatebal,AMAN
KABUPATEN SUMBAWA,Lenangguar,Telaga,AMAN
KABUPATEN SUMBAWA,Lape (Lape Lopok),Dete,AMAN
KABUPATEN SUMBAWA,Lape (Lape Lopok),Hijrah,AMAN
KABUPATEN SUMBAWA,Lape (Lape Lopok),Labuhan Kuris (Labuan Kuris),AMAN
KABUPATEN SUMBAWA,Lape (Lape Lopok),Lape,SIAGA
KABUPATEN SUMBAWA,Lantung,Ai Mual,SIAGA
KABUPATEN SUMBAWA,Lantung,Lantung,AMAN
KABUPATEN SUMBAWA,Lantung,Padesa,AMAN
KABUPATEN SUMBAWA,Lantung,Sepukur,AMAN
KABUPATEN SUMBAWA,Labuhan Badas,Bajo Medang,SIAGA
KABUPATEN SUMBAWA,Labuhan Badas,Bugis Medang,SIAGA
KABUPATEN SUMBAWA,Labuhan Badas,Karang Dima,AMAN
KABUPATEN SUMBAWA,Labuhan Badas,Labuhan Aji (Labuan Aji),SIAGA
KABUPATEN SUMBAWA,Labuhan Badas,Labuhan Badas,WASPADA
KABUPATEN SUMBAWA,Labuhan Badas,Labuhan Sumbawa (Labuan Sumbawa),SIAGA
KABUPATEN SUMBAWA,Labuhan Badas,Sebotok,AMAN
KABUPATEN SUMBAWA,Labangka,Jaya Makmur,AMAN
KABUPATEN SUMBAWA,Labangka,Labangka,AMAN
KABUPATEN SUMBAWA,Labangka,Sekokat,AMAN
KABUPATEN SUMBAWA,Labangka,Suka Damai,SIAGA
KABUPATEN SUMBAWA,Labangka,Suka Mulya,SIAGA
KABUPATEN SUMBAWA,Empang,Boal,SIAGA
KABUPATEN SUMBAWA,Empang,Bunga Eja,AMAN
KABUPATEN SUMBAWA,Empang,Empang Atas,SIAGA
KABUPATEN SUMBAWA,Empang,Empang Bawa (Empang Bawah),SIAGA
KABUPATEN SUMBAWA,Empang,Gapit,AMAN
KABUPATEN SUMBAWA,Empang,Jotang,AMAN
KABUPATEN SUMBAWA,Empang,Jotang Beru,AMAN
KABUPATEN SUMBAWA,Empang,Lamenta,AMAN
KABUPATEN SUMBAWA,Empang,Ongko,AMAN
KABUPATEN SUMBAWA,Empang,Pamanto,AMAN
KABUPATEN SUMBAWA,Buer,Buin Baru,AMAN
KABUPATEN SUMBAWA,Buer,Juru Mapin,SIAGA
KABUPATEN SUMBAWA,Buer,Kalabeso,SIAGA
KABUPATEN SUMBAWA,Buer,Labuhan Burung,WASPADA
KABUPATEN SUMBAWA,Buer,Pulau Kaung,SIAGA
KABUPATEN SUMBAWA,Buer,Tarusa,SIAGA
KABUPATEN SUMBAWA,Batu Lanteh (Batulanteh),Bao Desa,SIAGA
KABUPATEN SUMBAWA,Batu Lanteh (Batulanteh),Batu Dulang (Batudulang),AMAN
KABUPATEN SUMBAWA,Batu Lanteh (Batulanteh),Batu Rotok (Baturotok),AMAN
KABUPATEN SUMBAWA,Batu Lanteh (Batulanteh),Kelungkung,SIAGA
KABUPATEN SUMBAWA,Batu Lanteh (Batulanteh),Tangkam Pulit (Tangkampulit / Tangkan Pulit),AMAN
KABUPATEN SUMBAWA,Batu Lanteh (Batulanteh),Tepal,AMAN
KABUPATEN SUMBAWA,Alas Barat,Gontar,SIAGA
KABUPATEN SUMBAWA,Alas Barat,Gontar Baru,AMAN
KABUPATEN SUMBAWA,Alas Barat,Labuhan Mapin (Labuan Mapin),AMAN
KABUPATEN SUMBAWA,Alas Barat,Lekong,AMAN
KABUPATEN SUMBAWA,Alas Barat,Mapin Beru (Mapin Baru),AMAN
KABUPATEN SUMBAWA,Alas Barat,Mapin Kebak,AMAN
KABUPATEN SUMBAWA,Alas Barat,Mapin Rea,SIAGA
KABUPATEN SUMBAWA,Alas Barat,Usar Mapin,AMAN
KABUPATEN SUMBAWA,Alas,Baru,WASPADA
KABUPATEN SUMBAWA,Alas,Dalam,SIAGA
KABUPATEN SUMBAWA,Alas,Juran Alas (Juranalas),WASPADA
KABUPATEN SUMBAWA,Alas,Kalimango,WASPADA
KABUPATEN SUMBAWA,Alas,Labuhan Alas,SIAGA
KABUPATEN SUMBAWA,Alas,Luar,SIAGA
KABUPATEN SUMBAWA,Alas,Marente (Marenteh),SIAGA
KABUPATEN SUMBAWA,Alas,Pulau Bungin,AMAN
KABUPATEN DOMPU,Woja,Baka Jaya,SIAGA
KABUPATEN DOMPU,Woja,Bara,SIAGA
KABUPATEN DOMPU,Woja,Kandai II,AMAN
KABUPATEN DOMPU,Woja,Mada Prama,AMAN
KABUPATEN DOMPU,Woja,Matua,AMAN
KABUPATEN DOMPU,Woja,Monta Baru,AMAN
KABUPATEN DOMPU,Woja,Mumbu,AMAN
KABUPATEN DOMPU,Woja,Nowa,AMAN
KABUPATEN DOMPU,Woja,Raba Baka,AMAN
KABUPATEN DOMPU,Woja,Riwo,AMAN
KABUPATEN DOMPU,Woja,Saneo,AMAN
KABUPATEN DOMPU,Woja,Sera Kapi,AMAN
KABUPATEN DOMPU,Woja,Simpasai,AMAN
KABUPATEN DOMPU,Woja,Wawonduru,SIAGA
KABUPATEN DOMPU,Pekat,Beringin Jaya,AMAN
KABUPATEN DOMPU,Pekat,Calabai,AMAN
KABUPATEN DOMPU,Pekat,Doro Peti,AMAN
KABUPATEN DOMPU,Pekat,Kadindi,AMAN
KABUPATEN DOMPU,Pekat,Kadindi Barat,SIAGA
KABUPATEN DOMPU,Pekat,Karombo,AMAN
KABUPATEN DOMPU,Pekat,Nangakara,SIAGA
KABUPATEN DOMPU,Pekat,Nangamiro,AMAN
KABUPATEN DOMPU,Pekat,Pekat,SIAGA
KABUPATEN DOMPU,Pekat,Sori Nomo,AMAN
KABUPATEN DOMPU,Pekat,Sori Tatanga,SIAGA
KABUPATEN DOMPU,Pekat,Tambora,AMAN
KABUPATEN DOMPU,Pajo,Jambu,AMAN
KABUPATEN DOMPU,Pajo,Lepadi,AMAN
KABUPATEN DOMPU,Pajo,Lune,AMAN
KABUPATEN DOMPU,Pajo,Ranggo,AMAN
KABUPATEN DOMPU,Pajo,Tembal Lae,SIAGA
KABUPATEN DOMPU,Pajo,Woko,AMAN
KABUPATEN DOMPU,Manggalewa,Anamina,AMAN
KABUPATEN DOMPU,Manggalewa,Banggo,AMAN
KABUPATEN DOMPU,Manggalewa,Doromelo,SIAGA
KABUPATEN DOMPU,Manggalewa,Kampasi Meci,AMAN
KABUPATEN DOMPU,Manggalewa,Kwangko,SIAGA
KABUPATEN DOMPU,Manggalewa,Lanci Jaya,SIAGA
KABUPATEN DOMPU,Manggalewa,Nangatumpu,AMAN
KABUPATEN DOMPU,Manggalewa,Nusa Jaya,WASPADA
KABUPATEN DOMPU,Manggalewa,Soriutu,AMAN
KABUPATEN DOMPU,Manggalewa,Suka Damai,SIAGA
KABUPATEN DOMPU,Manggalewa,Tanju,AMAN
KABUPATEN DOMPU,Manggalewa,Teka Sire,SIAGA
KABUPATEN DOMPU,Kilo,Karama (Kramat 2 / Keramat),AMAN
KABUPATEN DOMPU,Kilo,Kiwu,SIAGA
KABUPATEN DOMPU,Kilo,Lasi,AMAN
KABUPATEN DOMPU,Kilo,Malaju,SIAGA
KABUPATEN DOMPU,Kilo,Mbuju,AMAN
KABUPATEN DOMPU,Kilo,Taropo,AMAN
KABUPATEN DOMPU,Kempo,Doro Kobo,SIAGA
KABUPATEN DOMPU,Kempo,Kempo,SIAGA
KABUPATEN DOMPU,Kempo,Konte,AMAN
KABUPATEN DOMPU,Kempo,Songgaja,SIAGA
KABUPATEN DOMPU,Kempo,Soro,SIAGA
KABUPATEN DOMPU,Kempo,Soro Barat,SIAGA
KABUPATEN DOMPU,Kempo,Ta'a,AMAN
KABUPATEN DOMPU,Kempo,Tolo Kalo,AMAN
KABUPATEN DOMPU,Hu'u,Adu,AMAN
KABUPATEN DOMPU,Hu'u,Cempi Jaya,SIAGA
KABUPATEN DOMPU,Hu'u,Daha,SIAGA
KABUPATEN DOMPU,Hu'u,Hu'u,WASPADA
KABUPATEN DOMPU,Hu'u,Jala,AMAN
KABUPATEN DOMPU,Hu'u,Merada,SIAGA
KABUPATEN DOMPU,Hu'u,Rasa Bou,AMAN
KABUPATEN DOMPU,Hu'u,Sawe,AMAN
KABUPATEN DOMPU,Dompu,Bada,AMAN
KABUPATEN DOMPU,Dompu,Bali,SIAGA
KABUPATEN DOMPU,Dompu,Dora Tangga,AMAN
KABUPATEN DOMPU,Dompu,Dore Bara,SIAGA
KABUPATEN DOMPU,Dompu,Kandai I,AMAN
KABUPATEN DOMPU,Dompu,Karamabura,SIAGA
KABUPATEN DOMPU,Dompu,Kareke,SIAGA
KABUPATEN DOMPU,Dompu,Karijawa,WASPADA
KABUPATEN DOMPU,Dompu,Katua,SIAGA
KABUPATEN DOMPU,Dompu,Mangge Nae,AMAN
KABUPATEN DOMPU,Dompu,Manggeasi,SIAGA
KABUPATEN DOMPU,Dompu,Mbawi,AMAN
KABUPATEN DOMPU,Dompu,O'o,AMAN
KABUPATEN DOMPU,Dompu,Potu,WASPADA
KABUPATEN DOMPU,Dompu,Sori Sakolo,AMAN
KABUPATEN BIMA,Woha,Dadibou,SIAGA
KABUPATEN BIMA,Woha,Donggobolo,SIAGA
KABUPATEN BIMA,Woha,Kalampa,SIAGA
KABUPATEN BIMA,Woha,Keli,SIAGA
KABUPATEN BIMA,Woha,Naru,SIAGA
KABUPATEN BIMA,Woha,Nisa,SIAGA
KABUPATEN BIMA,Woha,Pandai,SIAGA
KABUPATEN BIMA,Woha,Penapali,SIAGA
KABUPATEN BIMA,Woha,Rabakodo,SIAGA
KABUPATEN BIMA,Woha,Risa,SIAGA
KABUPATEN BIMA,Woha,Samili,SIAGA
KABUPATEN BIMA,Woha,Talabiu,WASPADA
KABUPATEN BIMA,Woha,Tenga,SIAGA
KABUPATEN BIMA,Woha,Tente,WASPADA
KABUPATEN BIMA,Woha,Waduwani,AMAN
KABUPATEN BIMA,Wera,Bala,AMAN
KABUPATEN BIMA,Wera,Hadirasa,AMAN
KABUPATEN BIMA,Wera,Kalajena,AMAN
KABUPATEN BIMA,Wera,Mandala,AMAN
KABUPATEN BIMA,Wera,Nanga Wera,AMAN
KABUPATEN BIMA,Wera,Ntoke,AMAN
KABUPATEN BIMA,Wera,Nunggi,AMAN
KABUPATEN BIMA,Wera,Oi Tui,AMAN
KABUPATEN BIMA,Wera,Pai,AMAN
KABUPATEN BIMA,Wera,Ranggasolo,SIAGA
KABUPATEN BIMA,Wera,Sangiang,SIAGA
KABUPATEN BIMA,Wera,Tadewa,SIAGA
KABUPATEN BIMA,Wera,Tawali,SIAGA
KABUPATEN BIMA,Wera,Wora,SIAGA
KABUPATEN BIMA,Wawo,Kambilo,SIAGA
KABUPATEN BIMA,Wawo,Kombo,SIAGA
KABUPATEN BIMA,Wawo,Maria,SIAGA
KABUPATEN BIMA,Wawo,Maria Utara,AMAN
KABUPATEN BIMA,Wawo,Ntori,SIAGA
KABUPATEN BIMA,Wawo,Pesa,SIAGA
KABUPATEN BIMA,Wawo,Raba,SIAGA
KABUPATEN BIMA,Wawo,Rianmau,AMAN
KABUPATEN BIMA,Wawo,Tarlawi,SIAGA
KABUPATEN BIMA,Tambora,Kawinda Nae,SIAGA
KABUPATEN BIMA,Tambora,Kawinda Toi,AMAN
KABUPATEN BIMA,Tambora,Labuhan Kenanga,AMAN
KABUPATEN BIMA,Tambora,Oi Bura,SIAGA
KABUPATEN BIMA,Tambora,Oi Katupa,SIAGA
KABUPATEN BIMA,Tambora,Oi Panihi,SIAGA
KABUPATEN BIMA,Tambora,UPT Tambora,AMAN
KABUPATEN BIMA,Tambora,Rasabou,AMAN
KABUPATEN BIMA,Soromandi,Bajo,SIAGA
KABUPATEN BIMA,Soromandi,Kanata,AMAN
KABUPATEN BIMA,Soromandi,Lewintana,SIAGA
KABUPATEN BIMA,Soromandi,Punti,SIAGA
KABUPATEN BIMA,Soromandi,Sai,AMAN
KABUPATEN BIMA,Soromandi,Sampungu,AMAN
KABUPATEN BIMA,Soromandi,Wadukopa,SIAGA
KABUPATEN BIMA,Sape,Bajo Pulo,SIAGA
KABUPATEN BIMA,Sape,Boke,SIAGA
KABUPATEN BIMA,Sape,Bugis,AMAN
KABUPATEN BIMA,Sape,Buncu,AMAN
KABUPATEN BIMA,Sape,Jia,AMAN
KABUPATEN BIMA,Sape,Kowo,AMAN
KABUPATEN BIMA,Sape,Lamera,AMAN
KABUPATEN BIMA,Sape,Na'e,AMAN
KABUPATEN BIMA,Sape,Naru,AMAN
KABUPATEN BIMA,Sape,Naru Barat,AMAN
KABUPATEN BIMA,Sape,Oi Maci,AMAN
KABUPATEN BIMA,Sape,Parangina,WASPADA
KABUPATEN BIMA,Sape,Poja,AMAN
KABUPATEN BIMA,Sape,Rai O'i,AMAN
KABUPATEN BIMA,Sape,Rasabou,SIAGA
KABUPATEN BIMA,Sape,Sangia,SIAGA
KABUPATEN BIMA,Sape,Sari,SIAGA
KABUPATEN BIMA,Sape,Tanah Putih,SIAGA
KABUPATEN BIMA,Sanggar,Boro,SIAGA
KABUPATEN BIMA,Sanggar,Kore,WASPADA
KABUPATEN BIMA,Sanggar,Oi Saro,SIAGA
KABUPATEN BIMA,Sanggar,Piong,AMAN
KABUPATEN BIMA,Sanggar,Sandue,AMAN
KABUPATEN BIMA,Sanggar,Taloko,SIAGA
KABUPATEN BIMA,Parado,Kanca,SIAGA
KABUPATEN BIMA,Parado,Kuta,SIAGA
KABUPATEN BIMA,Parado,Lere,AMAN
KABUPATEN BIMA,Parado,Parado Rato (Paradorato),WASPADA
KABUPATEN BIMA,Parado,Parado Wane (Paradowane),AMAN
KABUPATEN BIMA,Palibelo,Belo,SIAGA
KABUPATEN BIMA,Palibelo,Bre,SIAGA
KABUPATEN BIMA,Palibelo,Dore,SIAGA
KABUPATEN BIMA,Palibelo,Nata,AMAN
KABUPATEN BIMA,Palibelo,Ntonggu,SIAGA
KABUPATEN BIMA,Palibelo,Padolo,SIAGA
KABUPATEN BIMA,Palibelo,Panda,SIAGA
KABUPATEN BIMA,Palibelo,Ragi,SIAGA
KABUPATEN BIMA,Palibelo,Roi,SIAGA
KABUPATEN BIMA,Palibelo,Teke,SIAGA
KABUPATEN BIMA,Palibelo,Tolongondoa,AMAN
KABUPATEN BIMA,Palibelo,Tonggorisa,SIAGA
KABUPATEN BIMA,Monta,Baralau,AMAN
KABUPATEN BIMA,Monta,Monta,SIAGA
KABUPATEN BIMA,Monta,Nontotera,SIAGA
KABUPATEN BIMA,Monta,Pela,SIAGA
KABUPATEN BIMA,Monta,Sakuru (Sekuru),SIAGA
KABUPATEN BIMA,Monta,Sie,AMAN
KABUPATEN BIMA,Monta,Simpasai,AMAN
KABUPATEN BIMA,Monta,Sondo,SIAGA
KABUPATEN BIMA,Monta,Tangga,SIAGA
KABUPATEN BIMA,Monta,Tangga Baru,SIAGA
KABUPATEN BIMA,Monta,Tolotangga,SIAGA
KABUPATEN BIMA,Monta,Tolouwi,SIAGA
KABUPATEN BIMA,Monta,Waro,AMAN
KABUPATEN BIMA,Monta,Wilamaci,AMAN
KABUPATEN BIMA,Madapangga,Bolo,SIAGA
KABUPATEN BIMA,Madapangga,Campa,SIAGA
KABUPATEN BIMA,Madapangga,Dena,AMAN
KABUPATEN BIMA,Madapangga,Madawau (Mandawau),AMAN
KABUPATEN BIMA,Madapangga,Monggo,SIAGA
KABUPATEN BIMA,Madapangga,Mpuri,AMAN
KABUPATEN BIMA,Madapangga,Ncandi,SIAGA
KABUPATEN BIMA,Madapangga,Ndano,AMAN
KABUPATEN BIMA,Madapangga,Rade,SIAGA
KABUPATEN BIMA,Madapangga,Tonda,AMAN
KABUPATEN BIMA,Madapangga,Woro,WASPADA
KABUPATEN BIMA,Langgudu,Doro Oo (Doro O'o),SIAGA
KABUPATEN BIMA,Langgudu,Dumu,SIAGA
KABUPATEN BIMA,Langgudu,Kalodu,SIAGA
KABUPATEN BIMA,Langgudu,Kangga,AMAN
KABUPATEN BIMA,Langgudu,Karampi,SIAGA
KABUPATEN BIMA,Langgudu,Karumbu,AMAN
KABUPATEN BIMA,Langgudu,Kawuwu,SIAGA
KABUPATEN BIMA,Langgudu,Laju,SIAGA
KABUPATEN BIMA,Langgudu,Pusu,SIAGA
KABUPATEN BIMA,Langgudu,Rompo,SIAGA
KABUPATEN BIMA,Langgudu,Rupe,SIAGA
KABUPATEN BIMA,Langgudu,Sambane,AMAN
KABUPATEN BIMA,Langgudu,Sarae Ruma,AMAN
KABUPATEN BIMA,Langgudu,Waduruka,AMAN
KABUPATEN BIMA,Langgudu,Waworada,AMAN
KABUPATEN BIMA,Lambu,Hidirasa,AMAN
KABUPATEN BIMA,Lambu,Kaleo,AMAN
KABUPATEN BIMA,Lambu,Lambu,AMAN
KABUPATEN BIMA,Lambu,Lanta,AMAN
KABUPATEN BIMA,Lambu,Lanta Barat (Lauta Barat),SIAGA
KABUPATEN BIMA,Lambu,Mangge,AMAN
KABUPATEN BIMA,Lambu,Melayu,SIAGA
KABUPATEN BIMA,Lambu,Monta Baru,SIAGA
KABUPATEN BIMA,Lambu,Nggelu,SIAGA
KABUPATEN BIMA,Lambu,Rato,SIAGA
KABUPATEN BIMA,Lambu,Sangga,WASPADA
KABUPATEN BIMA,Lambu,Simpasai,SIAGA
KABUPATEN BIMA,Lambu,Soro,SIAGA
KABUPATEN BIMA,Lambu,Sumi,SIAGA
KABUPATEN BIMA,Lambitu,Ka'owa,SIAGA
KABUPATEN BIMA,Lambitu,Kabaro,AMAN
KABUPATEN BIMA,Lambitu,Kuta,SIAGA
KABUPATEN BIMA,Lambitu,Londu,SIAGA
KABUPATEN BIMA,Lambitu,Sambori,SIAGA
KABUPATEN BIMA,Lambitu,Teta,SIAGA
KABUPATEN BIMA,Donggo,Bumi Pajo,SIAGA
KABUPATEN BIMA,Donggo,Dori Dungga,AMAN
KABUPATEN BIMA,Donggo,Kala,AMAN
KABUPATEN BIMA,Donggo,Mbawa,SIAGA
KABUPATEN BIMA,Donggo,Mpili,SIAGA
KABUPATEN BIMA,Donggo,Ndano Na'e,AMAN
KABUPATEN BIMA,Donggo,O'o,SIAGA
KABUPATEN BIMA,Donggo,Palama,SIAGA
KABUPATEN BIMA,Donggo,Rora,SIAGA
KABUPATEN BIMA,Bolo,Bontokape,SIAGA
KABUPATEN BIMA,Bolo,Darussalam,AMAN
KABUPATEN BIMA,Bolo,Kananga,AMAN
KABUPATEN BIMA,Bolo,Kara,SIAGA
KABUPATEN BIMA,Bolo,Leu,AMAN
KABUPATEN BIMA,Bolo,Nggembe,AMAN
KABUPATEN BIMA,Bolo,Rada,AMAN
KABUPATEN BIMA,Bolo,Rasabau,AMAN
KABUPATEN BIMA,Bolo,Rato,AMAN
KABUPATEN BIMA,Bolo,Sanolo,AMAN
KABUPATEN BIMA,Bolo,Sondosia,SIAGA
KABUPATEN BIMA,Bolo,Tambe,SIAGA
KABUPATEN BIMA,Bolo,Timu,SIAGA
KABUPATEN BIMA,Bolo,Tumpu,SIAGA
KABUPATEN BIMA,Belo,Cenggu,WASPADA
KABUPATEN BIMA,Belo,Diha,AMAN
KABUPATEN BIMA,Belo,Lido,AMAN
KABUPATEN BIMA,Belo,Ncera,SIAGA
KABUPATEN BIMA,Belo,Ngali,AMAN
KABUPATEN BIMA,Belo,Renda,SIAGA
KABUPATEN BIMA,Belo,Roka,AMAN
KABUPATEN BIMA,Belo,Runggu,AMAN
KABUPATEN BIMA,Belo,Soki,SIAGA
KABUPATEN BIMA,Ambalawi,Kole,SIAGA
KABUPATEN BIMA,Ambalawi,Mawu,AMAN
KABUPATEN BIMA,Ambalawi,Nipa,WASPADA
KABUPATEN BIMA,Ambalawi,Rite,AMAN
KABUPATEN BIMA,Ambalawi,Talapiti,AMAN
KABUPATEN BIMA,Ambalawi,Tolowata,AMAN
KOTA BIMA,Rasanae Barat,Tanjung,WASPADA
KOTA BIMA,Rasanae Barat,Paruga,WASPADA
KOTA BIMA,Rasanae Barat,SaraE,SIAGA
KOTA BIMA,Rasanae Barat,NaE,WASPADA
KOTA BIMA,Rasanae Barat,Pane,WASPADA
KOTA BIMA,Rasanae Barat,Dara,SIAGA
KOTA BIMA,Mpunda,Sambi Nae,SIAGA
KOTA BIMA,Mpunda,Panggi,SIAGA
KOTA BIMA,Mpunda,Monggonao,SIAGA
KOTA BIMA,Mpunda,Manggemaci,SIAGA
KOTA BIMA,Mpunda,Penatoi,SIAGA
KOTA BIMA,Mpunda,Lewirato,SIAGA
KOTA BIMA,Mpunda,Sadia,AMAN
KOTA BIMA,Mpunda,Mande,AMAN
KOTA BIMA,Mpunda,Santi,AMAN
KOTA BIMA,Mpunda,Matakando,AMAN
KOTA BIMA,Raba,Penaraga,SIAGA
KOTA BIMA,Raba,Penanae,AMAN
KOTA BIMA,Raba,Rite,AMAN
KOTA BIMA,Raba,Rabangodu Utara,WASPADA
KOTA BIMA,Raba,Rabangodu Selatan,SIAGA
KOTA BIMA,Raba,Rabangodu Timur,SIAGA
KOTA BIMA,Raba,Rasbangodu Barat,SIAGA
KOTA BIMA,Raba,Rontu,AMAN
KOTA BIMA,Raba,Ntobo,AMAN
KOTA BIMA,Raba,Kendo,AMAN
KOTA BIMA,Raba,Nitu,AMAN
KOTA BIMA,Asakota,Melayu,WASPADA
KOTA BIMA,Asakota,Jatiwangi,SIAGA
KOTA BIMA,Asakota,Jatibaru,SIAGA
KOTA BIMA,Asakota,Kolo,AMAN
KOTA BIMA,Asakota,Ule,AMAN
KOTA BIMA,Asakota,Jatibaru Timur,AMAN
KOTA BIMA,Rasanae Timur,Kumbe,SIAGA
KOTA BIMA,Rasanae Timur,Lampe,AMAN
KOTA BIMA,Rasanae Timur,Oi foo,AMAN
KOTA BIMA,Rasanae Timur,Kodo,AMAN
KOTA BIMA,Rasanae Timur,Dodu,AMAN
KOTA BIMA,Rasanae Timur,Lelamase,AMAN
KOTA BIMA,Rasanae Timur,Nungga,AMAN
KOTA BIMA,Rasanae Timur,Oimbo,AMAN