Sigi,Dolo,Kabobona,Aman
Sigi,Dolo,Karawana,Siaga
Sigi,Dolo,Kotapulu,Aman
Sigi,Dolo,Kotarindau,Siaga
Sigi,Dolo,Lagaleso,Siaga
Sigi,Dolo,Maku,Siaga
Sigi,Dolo,Potoya,Siaga
Sigi,Dolo,Soulowe,Waspada
Sigi,Dolo,Tulo,Aman
Sigi,Dolo,Waturalele,Aman
Sigi,Dolo Barat,Balamoa,Aman
Sigi,Dolo Barat,Balaroa Pewenu,Aman
Sigi,Dolo Barat,Balumpewa,Aman
Sigi,Dolo Barat,Bobo,Aman
Sigi,Dolo Barat,Kaleke,Siaga
Sigi,Dolo Barat,Kaluku Tinggu,Aman
Sigi,Dolo Barat,Luku,Aman
Sigi,Dolo Barat,Mantikole,Aman
Sigi,Dolo Barat,Pesaku,Aman
Sigi,Dolo Barat,Pewunu,Aman
Sigi,Dolo Barat,Rarampadende,Aman
Sigi,Dolo Barat,Sibonu,Aman
Sigi,Dolo selatan,Bangga,Aman
Sigi,Dolo selatan,Ballongga,Aman
Sigi,Dolo selatan,Baluase,Aman
Sigi,Dolo selatan,Bulubete,Aman
Sigi,Dolo selatan,Jono,Aman
Sigi,Dolo selatan,Poi,Aman
Sigi,Dolo selatan,Pulu,Aman
Sigi,Dolo selatan,Ramba,Aman
Sigi,Dolo selatan,Rsambo,Aman
Sigi,Dolo selatan,Walatana,Aman
Sigi,Dolo selatan,Wisolo,Aman
Sigi,Dolo selatan,Rogo,Aman
Sigi,Gumbasa,Kalawara,Aman
Sigi,Gumbasa,Omu,Aman
Sigi,Gumbasa,Pakuli,Aman
Sigi,Gumbasa,Pandere,Aman
Sigi,Gumbasa,Saluki,Aman
Sigi,Gumbasa,Simoro,Aman
Sigi,Gumbasa,Tuva,Aman
Sigi,Kinovaro,Balane,Aman
Sigi,Kinovaro,Bolobia,Aman
Sigi,Kinovaro,Daenggune,Aman
Sigi,Kinovaro,Doda,Siaga
Sigi,Kinovaro,Kalora,Siaga
Sigi,Kinovaro,Kanuna,Aman
Sigi,Kinovaro,Kayumpia,Aman
Sigi,Kinovaro,Porame,Aman
Sigi,Kinovaro,Rondingo,Aman
Sigi,Kinovaro,Uwemanje,Aman
Sigi,Kulawi,Banggaiba,Aman
Sigi,Kulawi,Boladangko,Aman
Sigi,Kulawi,Bolapupu,Aman
Sigi,Kulawi,Lonca,Aman
Sigi,Kulawi,Marena,Aman
Sigi,Kulawi,Mataue,Aman
Sigi,Kulawi,Namo,Aman
Sigi,Kulawi,Paleora Makuhi,Aman
Sigi,Kulawi,Rantewulu,Aman
Sigi,Kulawi,Salua,Aman
Sigi,Kulawi,Siwongi,Aman
Sigi,Kulawi,Sungku,Aman
Sigi,Kulawi,Tangkulowi,Aman
Sigi,Kulawi,Toro,Aman
Sigi,Kulawi,Towulu,Aman
Sigi,Kulawi,Winatu,Aman
Sigi,Kulawi Selatan,Gimpu,Aman
Sigi,Kulawi Selatan,Lawua,Aman
Sigi,Kulawi Selatan,Lampelero,Aman
Sigi,Kulawi Selatan,Moa,Aman
Sigi,Kulawi Selatan,O'o Parese,Aman
Sigi,Kulawi Selatan,Palamaki,Aman
Sigi,Kulawi Selatan,Pilimakujawa,Aman
Sigi,Kulawi Selatan,Salutome,Aman
Sigi,Kulawi Selatan,Tompi Bugis,Aman
Sigi,Kulawi Selatan,Tomua,Aman
Sigi,Kulawi Selatan,Wangka,Aman
Sigi,Kulawi Selatan,Watikilo,Aman
Sigi,Lindu,Anca,Aman
Sigi,Lindu,Langko,Aman
Sigi,Lindu,Olu,Aman
Sigi,Lindu,Puroo,Aman
Sigi,Lindu,Tomado,Aman
Sigi,Marawola,Baliase,Siaga
Sigi,Marawola,Beka,Siaga
Sigi,Marawola,Binangga,Aman
Sigi,Marawola,Bomba,Aman
Sigi,Marawola,Boyabaliase,Siaga
Sigi,Marawola,Lebanu,Aman
Sigi,Marawola,Padende,Aman
Sigi,Marawola,Sibedi,Siaga
Sigi,Marawola,Sunju,Aman
Sigi,Marawola,Tinggede,Bahaya
Sigi,Marawola,Tinggede Selatan,Waspada
Sigi,Marawola Barat,Dombu,Aman
Sigi,Marawola Barat,Lemosiranindi,Aman
Sigi,Marawola Barat,Lewara,Aman
Sigi,Marawola Barat,Matantimali,Aman
Sigi,Marawola Barat,Panasibaja,Aman
Sigi,Marawola Barat,Ongulero,Aman
Sigi,Marawola Barat,Soi,Aman
Sigi,Marawola Barat,Taipanggabe,Aman
Sigi,Marawola Barat,Wawujai,Aman
Sigi,Marawola Barat,Wayu,Aman
Sigi,Marawola Barat,Wiapore,Aman
Sigi,Marawola Barat,Wugaga,Aman
Sigi,Nokilalaki,Bulili,Aman
Sigi,Nokilalaki,Kadidia,Aman
Sigi,Nokilalaki,Kamarora A,Aman
Sigi,Nokilalaki,Kamarora B,Aman
Sigi,Nokilalaki,Sopu,Aman
Sigi,Palolo,Ampera,Aman
Sigi,Palolo,Bahagia,Aman
Sigi,Palolo,Bakubakulu,Aman
Sigi,Palolo,Berdikari,Aman
Sigi,Palolo,Bobo,Aman
Sigi,Palolo,Bunga,Aman
Sigi,Palolo,Kapiroe,Aman
Sigi,Palolo,Karunia,Aman
Sigi,Palolo,Lembantongoa,Aman
Sigi,Palolo,Makmur,Aman
Sigi,Palolo,Patimbe,Aman
Sigi,Palolo,Rahmat,Aman
Sigi,Palolo,Ranteleda,Aman
Sigi,Palolo,Rejeki,Aman
Sigi,Palolo,Sarumana,Aman
Sigi,Palolo,Sejahtera,Aman
Sigi,Palolo,Tanah Harapan,Aman
Sigi,Palolo,Tongoa,Aman
Sigi,Palolo,Ue Nuni,Aman
Sigi,Palolo,Ue Rani,Aman
Sigi,Palolo,Uwe,Aman
Sigi,Pipikoro,Banasu,Aman
Sigi,Pipikoro,Kalamanta,Aman
Sigi,Pipikoro,Kantewu,Aman
Sigi,Pipikoro,Kantewu II,Aman
Sigi,Pipikoro,Koja,Aman
Sigi,Pipikoro,Lawe,Aman
Sigi,Pipikoro,Lonebasa,Aman
Sigi,Pipikoro,Mamu,Aman
Sigi,Pipikoro,Mapahi,Aman
Sigi,Pipikoro,Masewo,Aman
Sigi,Pipikoro,Morui,Aman
Sigi,Pipikoro,Morui II,Aman
Sigi,Pipikoro,Onu,Aman
Sigi,Pipikoro,Peana,Aman
Sigi,Pipikoro,Pelempea,Aman
Sigi,Pipikoro,Poluroa,Aman
Sigi,Pipikoro,Porelea,Aman
Sigi,Pipikoro,Porelea II,Aman
Sigi,Pipikoro,Tuwo Tanijaya,Aman
Sigi,Sigi Biromaru,Jono Oge,Aman
Sigi,Sigi Biromaru,Kalukubula,Aman
Sigi,Sigi Biromaru,Lolu,Waspada
Sigi,Sigi Biromaru,Loru,Waspada
Sigi,Sigi Biromaru,Mpanau,Waspada
Sigi,Sigi Biromaru,Ngatabaru,Waspada
Sigi,Sigi Biromaru,Pombewe,Siaga
Sigi,Sigi Biromaru,Sidondo I,Aman
Sigi,Sigi Biromaru,Sidondo II,Aman
Sigi,Sigi Biromaru,Sidondo III,Aman
Sigi,Sigi Kota,Bora,Aman
Sigi,Sigi Kota,Maranatha,Aman
Sigi,Sigi Kota,Panturabate,Aman
Sigi,Sigi Kota,Sidera,Aman
Sigi,Sigi Kota,Sidondo IV,Aman
Sigi,Sigi Kota,Sigimpu,Aman
Sigi,Sigi Kota,Soulowe,Aman
Sigi,Sigi Kota,Olobuju,Aman
Sigi,Sigi Kota,Watubula,Aman
Sigi,Sigi Kota,Watunonju,Aman
Sigi,Tanambulava,Lambara,Aman
Sigi,Tanambulava,Sibalaya Barat,Aman
Sigi,Tanambulava,Sibalaya Selatan,Aman
Sigi,Tanambulava,Sibalaya Utara,Aman
Sigi,Tanambulava,Sibowi,Aman
Parigi Moutong,Ampibabo,Aloo,Aman
Parigi Moutong,Ampibabo,Ampibabo,Waspada
Parigi Moutong,Ampibabo,Ampibabo Utara,Waspada
Parigi Moutong,Ampibabo,Ampibabo Timur,Waspada
Parigi Moutong,Ampibabo,Buranga,Siaga
Parigi Moutong,Ampibabo,Lemo,Aman
Parigi Moutong,Ampibabo,Lemo Tengah,Aman
Parigi Moutong,Ampibabo,Lemo Utara,Aman
Parigi Moutong,Ampibabo,Ogo Lugus,Aman
Parigi Moutong,Ampibabo,Paranggi,Aman
Parigi Moutong,Ampibabo,Sidole Timur,Aman
Parigi Moutong,Ampibabo,Sidole,Aman
Parigi Moutong,Ampibabo,Sidole Barat,Aman
Parigi Moutong,Ampibabo,Pangku,Aman
Parigi Moutong,Ampibabo,Tanampedagi,Aman
Parigi Moutong,Ampibabo,Toga,Aman
Parigi Moutong,Ampibabo,Tolole,Aman
Parigi Moutong,Ampibabo,Tolole Raya,Aman
Parigi Moutong,Ampibabo,Tombi,Aman
Parigi Moutong,Balinggi,Balinggi,Aman
Parigi Moutong,Balinggi,Balinggi Jati,Aman
Parigi Moutong,Balinggi,Beraban,Aman
Parigi Moutong,Balinggi,Catur Karya,Aman
Parigi Moutong,Balinggi,Lebagu,Aman
Parigi Moutong,Balinggi,Malakosa,Aman
Parigi Moutong,Balinggi,Suli,Aman
Parigi Moutong,Balinggi,Suli Indah,Aman
Parigi Moutong,Balinggi,Tumpapa Indah,Aman
Parigi Moutong,Bolano,Sama Bahari,Aman
Parigi Moutong,Bolano,Bajo,Aman
Parigi Moutong,Bolano,Bolano,Aman
Parigi Moutong,Bolano,Bolano Tengah,Aman
Parigi Moutong,Bolano,Bolano Utara,Aman
Parigi Moutong,Bolano,Bolano Barat,Aman
Parigi Moutong,Bolano,Sritabaang,Aman
Parigi Moutong,Bolano,Beringin Jaya,Aman
Parigi Moutong,Bolano,Wanamukti,Aman
Parigi Moutong,Bolano,Wanamukti Barat,Aman
Parigi Moutong,Bolano,Sidomukti,Aman
Parigi Moutong,Bolano,Wanamukti Utara,Aman
Parigi Moutong,Bolano,Lembah Bomban,Aman
Parigi Moutong,Bolano Lambunu,Anutapura,Aman
Parigi Moutong,Bolano Lambunu,Bukit Makmur,Aman
Parigi Moutong,Bolano Lambunu,Ganongol Sari,Aman
Parigi Moutong,Bolano Lambunu,Gunungsari,Aman
Parigi Moutong,Bolano Lambunu,Kota Nagaya,Aman
Parigi Moutong,Bolano Lambunu,Lambunu,Siaga
Parigi Moutong,Bolano Lambunu,Lambunu Timur,Siaga
Parigi Moutong,Bolano Lambunu,Lambunu Utara,Aman
Parigi Moutong,Bolano Lambunu,Margapura,Aman
Parigi Moutong,Bolano Lambunu,Ogorandu,Aman
Parigi Moutong,Bolano Lambunu,Petunasugi,Aman
Parigi Moutong,Bolano Lambunu,Siendeng,Aman
Parigi Moutong,Bolano Lambunu,Tirtanagaya,Aman
Parigi Moutong,Bolano Lambunu,Wanagading,Aman
Parigi Moutong,Kasimbar,Agodopi Kasimbar,Aman
Parigi Moutong,Kasimbar,Donggulu,Aman
Parigi Moutong,Kasimbar,Donggulu Selatan,Aman
Parigi Moutong,Kasimbar,Kasimbar,Siaga
Parigi Moutong,Kasimbar,Kasimbar Barat,Aman
Parigi Moutong,Kasimbar,Kasimbar Palapi,Aman
Parigi Moutong,Kasimbar,Kasimbar Selatan,Aman
Parigi Moutong,Kasimbar,Kasimbar Utara,Aman
Parigi Moutong,Kasimbar,Labuan Donggulu,Aman
Parigi Moutong,Kasimbar,Laemanta,Aman
Parigi Moutong,Kasimbar,Laemanta Utara,Aman
Parigi Moutong,Kasimbar,Peningka,Aman
Parigi Moutong,Kasimbar,Posona,Aman
Parigi Moutong,Kasimbar,Posona Atas,Aman
Parigi Moutong,Kasimbar,Sendana,Aman
Parigi Moutong,Kasimbar,Silampayang,Aman
Parigi Moutong,Kasimbar,Sumber Tani,Aman
Parigi Moutong,Kasimbar,Tovalo,Aman
Parigi Moutong,Mepanga,Bugis,Aman
Parigi Moutong,Mepanga,Bugis Utara,Aman
Parigi Moutong,Mepanga,Gurinda,Aman
Parigi Moutong,Mepanga,Kayu Agung,Aman
Parigi Moutong,Mepanga,Kotaraya,Siaga
Parigi Moutong,Mepanga,Kotaraya Barat,Siaga
Parigi Moutong,Mepanga,Kotaraya Selatan,Siaga
Parigi Moutong,Mepanga,Kotaraya Tenggara,Siaga
Parigi Moutong,Mepanga,Kotaraya Timur,Siaga
Parigi Moutong,Mepanga,Malalan,Aman
Parigi Moutong,Mepanga,Maranti,Aman
Parigi Moutong,Mepanga,Mensung,Aman
Parigi Moutong,Mepanga,Mepanga,Aman
Parigi Moutong,Mepanga,Moubang,Aman
Parigi Moutong,Mepanga,Ogobayas,Aman
Parigi Moutong,Mepanga,Ogomolos,Aman
Parigi Moutong,Mepanga,Ogotion,Siaga
Parigi Moutong,Mepanga,Sumber Agung,Aman
Parigi Moutong,Moutong,Aedan Raya,Aman
Parigi Moutong,Moutong,Boloung Olonggata,Aman
Parigi Moutong,Moutong,Gio,Aman
Parigi Moutong,Moutong,Gio Barat,Aman
Parigi Moutong,Moutong,Gio Timur,Aman
Parigi Moutong,Moutong,Labuan,Aman
Parigi Moutong,Moutong,Lobu,Aman
Parigi Moutong,Moutong,Mbelang Mbelang,Aman
Parigi Moutong,Moutong,Moutong Barat,Aman
Parigi Moutong,Moutong,Moutong Tengah,Aman
Parigi Moutong,Moutong,Moutong Timur,Aman
Parigi Moutong,Moutong,Moutong Utara,Aman
Parigi Moutong,Moutong,Olonggata,Aman
Parigi Moutong,Moutong,Pande,Aman
Parigi Moutong,Moutong,Pandelalap,Aman
Parigi Moutong,Moutong,Salepae,Aman
Parigi Moutong,Moutong,Salumpengut,Aman
Parigi Moutong,Moutong,Sejoli,Aman
Parigi Moutong,Moutong,Sialopa,Aman
Parigi Moutong,Moutong,Tuladenggi Pantai,Aman
Parigi Moutong,Ongka Malino,Bosagon Jaya,Aman
Parigi Moutong,Ongka Malino,Karya Mandiri,Aman
Parigi Moutong,Ongka Malino,Kayu Jati,Aman
Parigi Moutong,Ongka Malino,Lambanau,Aman
Parigi Moutong,Ongka Malino,Malino,Aman
Parigi Moutong,Ongka Malino,Padaelo,Aman
Parigi Moutong,Ongka Malino,Persatuan Sejati,Aman
Parigi Moutong,Ongka Malino,Persatuan Utara,Aman
Parigi Moutong,Ongka Malino,Ongka,Aman
Parigi Moutong,Ongka Malino,Ongka Persatuan,Aman
Parigi Moutong,Ongka Malino,Ongka Trimuspasari,Aman
Parigi Moutong,Ongka Malino,Santigi,Aman
Parigi Moutong,Ongka Malino,Tabolobolo,Aman
Parigi Moutong,Ongka Malino,Tinombala,Aman
Parigi Moutong,Ongka Malino,Tinombala Barat,Aman
Parigi Moutong,Ongka Malino,Tinombala Jaya,Aman
Parigi Moutong,Ongka Malino,Tinombala Sejati,Aman
Parigi Moutong,Palasa,Bamba Siang,Aman
Parigi Moutong,Palasa,Bobalo,Aman
Parigi Moutong,Palasa,Dongkalan,Aman
Parigi Moutong,Palasa,Eeya,Aman
Parigi Moutong,Palasa,Palasa,Aman
Parigi Moutong,Palasa,Palasa Lambori,Aman
Parigi Moutong,Palasa,Palasa Tangki,Aman
Parigi Moutong,Palasa,Pebo Unang,Aman
Parigi Moutong,Palasa,Ulatan,Aman
Parigi Moutong,Palasa,Beau,Aman
Parigi Moutong,Palasa,Ogoansam,Aman
Parigi Moutong,Parigi,Bantaya,Bahaya
Parigi Moutong,Parigi,Loji,Bahaya
Parigi Moutong,Parigi,Kampal,Waspada
Parigi Moutong,Parigi,Maesa,Waspada
Parigi Moutong,Parigi,Masigi,Siaga
Parigi Moutong,Parigi,Bambalemo,Siaga
Parigi Moutong,Parigi,Bambalemo Ranomaisi,Aman
Parigi Moutong,Parigi,Lebo,Aman
Parigi Moutong,Parigi,Mertasari,Aman
Parigi Moutong,Parigi,Olaya,Aman
Parigi Moutong,Parigi,Pembalowo,Aman
Parigi Moutong,Parigi Barat,Air Panas,Aman
Parigi Moutong,Parigi Barat,Baliara,Aman
Parigi Moutong,Parigi Barat,Jono Kalora,Aman
Parigi Moutong,Parigi Barat,Kayuboko,Aman
Parigi Moutong,Parigi Barat,Lobu Mandiri,Aman
Parigi Moutong,Parigi Barat,Parigimpuu,Aman
Parigi Moutong,Parigi Selatan,Boyantongo,Aman
Parigi Moutong,Parigi Selatan,Dolago,Aman
Parigi Moutong,Parigi Selatan,Dolago Padang,Aman
Parigi Moutong,Parigi Selatan,Gangga,Aman
Parigi Moutong,Parigi Selatan,Lemusa,Aman
Parigi Moutong,Parigi Selatan,Masari,Aman
Parigi Moutong,Parigi Selatan,Nambaru,Aman
Parigi Moutong,Parigi Selatan,Olobaru,Aman
Parigi Moutong,Parigi Selatan,Sumbersari,Aman
Parigi Moutong,Parigi Selatan,Tindaki,Aman
Parigi Moutong,Parigi Tengah,Binangga,Aman
Parigi Moutong,Parigi Tengah,Jononunu,Aman
Parigi Moutong,Parigi Tengah,Matolele,Aman
Parigi Moutong,Parigi Tengah,Pelawa,Aman
Parigi Moutong,Parigi Tengah,Pelawa Baru,Aman
Parigi Moutong,Parigi Tengah,Petapa,Aman
Parigi Moutong,Parigi Utara,Avolua,Aman
Parigi Moutong,Parigi Utara,Pangi,Aman
Parigi Moutong,Parigi Utara,Sakinah Jaya,Aman
Parigi Moutong,Parigi Utara,Toboli,Aman
Parigi Moutong,Parigi Utara,Toboli Barat,Aman
Parigi Moutong,Sausu,Maleali,Aman
Parigi Moutong,Sausu,Sausu Auma,Aman
Parigi Moutong,Sausu,Sausu Gandasari,Aman
Parigi Moutong,Sausu,Sausu Pakareme,Aman
Parigi Moutong,Sausu,Sausu Piore,Aman
Parigi Moutong,Sausu,Sausu Salubanga,Aman
Parigi Moutong,Sausu,Sausu Taliabo,Aman
Parigi Moutong,Sausu,Sausu Tambu,Aman
Parigi Moutong,Sausu,Sausu Torono,Aman
Parigi Moutong,Sausu,Sausu Trans,Aman
Parigi Moutong,Sidoan,Bainaa Selatan,Aman
Parigi Moutong,Sidoan,Bondoyong,Aman
Parigi Moutong,Sidoan,Lado,Aman
Parigi Moutong,Sidoan,Muara Jaya,Aman
Parigi Moutong,Sidoan,Ogobagis,Aman
Parigi Moutong,Sidoan,Sidoan,Aman
Parigi Moutong,Sidoan,Sidoan Barat,Aman
Parigi Moutong,Sidoan,Sidoan Selatan,Aman
Parigi Moutong,Sidoan,Sidoan Timur,Aman
Parigi Moutong,Sidoan,Sintuwu Raya,Aman
Parigi Moutong,Sidoan,Sipayo,Aman
Parigi Moutong,Siniu,Marantale,Aman
Parigi Moutong,Siniu,Silanga,Aman
Parigi Moutong,Siniu,Silanga Barat,Aman
Parigi Moutong,Siniu,Siniu,Aman
Parigi Moutong,Siniu,Siniu Sayogindano,Aman
Parigi Moutong,Siniu,Tandaigi,Aman
Parigi Moutong,Siniu,Toraranga,Aman
Parigi Moutong,Siniu,Towera,Aman
Parigi Moutong,Siniu,Uevolo,Aman
Parigi Moutong,Taopa,Karya Agung,Aman
Parigi Moutong,Taopa,Karya Abadi,Aman
Parigi Moutong,Taopa,Nunurantai,Aman
Parigi Moutong,Taopa,Palapi,Aman
Parigi Moutong,Taopa,Bilalea,Aman
Parigi Moutong,Taopa,Taopa,Aman
Parigi Moutong,Taopa,Taopa Utara,Aman
Parigi Moutong,Taopa,Taopa Barat,Aman
Parigi Moutong,Taopa,Paria,Aman
Parigi Moutong,Taopa,Tompo,Aman
Parigi Moutong,Taopa,Tuladenggi Sibatang,Aman
Parigi Moutong,Tinombo,Bainaa,Aman
Parigi Moutong,Tinombo,Bainaa Barat,Aman
Parigi Moutong,Tinombo,Bainaa Selatan,Aman
Parigi Moutong,Tinombo,Bondoyong,Aman
Parigi Moutong,Tinombo,Dongkas,Aman
Parigi Moutong,Tinombo,Dusunan,Aman
Parigi Moutong,Tinombo,Lombok,Aman
Parigi Moutong,Tinombo,Lombok Barat,Aman
Parigi Moutong,Tinombo,Ogoalas,Aman
Parigi Moutong,Tinombo,Sidoan,Aman
Parigi Moutong,Tinombo,Sidoan Barat,Aman
Parigi Moutong,Tinombo,Sidoan Selatan,Aman
Parigi Moutong,Tinombo,Sipayo,Aman
Parigi Moutong,Tinombo,Tibu,Aman
Parigi Moutong,Tinombo,Tinombo,Aman
Parigi Moutong,Tinombo Selatan,Khatulistiwa,Aman
Parigi Moutong,Tinombo Selatan,Malanggo,Aman
Parigi Moutong,Tinombo Selatan,Malanggo Pesisir,Aman
Parigi Moutong,Tinombo Selatan,Maninili,Aman
Parigi Moutong,Tinombo Selatan,Maninili Barat,Aman
Parigi Moutong,Tinombo Selatan,Maninili Utara,Aman
Parigi Moutong,Tinombo Selatan,Oncone Raya,Aman
Parigi Moutong,Tinombo Selatan,Poly,Aman
Parigi Moutong,Tinombo Selatan,Siaga,Aman
Parigi Moutong,Tinombo Selatan,Sigega Bersehati,Aman
Parigi Moutong,Tinombo Selatan,Sigenti,Aman
Parigi Moutong,Tinombo Selatan,Sigenti Barat,Aman
Parigi Moutong,Tinombo Selatan,Sigenti Selatan,Aman
Parigi Moutong,Tinombo Selatan,Silutung,Aman
Parigi Moutong,Tinombo Selatan,Siney,Aman
Parigi Moutong,Tinombo Selatan,Siney Tengah,Aman
Parigi Moutong,Tinombo Selatan,Tada,Aman
Parigi Moutong,Tinombo Selatan,Tada Selatan,Aman
Parigi Moutong,Tinombo Selatan,Tada Timur,Aman
Parigi Moutong,Tinombo Selatan,Tada Utara,Aman
Parigi Moutong,Tomini,Ambesia,Aman
Parigi Moutong,Tomini,Ambesia Barat,Aman
Parigi Moutong,Tomini,Ambesia Selatan,Aman
Parigi Moutong,Tomini,Biga,Aman
Parigi Moutong,Tomini,Ogo Tumubu,Aman
Parigi Moutong,Tomini,Ogotumubu Barat,Aman
Parigi Moutong,Tomini,Sipontan,Aman
Parigi Moutong,Tomini,Supilopong,Aman
Parigi Moutong,Tomini,Ta'aniuge,Aman
Parigi Moutong,Tomini,Tilung,Aman
Parigi Moutong,Tomini,Tingkulang,Aman
Parigi Moutong,Tomini,Tomini,Aman
Parigi Moutong,Tomini,Tomini Barat,Aman
Parigi Moutong,Tomini,Tomini Utara,Aman
Parigi Moutong,Toribulu,Pinotu,Aman
Parigi Moutong,Toribulu,Sibalago,Aman
Parigi Moutong,Toribulu,Sienjo,Aman
Parigi Moutong,Toribulu,Singura,Aman
Parigi Moutong,Toribulu,Tomoli,Aman
Parigi Moutong,Toribulu,Tomoli Selatan,Aman
Parigi Moutong,Toribulu,Toribulu,Aman
Parigi Moutong,Toribulu,Toribulu Selatan,Aman
Parigi Moutong,Toribulu,Sibalago,Aman
Parigi Moutong,Torue,Astina,Aman
Parigi Moutong,Torue,Purwosari,Aman
Parigi Moutong,Torue,Tanahlanto,Aman
Parigi Moutong,Torue,Tolai,Aman
Parigi Moutong,Torue,Tolai Barat,Aman
Parigi Moutong,Torue,Tolai Timur,Aman
Parigi Moutong,Torue,Torue,Aman
Morowali Utara,Bungku Utara,Desa Baturube,Aman
Morowali Utara,Bungku Utara,Desa Bomba,Aman
Morowali Utara,Bungku Utara,Desa Kalombang,Aman
Morowali Utara,Bungku Utara,Desa Lemo,Aman
Morowali Utara,Bungku Utara,Desa Lemowalia,Aman
Morowali Utara,Bungku Utara,Desa Matube,Aman
Morowali Utara,Bungku Utara,Desa Opo,Aman
Morowali Utara,Bungku Utara,Desa Pokeang,Aman
Morowali Utara,Bungku Utara,Desa Posangke,Aman
Morowali Utara,Bungku Utara,Desa Salubiro,Aman
Morowali Utara,Bungku Utara,Desa Siliti,Aman
Morowali Utara,Bungku Utara,Desa Tambarobone,Aman
Morowali Utara,Bungku Utara,Desa Tanakuraya,Aman
Morowali Utara,Bungku Utara,Desa Taronggo,Aman
Morowali Utara,Bungku Utara,Desa Tirongan Atas,Aman
Morowali Utara,Bungku Utara,Desa Tirongan Bawah,Aman
Morowali Utara,Bungku Utara,Desa Tokala Atas,Aman
Morowali Utara,Bungku Utara,Desa Tokonanaka,Aman
Morowali Utara,Bungku Utara,Desa Uemasi,Aman
Morowali Utara,Bungku Utara,Desa Uempanapa,Aman
Morowali Utara,Bungku Utara,Desa Ueruru,Aman
Morowali Utara,Bungku Utara,Desa Uewajo,Aman
Morowali Utara,Bungku Utara,Desa Woomparigi,Aman
Morowali Utara,Bungku Utara,Unit Pemukiman Transmigrasi,Aman
Morowali Utara,Lembo,Beteleme,Aman
Morowali Utara,Lembo,Korobonde,Aman
Morowali Utara,Lembo,Korompeeli,Aman
Morowali Utara,Lembo,Korowalelo,Aman
Morowali Utara,Lembo,Korowou,Aman
Morowali Utara,Lembo,Kumpi,Aman
Morowali Utara,Lembo,Lembobaru,Aman
Morowali Utara,Lembo,Lemboroma,Aman
Morowali Utara,Lembo,Mora,Aman
Morowali Utara,Lembo,Tingkeao,Aman
Morowali Utara,Lembo,Tinompo,Aman
Morowali Utara,Lembo,Uluanso,Aman
Morowali Utara,Lembo,Waraa,Aman
Morowali Utara,Lembo,Wawopada,Aman
Morowali Utara,Lembo Raya,Bintangor Mukti,Aman
Morowali Utara,Lembo Raya,Dolupo Karya,Aman
Morowali Utara,Lembo Raya,Jamor Jaya,Aman
Morowali Utara,Lembo Raya,Lembobelala,Aman
Morowali Utara,Lembo Raya,Mandula,Aman
Morowali Utara,Lembo Raya,Pa'awaru,Aman
Morowali Utara,Lembo Raya,Petumbea,Aman
Morowali Utara,Lembo Raya,Pontangoa,Aman
Morowali Utara,Lembo Raya,Po'ona,Aman
Morowali Utara,Lembo Raya,Ronta,Aman
Morowali Utara,Mamosalato,Girimulya,Aman
Morowali Utara,Mamosalato,Kolo Atas,Aman
Morowali Utara,Mamosalato,Kolo Bawah,Aman
Morowali Utara,Mamosalato,Lijo,Aman
Morowali Utara,Mamosalato,Menyo'e,Aman
Morowali Utara,Mamosalato,Momo,Aman
Morowali Utara,Mamosalato,Pandauke,Aman
Morowali Utara,Mamosalato,Parangisi,Aman
Morowali Utara,Mamosalato,Sea,Aman
Morowali Utara,Mamosalato,Tambale,Aman
Morowali Utara,Mamosalato,Tananagaya,Aman
Morowali Utara,Mamosalato,Tanasumpu,Aman
Morowali Utara,Mamosalato,Uepakatu,Aman
Morowali Utara,Mamosalato,Winangobino,Aman
Morowali Utara,Mori Atas,Ensa,Aman
Morowali Utara,Mori Atas,Gontara,Aman
Morowali Utara,Mori Atas,Kasingoli,Aman
Morowali Utara,Mori Atas,Kolaka,Aman
Morowali Utara,Mori Atas,Lanumor,Aman
Morowali Utara,Mori Atas,Lee,Aman
Morowali Utara,Mori Atas,Londi,Aman
Morowali Utara,Mori Atas,Pambarea,Aman
Morowali Utara,Mori Atas,Peonea,Aman
Morowali Utara,Mori Atas,Saemba,Aman
Morowali Utara,Mori Atas,Saemba Walati,Aman
Morowali Utara,Mori Atas,Taende,Aman
Morowali Utara,Mori Atas,Tomata,Aman
Morowali Utara,Mori Atas,Tomui Karya,Aman
Morowali Utara,Mori Utara,Era,Aman
Morowali Utara,Mori Utara,Lembontonara,Aman
Morowali Utara,Mori Utara,Mayumba,Aman
Morowali Utara,Mori Utara,Peleru,Aman
Morowali Utara,Mori Utara,Tabarano,Aman
Morowali Utara,Mori Utara,Tamonjengi,Aman
Morowali Utara,Mori Utara,Tiwa'a,Aman
Morowali Utara,Mori Utara,Wawondula,Aman
Morowali Utara,Petasia,Ganda-Ganda,Aman
Morowali Utara,Petasia,Gililana,Aman
Morowali Utara,Petasia,Korololaki,Aman
Morowali Utara,Petasia,Korololama,Aman
Morowali Utara,Petasia,Koromatantu,Aman
Morowali Utara,Petasia,Koya,Aman
Morowali Utara,Petasia,Tanauge,Aman
Morowali Utara,Petasia,Bahontula,Aman
Morowali Utara,Petasia,Bahoue,Aman
Morowali Utara,Petasia,Kolonodale,Aman
Morowali Utara,Petasia Barat,Maralee,Aman
Morowali Utara,Petasia Barat,Moleono,Aman
Morowali Utara,Petasia Barat,Mondowe,Aman
Morowali Utara,Petasia Barat,Onepute,Aman
Morowali Utara,Petasia Barat,Sampalowo,Aman
Morowali Utara,Petasia Barat,Tadaku Jaya,Aman
Morowali Utara,Petasia Barat,Tiu,Aman
Morowali Utara,Petasia Barat,Togo Mulyo,Aman
Morowali Utara,Petasia Barat,Tontowea,Aman
Morowali Utara,Petasia Barat,Ulu Laa,Aman
Morowali Utara,Petasia  Timur,Bimor Jaya,Aman
Morowali Utara,Petasia  Timur,Bungintimbe,Aman
Morowali Utara,Petasia  Timur,Bunta,Aman
Morowali Utara,Petasia  Timur,Keuno,Aman
Morowali Utara,Petasia  Timur,Mohoni,Aman
Morowali Utara,Petasia  Timur,Molino,Aman
Morowali Utara,Petasia  Timur,Molores,Aman
Morowali Utara,Petasia  Timur,Peboa,Aman
Morowali Utara,Petasia  Timur,Tompira,Aman
Morowali Utara,Petasia  Timur,Towara,Aman
Morowali Utara,Petasia  Timur,Towara Pantai,Aman
Morowali Utara,Petasia  Timur,Ungkea,Aman
Morowali Utara,Soyo Jaya,Bau,Aman
Morowali Utara,Soyo Jaya,Lembah Sumara,Aman
Morowali Utara,Soyo Jaya,Malino,Aman
Morowali Utara,Soyo Jaya,Malino Jaya,Aman
Morowali Utara,Soyo Jaya,Panca Makmur,Aman
Morowali Utara,Soyo Jaya,Sumara Jaya,Aman
Morowali Utara,Soyo Jaya,Tamainusi,Aman
Morowali Utara,Soyo Jaya,Tambayoli,Aman
Morowali Utara,Soyo Jaya,Tandoyondo,Aman
Morowali Utara,Soyo Jaya,Toddopoli Uebangke,Aman
Banggai Laut,Banggai,Dodung,Aman
Banggai Laut,Banggai,Lompio,Aman
Banggai Laut,Banggai,Tano Bonunungan,Aman
Banggai Laut,Banggai,Dangkalan,Aman
Banggai Laut,Banggai,Kokini,Aman
Banggai Laut,Banggai,Lambako,Aman
Banggai Laut,Banggai,Lampa,Aman
Banggai Laut,Banggai,Pasir Putih,Aman
Banggai Laut,Banggai,Potil Pololoba,Aman
Banggai Laut,Banggai,Tinakin Laut,Aman
Banggai Laut,Banggai Selatan,Bentean,Aman
Banggai Laut,Banggai Selatan,Kelapa Lima,Aman
Banggai Laut,Banggai Selatan,Labuan Kapelak,Aman
Banggai Laut,Banggai Selatan,Malino Padas,Aman
Banggai Laut,Banggai Selatan,Matanga,Aman
Banggai Laut,Banggai Selatan,Tolokibit,Aman
Banggai Laut,Banggai Tengah,Adean,Aman
Banggai Laut,Banggai Tengah,Badumpayan,Aman
Banggai Laut,Banggai Tengah,Gonggong,Aman
Banggai Laut,Banggai Tengah,Mominit,Aman
Banggai Laut,Banggai Tengah,Monsongan,Aman
Banggai Laut,Banggai Tengah,Pososlalongo,Aman
Banggai Laut,Banggai Tengah,Timbong,Aman
Banggai Laut,Banggai Tengah,Tintingo,Aman
Banggai Laut,Banggai Utara,Bone Baru,Aman
Banggai Laut,Banggai Utara,Kendek,Aman
Banggai Laut,Banggai Utara,Lokotoy,Aman
Banggai Laut,Banggai Utara,Paisumosini,Aman
Banggai Laut,Banggai Utara,Popisi,Aman
Banggai Laut,Banggai Utara,Tolisetubono,Aman
Banggai Laut,Bangkurung,Bone-Bone,Aman
Banggai Laut,Bangkurung,Bungin Lawean,Aman
Banggai Laut,Bangkurung,Dungkean,Aman
Banggai Laut,Bangkurung,Kalupapi,Aman
Banggai Laut,Bangkurung,Kanari,Aman
Banggai Laut,Bangkurung,Lalong,Aman
Banggai Laut,Bangkurung,Lantibung,Aman
Banggai Laut,Bangkurung,Mbeleang,Aman
Banggai Laut,Bangkurung,Sasabobok,Aman
Banggai Laut,Bangkurung,Tabulang,Aman
Banggai Laut,Bangkurung,Taduno,Aman
Banggai Laut,Bangkurung,Togong Sagy,Aman
Banggai Laut,Bokan Kepulauan,Bolokut,Aman
Banggai Laut,Bokan Kepulauan,Bungin,Aman
Banggai Laut,Bokan Kepulauan,Kasuari,Aman
Banggai Laut,Bokan Kepulauan,Kaukes,Aman
Banggai Laut,Bokan Kepulauan,Keak,Aman
Banggai Laut,Bokan Kepulauan,Kokudang,Aman
Banggai Laut,Bokan Kepulauan,Mandel,Aman
Banggai Laut,Bokan Kepulauan,Mbuang-Mbuang,Aman
Banggai Laut,Bokan Kepulauan,Minanga,Aman
Banggai Laut,Bokan Kepulauan,Ndindibung,Aman
Banggai Laut,Bokan Kepulauan,Nggasuang,Aman
Banggai Laut,Bokan Kepulauan,Paisubebe,Aman
Banggai Laut,Bokan Kepulauan,Panapat,Aman
Banggai Laut,Bokan Kepulauan,Sonit,Aman
Banggai Laut,Bokan Kepulauan,Timpaus,Aman
Banggai Laut,Bokan Kepulauan,Toropot,Aman
Banggai Laut,Labobo,Alasan,Aman
Banggai Laut,Labobo,Bontosi,Aman
Banggai Laut,Labobo,Lalong,Aman
Banggai Laut,Labobo,Lipu Talas,Aman
Banggai Laut,Labobo,Lipu Lalongo,Aman
Banggai Laut,Labobo,Mansalean,Aman
Banggai Laut,Labobo,Padingkian,Aman
Banggai Laut,Labobo,Paisulamo,Aman
Banggai,Balantak,Balantak,Aman
Banggai,Balantak,Boloak,Aman
Banggai,Balantak,Dale- Dale,Aman
Banggai,Balantak,Dolom,Aman
Banggai,Balantak,Kiloma,Aman
Banggai,Balantak,Luok,Aman
Banggai,Balantak,Mamping,Aman
Banggai,Balantak,Padang,Aman
Banggai,Balantak,Ra'u,Aman
Banggai,Balantak,Talang Batu,Aman
Banggai,Balantak,Talima A,Aman
Banggai,Balantak,Talima B,Aman
Banggai,Balantak,Tanotu,Aman
Banggai,Balantak Selatan,Booy,Aman
Banggai,Balantak Selatan,Dondo,Aman
Banggai,Balantak Selatan,Giwang,Aman
Banggai,Balantak Selatan,Gorontalo,Aman
Banggai,Balantak Selatan,Poyang,Aman
Banggai,Balantak Selatan,Resarna,Aman
Banggai,Balantak Selatan,Sepe,Aman
Banggai,Balantak Selatan,Tenggawas,Aman
Banggai,Balantak Selatan,Tintingon,Aman
Banggai,Balantak Selatan,Tombos,Aman
Banggai,Balantak Selatan,Tongke,Aman
Banggai,Balantak Utara,Batu Mandi,Aman
Banggai,Balantak Utara,Batu Simpang,Aman
Banggai,Balantak Utara,Kampangar,Aman
Banggai,Balantak Utara,Kuntang,Aman
Banggai,Balantak Utara,Ondoliang,Aman
Banggai,Balantak Utara,Pangkalaseang,Aman
Banggai,Balantak Utara,Pangkalaseang Baru,Aman
Banggai,Balantak Utara,Pulau Dua,Aman
Banggai,Balantak Utara,Teku,Aman
Banggai,Balantak Utara,Toweer,Aman
Banggai,Batui,Bakung,Aman
Banggai,Batui,Balantang,Aman
Banggai,Batui,Batui,Aman
Banggai,Batui,Bugis,Aman
Banggai,Batui,Honbola,Aman
Banggai,Batui,Kayowa,Aman
Banggai,Batui,Lamo,Aman
Banggai,Batui,Nonong,Aman
Banggai,Batui,Ondo-Ondolu,Aman
Banggai,Batui,Ondo-Ondolu I,Aman
Banggai,Batui,Sisipan,Aman
Banggai,Batui,Tolando,Aman
Banggai,Batui,Uso,Aman
Banggai,Batui Selatan,Bonebalantak,Aman
Banggai,Batui Selatan,Gori-Gori,Aman
Banggai,Batui Selatan,Maasing,Aman
Banggai,Batui Selatan,Maleo Jaya,Aman
Banggai,Batui Selatan,Masungkang,Aman
Banggai,Batui Selatan,Ombolu,Aman
Banggai,Batui Selatan,Paisu Buloli,Aman
Banggai,Batui Selatan,Sinorang,Aman
Banggai,Batui Selatan,Sukamaju,Aman
Banggai,Batui Selatan,Sukamaju I,Aman
Banggai,Bualemo,BimaKarya,Aman
Banggai,Bualemo,Binsil K,Aman
Banggai,Bualemo,Binsil Padang,Aman
Banggai,Bualemo,Bualemo A,Aman
Banggai,Bualemo,Bualemo B,Aman
Banggai,Bualemo,Dwi Karya,Aman
Banggai,Bualemo,Lembah Makmur,Aman
Banggai,Bualemo,Lemba Tompotika,Aman
Banggai,Bualemo,Longkonga Barat,Aman
Banggai,Bualemo,Longkonga Timur,Aman
Banggai,Bualemo,Malik,Aman
Banggai,Bualemo,Malik Makmur,Aman
Banggai,Bualemo,Mayayap,Aman
Banggai,Bualemo,Nipa Kalemoan,Aman
Banggai,Bualemo,Salipi,Aman
Banggai,Bualemo,Sampaka,Aman
Banggai,Bualemo,Tikupon,Aman
Banggai,Bualemo,Taima,Aman
Banggai,Bualemo,Toiba,Aman
Banggai,Bualemo,Trans Mayayap,Aman
Banggai,Bunta,Balanga,Aman
Banggai,Bunta,Bohokotong,Aman
Banggai,Bunta,Bunta I,Aman
Banggai,Bunta,Bunta II,Aman
Banggai,Bunta,Demangan Jaya,Aman
Banggai,Bunta,Dondo Soboli,Aman
Banggai,Bunta,Hion,Aman
Banggai,Bunta,Huhak,Aman
Banggai,Bunta,Kalaka,Aman
Banggai,Bunta,Kalumbangan,Aman
Banggai,Bunta,Kolii,Aman
Banggai,Bunta,Laonggo,Aman
Banggai,Bunta,Longgolian,Aman
Banggai,Bunta,Lontio,Aman
Banggai,Bunta,Matabas,Aman
Banggai,Bunta,Nanga-Nangaoan,Aman
Banggai,Bunta,Polo,Aman
Banggai,Bunta,Pongian,Aman
Banggai,Bunta,Salabenda,Aman
Banggai,Bunta,Toima,Aman
Banggai,Bunta,Tombongan Ulos,Aman
Banggai,Bunta,Tuntung,Aman
Banggai,Kintom,Babang Buyangge,Aman
Banggai,Kintom,Dimpalon,Aman
Banggai,Kintom,Dimpalon Baru,Aman
Banggai,Kintom,Kalolos,Aman
Banggai,Kintom,Kintom,Aman
Banggai,Kintom,Manyula,Aman
Banggai,Kintom,Mendono,Aman
Banggai,Kintom,Mondonun,Aman
Banggai,Kintom,Padang,Aman
Banggai,Kintom,Samadoya,Aman
Banggai,Kintom,Solan,Aman
Banggai,Kintom,Solan Baru,Aman
Banggai,Kintom,Tangkiang,Aman
Banggai,Kintom,Uling,Aman
Banggai,Lamala,Bahari Makmur,Aman
Banggai,Lamala,Baruga,Aman
Banggai,Lamala,Bonebobakal,Aman
Banggai,Lamala,Kagitakan,Aman
Banggai,Lamala,Kota Raya,Aman
Banggai,Lamala,Kota Baru,Aman
Banggai,Lamala,Labotan,Aman
Banggai,Lamala,Lomba,Aman
Banggai,Lamala,Nipa,Aman
Banggai,Lamala,Poroan,Aman
Banggai,Lamala,Sirom,Aman
Banggai,Lamala,Tinoda,Aman
Banggai,Lobu,Bahingin,Aman
Banggai,Lobu,Balean,Aman
Banggai,Lobu,Bolubungkang,Aman
Banggai,Lobu,Dolom,Aman
Banggai,Lobu,Kadodi,Aman
Banggai,Lobu,Lambuli,Aman
Banggai,Lobu,Lobu,Aman
Banggai,Lobu,Niubulan,Aman
Banggai,Lobu,Uha  Uhangon,Aman
Banggai,Lobu,Uwe Daka-Daka,Aman
Banggai,Luwuk,Baru,Siaga
Banggai,Luwuk,Bungin,Siaga
Banggai,Luwuk,Bungin Timur,Siaga
Banggai,Luwuk,Kaleke,Aman
Banggai,Luwuk,Karaton,Aman
Banggai,Luwuk,Luwuk,Siaga
Banggai,Luwuk,Mangkio Baru,Aman
Banggai,Luwuk,Soho,Aman
Banggai,Luwuk,Lumpoknyo,Aman
Banggai,Luwuk,Tontouan,Aman
Banggai,Luwuk Selatan,Bubung,Aman
Banggai,Luwuk Selatan,Bukit Mambual,Aman
Banggai,Luwuk Selatan,Hanga Hanga,Aman
Banggai,Luwuk Selatan,Hanga Hanga Permai,Aman
Banggai,Luwuk Selatan,Jole,Aman
Banggai,Luwuk Selatan,Kompo,Aman
Banggai,Luwuk Selatan,Maahas,Aman
Banggai,Luwuk Selatan,Simpong,Aman
Banggai,Luwuk Selatan,Tanjung Tuwis,Aman
Banggai,Luwuk Selatan,Tombang Permai,Aman
Banggai,Luwuk Timur,Bantayan,Aman
Banggai,Luwuk Timur,Baya,Aman
Banggai,Luwuk Timur,Boitan,Aman
Banggai,Luwuk Timur,Bukit Mulya,Aman
Banggai,Luwuk Timur,Hunduhon,Aman
Banggai,Luwuk Timur,Indang Sari,Aman
Banggai,Luwuk Timur,Kayutanto,Aman
Banggai,Luwuk Timur,Lauwon,Aman
Banggai,Luwuk Timur,Lontos,Aman
Banggai,Luwuk Timur,Louk,Aman
Banggai,Luwuk Timur,Molino,Aman
Banggai,Luwuk Timur,Pohi,Aman
Banggai,Luwuk Timur,Uwedikan,Aman
Banggai,Luwuk Utara,Awu,Aman
Banggai,Luwuk Utara,Biak,Aman
Banggai,Luwuk Utara,Boyou,Aman
Banggai,Luwuk Utara,Bumi Beringin,Aman
Banggai,Luwuk Utara,Bunga,Aman
Banggai,Luwuk Utara,Buon Mandiri,Aman
Banggai,Luwuk Utara,Kamumu,Aman
Banggai,Luwuk Utara,Kilongan,Aman
Banggai,Luwuk Utara,Kilongan Permai,Aman
Banggai,Luwuk Utara,Lenyek,Aman
Banggai,Luwuk Utara,Salodik,Aman
Banggai,Mantoh,Binotik,Aman
Banggai,Mantoh,Bollo,Aman
Banggai,Mantoh,Bombongan,Aman
Banggai,Mantoh,Boras,Aman
Banggai,Mantoh,Garuga,Aman
Banggai,Mantoh,Lonas,Aman
Banggai,Mantoh,Pondan,Aman
Banggai,Mantoh,Sobol,Aman
Banggai,Mantoh,Sobol Baru,Aman
Banggai,Mantoh,Sulubombong,Aman
Banggai,Masama,Cemerlang,Aman
Banggai,Masama,Duata Karya,Aman
Banggai,Masama,Eteng,Aman
Banggai,Masama,Kembang Mertha,Aman
Banggai,Masama,Kospa Dwata Karya,Aman
Banggai,Masama,Minang Andala,Aman
Banggai,Masama,Padangon,Aman
Banggai,Masama,Purwo Agung,Aman
Banggai,Masama,Rangga-Rangga,Aman
Banggai,Masama,Serese,Aman
Banggai,Masama,Simpangan,Aman
Banggai,Masama,Tangeban,Aman
Banggai,Masama,Taugi,Aman
Banggai,Masama,Tompotika Timur,Aman
Banggai,Moilong,ArgaKencana,Aman
Banggai,Moilong,Argomulyo,Aman
Banggai,Moilong,Bumiharjo,Aman
Banggai,Moilong,Karang Anyar,Aman
Banggai,Moilong,Karya Jaya,Aman
Banggai,Moilong,Minahaki,Aman
Banggai,Moilong,Minakarya,Aman
Banggai,Moilong,Moilong,Aman
Banggai,Moilong,Mulyoharjo,Aman
Banggai,Moilong,Salauan,Aman
Banggai,Moilong,Selamet Raharjo,Aman
Banggai,Moilong,Sidoharjo,Aman
Banggai,Moilong,SidoMakmur,Aman
Banggai,Moilong,Sumberharjo,Aman
Banggai,Moilong,Toili,Aman
Banggai,Moilong,Tou,Aman
Banggai,Nambo,Koyoan,Aman
Banggai,Nambo,Koyoan Permai,Aman
Banggai,Nambo,Lontio,Aman
Banggai,Nambo,Lontio Baru,Aman
Banggai,Nambo,Lumbe,Aman
Banggai,Nambo,Nambo Bosaa,Aman
Banggai,Nambo,Nambo Lempek,Aman
Banggai,Nambo,Nambo Lempek Baru,Aman
Banggai,Nambo,Nambo Padang,Aman
Banggai,Nambo,Padungnyo,Aman
Banggai,Nambo,Sayambongin,Aman
Banggai,Nuhon,Balaang,Aman
Banggai,Nuhon,Bangketa,Aman
Banggai,Nuhon,Batu Hitam,Aman
Banggai,Nuhon,Bella,Aman
Banggai,Nuhon,Binohu,Aman
Banggai,Nuhon,Bolubungkang,Aman
Banggai,Nuhon,Damai Makmur,Aman
Banggai,Nuhon,Jaya Makmur,Aman
Banggai,Nuhon,Kabua Bua,Aman
Banggai,Nuhon,Mantan B,Aman
Banggai,Nuhon,Obok Balingara,Aman
Banggai,Nuhon,Pakowa Bunta,Aman
Banggai,Nuhon,Petak,Aman
Banggai,Nuhon,Pibombo,Aman
Banggai,Nuhon,Pulo Dalangan,Aman
Banggai,Nuhon,Saiti,Aman
Banggai,Nuhon,Sumber Agung,Aman
Banggai,Nuhon,Tomeang,Aman
Banggai,Nuhon,Tetesulu,Aman
Banggai,Nuhon,Tobelombang,Aman
Banggai,Pagimana,Ampera,Aman
Banggai,Pagimana,Asaan,Aman
Banggai,Pagimana,Bajo Poat,Aman
Banggai,Pagimana,Balai Gondi,Aman
Banggai,Pagimana,Baloadada,Aman
Banggai,Pagimana,Basabungan,Aman
Banggai,Pagimana,Bondat,Aman
Banggai,Pagimana,Bulu,Aman
Banggai,Pagimana,Bungawon,Aman
Banggai,Pagimana,Dongkalan,Aman
Banggai,Pagimana,Gomuo,Aman
Banggai,Pagimana,Hohudongan,Aman
Banggai,Pagimana,Huhak,Aman
Banggai,Pagimana,Jaya Bakti,Aman
Banggai,Pagimana,Lambangan,Aman
Banggai,Pagimana,Lamo,Aman
Banggai,Pagimana,Nain,Aman
Banggai,Pagimana,Pagimana,Aman
Banggai,Pagimana,Pakowa,Aman
Banggai,Pagimana,Pinapuan,Aman
Banggai,Pagimana,Pisou,Aman
Banggai,Pagimana,Poh,Aman
Banggai,Pagimana,Sama Jatem,Aman
Banggai,Pagimana,Sepak,Aman
Banggai,Pagimana,Sinampangnyo,Aman
Banggai,Pagimana,Siuna,Aman
Banggai,Pagimana,Taloyon,Aman
Banggai,Pagimana,Tampe,Aman
Banggai,Pagimana,Tintingan,Aman
Banggai,Pagimana,Toipan,Aman
Banggai,Pagimana,Tombang,Aman
Banggai,Pagimana,Tongkonunuk,Aman
Banggai,Pagimana,Uwedaka,Aman
Banggai,Simpang Raya,Beringin Jaya,Aman
Banggai,Simpang Raya,Doda Bunta,Aman
Banggai,Simpang Raya,Dowiwi,Aman
Banggai,Simpang Raya,Dwipa Karya,Aman
Banggai,Simpang Raya,Gonohop,Aman
Banggai,Simpang Raya,Koninis,Aman
Banggai,Simpang Raya,Lokait,Aman
Banggai,Simpang Raya,Mantan A,Aman
Banggai,Simpang Raya,Rantau Jaya,Aman
Banggai,Simpang Raya,Simpang Dua,Aman
Banggai,Simpang Raya,Simpang Satu,Aman
Banggai,Simpang Raya,Sumber Mulia,Aman
Banggai,Toili,Marga Kencana,Aman
Banggai,Toili,Bentang,Aman
Banggai,Toili,Bukit Jaya,Aman
Banggai,Toili,Bumi harjo,Aman
Banggai,Toili,CendanaPura,Aman
Banggai,Toili,Menhasang,Aman
Banggai,Toili,Minahaki,Aman
Banggai,Toili,Minakarya,Aman
Banggai,Toili,Moilong,Aman
Banggai,Toili,Mulyoharjo,Aman
Banggai,Toili,Piondo,Aman
Banggai,Toili,Rusa Kencana,Aman
Banggai,Toili,Saluan,Aman
Banggai,Toili,Samarole,Aman
Banggai,Toili,Selamet Raharjo,Aman
Banggai,Toili,Sentral Sari,Aman
Banggai,Toili,Sentral Timur,Aman
Banggai,Toili,Sidoharjo,Aman
Banggai,Toili,Sindang Baru,Aman
Banggai,Toili,Singkoyo,Aman
Banggai,Toili,Tirta Kencana,Aman
Banggai,Toili,Tirta Sari,Aman
Banggai,Toili,Tohiti Sari,Aman
Banggai,Toili,Toili,Aman
Banggai,Toili,Tolisu,Aman
Banggai,Toili Barat,Bukit Markati,Aman
Banggai,Toili Barat,Bumi Harapan,Aman
Banggai,Toili Barat,Dongin,Aman
Banggai,Toili Barat,Gunung keramat,Aman
Banggai,Toili Barat,Kami Wangi,Aman
Banggai,Toili Barat,Karya Makmur,Aman
Banggai,Toili Barat,Lembah Kramat,Aman
Banggai,Toili Barat,Makapa,Aman
Banggai,Toili Barat,Mantawa,Aman
Banggai,Toili Barat,Mantawa BoneBae,Aman
Banggai,Toili Barat,Mekar Jaya,Aman
Banggai,Toili Barat,Mekar Sari,Aman
Banggai,Toili Barat,Pandan Wangi,Aman
Banggai,Toili Barat,Pasair Lemba,Aman
Banggai,Toili Barat,Rata,Aman
Banggai,Toili Barat,Sindang Sari,Aman
Banggai,Toili Barat,UweLolu,Aman
Buol,Biau,Kumaligon,Aman
Buol,Biau,Leok 1,Aman
Buol,Biau,Leok 2,Aman
Buol,Biau,Kali,Aman
Buol,Biau,Kulango,Aman
Buol,Biau,Buol,Siaga
Buol,Biau,Kampung Bugis,Aman
Buol,Bokat,Bokat,Aman
Buol,Bokat,Bokat IV,Aman
Buol,Bokat,Bongo,Aman
Buol,Bokat,Bukamog,Aman
Buol,Bokat,Butukan,Aman
Buol,Bokat,Doulan,Aman
Buol,Bokat,Duamayo,Aman
Buol,Bokat,Kantanan,Aman
Buol,Bokat,Kodolagon,Aman
Buol,Bokat,Langudon,Aman
Buol,Bokat,Negeri Lama,Aman
Buol,Bokat,Poongan,Aman
Buol,Bokat,Tang,Aman
Buol,Bokat,Tayadun,Aman
Buol,Bokat,Tikopo,Aman
Buol,Bukal,Biau,Aman
Buol,Bukal,Binuang,Aman
Buol,Bukal,Bukal,Aman
Buol,Bukal,Bungkudu,Aman
Buol,Bukal,Diat,Aman
Buol,Bukal,Modo I,Aman
Buol,Bukal,Mooyong,Aman
Buol,Bukal,Mopu,Aman
Buol,Bukal,Mulat,Aman
Buol,Bukal,Potangoan,Aman
Buol,Bukal,Rantemaranu,Aman
Buol,Bukal,Unone,Aman
Buol,Bukal,Winagun,Aman
Buol,Bukal,Yugut,Aman
Buol,Bonobogu,Bonobogu,Aman
Buol,Bonobogu,Botugolu,Aman
Buol,Bonobogu,Inalatan,Aman
Buol,Bonobogu,Konamukan,Aman
Buol,Bonobogu,Bunobogu Selatan,Aman
Buol,Bonobogu,Domag Mekar,Aman
Buol,Bonobogu,Pokobo,Aman
Buol,Bonobogu,Lonu,Aman
Buol,Bonobogu,Ponipingin,Aman
Buol,Bonobogu,Tamit,Aman
Buol,Gadung,Bulagidun,Aman
Buol,Gadung,Bulogidon Tanjung,Aman
Buol,Gadung,Diapati,Aman
Buol,Gadung,Labuton,Aman
Buol,Gadung,Lipubogu,Aman
Buol,Gadung,Lokodidi,Aman
Buol,Gadung,Lokodoka,Aman
Buol,Gadung,Matinan,Aman
Buol,Gadung,Nandu,Aman
Buol,Gadung,Pandangan,Aman
Buol,Gadung,Taat,Aman
Buol,Karamat,Baruga,Aman
Buol,Karamat,Busak I,Aman
Buol,Karamat,Busak II,Aman
Buol,Karamat,Lamakan,Aman
Buol,Karamat,Mendaan,Aman
Buol,Karamat,Mokupo,Aman
Buol,Karamat,Monano,Aman
Buol,Lakea,Bukaan,Aman
Buol,Lakea,Ilambe,Aman
Buol,Lakea,Lakea I,Aman
Buol,Lakea,Lakea II,Aman
Buol,Lakea,Lakuan Buol,Aman
Buol,Lakea,Ngune,Aman
Buol,Lakea,Tuinan,Aman
Buol,Momunu,Guamonial,Aman
Buol,Momunu,Lamadong I,Aman
Buol,Momunu,Lamadong II,Aman
Buol,Momunu,Mangubi,Aman
Buol,Momunu,Momunu,Aman
Buol,Momunu,Pajeko,Aman
Buol,Momunu,Panimbul,Aman
Buol,Momunu,Pinamula,Aman
Buol,Momunu,Pinamula Baru,Aman
Buol,Momunu,Pomayagon,Aman
Buol,Momunu,Potugu,Aman
Buol,Momunu,Pujimulyo,Aman
Buol,Momunu,Soraya,Aman
Buol,Momunu,Taluan,Aman
Buol,Momunu,Tongon,Aman
Buol,Momunu,Wakat,Aman
Buol,Paleleh,Baturata,Aman
Buol,Paleleh,Dopalak,Aman
Buol,Paleleh,Dotuno,Aman
Buol,Paleleh,Kwalabesar,Aman
Buol,Paleleh,Lilito,Aman
Buol,Paleleh,Lintidu,Aman
Buol,Paleleh,Molangto,Aman
Buol,Paleleh,Paleleh,Aman
Buol,Paleleh,Pionoto,Aman
Buol,Paleleh,Talaki,Aman
Buol,Paleleh,Tolau,Aman
Buol,Paleleh,Umu,Aman
Buol,Paleleh Barat,Bodi,Aman
Buol,Paleleh Barat,Harmoni,Aman
Buol,Paleleh Barat,Hulubalang,Aman
Buol,Paleleh Barat,Lunguto,Aman
Buol,Paleleh Barat,Oyak,Aman
Buol,Paleleh Barat,Tayokan,Aman
Buol,Paleleh Barat,Timbulon,Aman
Buol,Tiloan,Air Terang,Aman
Buol,Tiloan,Balau,Aman
Buol,Tiloan,Boilan,Aman
Buol,Tiloan,Jati Mulya,Aman
Buol,Tiloan,Kokobuka,Aman
Buol,Tiloan,Lomuli,Aman
Buol,Tiloan,Maniala,Aman
Buol,Tiloan,Monggonit,Aman
Buol,Tiloan,Panilan Jaya,Aman
Toli-Toli,Baolan,Tuweley,Aman
Toli-Toli,Baolan,Panasakan,Aman
Toli-Toli,Baolan,Sidoarjo,Aman
Toli-Toli,Baolan,Baru,Aman
Toli-Toli,Baolan,Nalu,Aman
Toli-Toli,Baolan,Tambun,Aman
Toli-Toli,Baolan,Buntuna,Aman
Toli-Toli,Baolan,Lelean Nono,Aman
Toli-Toli,Baolan,Pangi,Aman
Toli-Toli,Baolan,Dadakitan,Aman
Toli-Toli,Basidondo,Basi,Aman
Toli-Toli,Basidondo,Galandau,Aman
Toli-Toli,Basidondo,Labonu,Aman
Toli-Toli,Basidondo,Kayu Lompa,Aman
Toli-Toli,Basidondo,Kinapasan,Aman
Toli-Toli,Basidondo,Kongkomos,Aman
Toli-Toli,Basidondo,Marisa,Aman
Toli-Toli,Basidondo,Ogosipat,Aman
Toli-Toli,Basidondo,Sibaluton,Aman
Toli-Toli,Basidondo,Silondou,Aman
Toli-Toli,Dako Pamean,Dungingis,Aman
Toli-Toli,Dako Pamean,Galumpang,Aman
Toli-Toli,Dako Pamean,Kapas,Aman
Toli-Toli,Dako Pamean,Lingadan,Aman
Toli-Toli,Dampal Selatan,Simuntu,Aman
Toli-Toli,Dampal Selatan,Mimbala,Aman
Toli-Toli,Dampal Selatan,Dongko,Aman
Toli-Toli,Dampal Selatan,Puse,Aman
Toli-Toli,Dampal Selatan,Bangkir,Aman
Toli-Toli,Dampal Selatan,Lempe,Aman
Toli-Toli,Dampal Selatan,Soni,Aman
Toli-Toli,Dampal Selatan,Paddumpu,Aman
Toli-Toli,Dampal Selatan,Tampiala,Aman
Toli-Toli,Dampal Selatan,Abbajareng,Aman
Toli-Toli,Dampal Selatan,Pallakawe,Aman
Toli-Toli,Dampal Selatan,Kombo,Aman
Toli-Toli,Dampal Selatan,Dampal,Aman
Toli-Toli,Dampal Utara,Bambapula,Aman
Toli-Toli,Dampal Utara,Banagan,Aman
Toli-Toli,Dampal Utara,Kabinuang,Aman
Toli-Toli,Dampal Utara,Malambigu,Aman
Toli-Toli,Dampal Utara,Ogotua,Aman
Toli-Toli,Dampal Utara,Simatang Tanjung,Aman
Toli-Toli,Dampal Utara,Simatang Utara,Aman
Toli-Toli,Dampal Utara,Tompoh,Aman
Toli-Toli,Dampal Utara,Dampal Utara,Aman
Toli-Toli,Dampal Utara,Simatang Timur,Aman
Toli-Toli,Dampal Utara,Simarang Tanjung Utara,Aman
Toli-Toli,Dampal Utara,Sina,Aman
Toli-Toli,Dondo,Luok Manipi,Aman
Toli-Toli,Dondo,Salumbia,Aman
Toli-Toli,Dondo,Bambapun,Aman
Toli-Toli,Dondo,Ogowele,Aman
Toli-Toli,Dondo,Lais,Aman
Toli-Toli,Dondo,Ogogasang,Aman
Toli-Toli,Dondo,Malomba,Aman
Toli-Toli,Dondo,Ogogili,Aman
Toli-Toli,Dondo,Tinabogan,Aman
Toli-Toli,Dondo,Malulu,Aman
Toli-Toli,Dondo,Malala,Aman
Toli-Toli,Dondo,Anggasan,Aman
Toli-Toli,Dondo,Betengon,Aman
Toli-Toli,Dondo,Pangkung,Aman
Toli-Toli,Dondo,Ogowele Buga,Aman
Toli-Toli,Dondo,Lobuo,Aman
Toli-Toli,Galang,Bajugan,Aman
Toli-Toli,Galang,Ginunggung,Aman
Toli-Toli,Galang,Kalangkangan,Aman
Toli-Toli,Galang,Lakatan,Aman
Toli-Toli,Galang,Lalos,Aman
Toli-Toli,Galang,Lantapan,Aman
Toli-Toli,Galang,Ogomoli,Aman
Toli-Toli,Galang,Sabang,Aman
Toli-Toli,Galang,Sandana,Aman
Toli-Toli,Galang,Tende,Aman
Toli-Toli,Galang,Tinigi,Aman
Toli-Toli,Galang,Kinopasan,Aman
Toli-Toli,Galang,Malangga,Aman
Toli-Toli,Galang,Aung,Aman
Toli-Toli,Lampasio,Janja,Aman
Toli-Toli,Lampasio,Lampasio,Aman
Toli-Toli,Lampasio,Maibua,Aman
Toli-Toli,Lampasio,Mulia Sari,Aman
Toli-Toli,Lampasio,Oyom,Aman
Toli-Toli,Lampasio,Salugan,Aman
Toli-Toli,Lampasio,Sibea,Aman
Toli-Toli,Lampasio,Tinading,Aman
Toli-Toli,Lampasio,Ogomatanang,Aman
Toli-Toli,Lampasio,Lampasio Utara,Aman
Toli-Toli,Ogodeide,Bambalaga,Aman
Toli-Toli,Ogodeide,Bauilo,Aman
Toli-Toli,Ogodeide,Bilo,Aman
Toli-Toli,Ogodeide,Buga,Aman
Toli-Toli,Ogodeide,Kabetan,Aman
Toli-Toli,Ogodeide,Kamalu,Aman
Toli-Toli,Ogodeide,Labuan lobo,Aman
Toli-Toli,Ogodeide,Muara Besar,Aman
Toli-Toli,Ogodeide,Pagaitan,Aman
Toli-Toli,Ogodeide,Pulias,Aman
Toli-Toli,Ogodeide,Sambujan,Aman
Toli-Toli,Toli-Toli Utara,Binontoan,Aman
Toli-Toli,Toli-Toli Utara,Diule,Aman
Toli-Toli,Toli-Toli Utara,Lakuan Tolitoli,Aman
Toli-Toli,Toli-Toli Utara,Laulalang,Aman
Toli-Toli,Toli-Toli Utara,Lingadan,Aman
Toli-Toli,Toli-Toli Utara,Pinjan,Aman
Toli-Toli,Toli-Toli Utara,Salumpaga,Aman
Toli-Toli,Toli-Toli Utara,Santigi,Aman
Toli-Toli,Toli-Toli Utara,Ambotuban,Aman
Toli-Toli,Toli-Toli Utara,Teluk Jaya,Aman
Banggai,Tinangkung,Salakan,Aman
Kepulauan,Tinangkung,Desa Manggalai,Aman
Kepulauan,Tinangkung,Desa Ambelang,Aman
Kepulauan,Tinangkung,Desa Saiyong,Aman
Kepulauan,Tinangkung,Desa Tompudau,Aman
Kepulauan,Tinangkung,Desa Bongganan,Siaga
Kepulauan,Tinangkung,Desa Baka,Siaga
Kepulauan,Tinangkung,Desa Bulungkobit,Aman
Kepulauan,Tinangkung,Desa Bakalan,Aman
Kepulauan,Tinangkung,Desa Kautu,Aman
Kepulauan,Tinangkung,Desa Bungin,Aman
Kepulauan,Tinangkung,Desa Tobing,Aman
Kepulauan,Selatan,Desa Paisumosoni,Aman
Kepulauan,Selatan,Desa Bobu,Aman
Kepulauan,Selatan,Desa Tobungin,Aman
Kepulauan,Selatan,Desa Mansamat B,Aman
Kepulauan,Selatan,Desa Mansamat A,Aman
Kepulauan,Selatan,Desa Kampung Baru,Aman
Kepulauan,Selatan,Desa Tinangkung,Aman
Kepulauan,Selatan,Desa Gansal,Aman
Kepulauan,Tinangkung,Desa Lalong,Aman
Kepulauan,Utara,Desa Ponding-Ponding,Aman
Kepulauan,Utara,Desa Tatakali,Aman
Kepulauan,Utara,Desa Luksagu,Aman
Kepulauan,Utara,Desa Palam,Aman
Kepulauan,Utara,Desa Bampanga,Aman
Kepulauan,Totikum,Desa Sobonon,Aman
Kepulauan,Totikum,Desa Bolonan,Aman
Kepulauan,Totikum,Desa Batangbabasal,Aman
Kepulauan,Totikum,Desa Sampaka,Aman
Kepulauan,Totikum,Desa Salangano,Aman
Kepulauan,Totikum,Desa Sambiut,Aman
Kepulauan,Totikum,Desa Sakay,Aman
Kepulauan,Totikum,Desa Tone,Aman
Kepulauan,Totikum,Desa Abason,Aman
Kepulauan,Totikum,Desa Lopito,Aman
Kepulauan,Totikum,Desa Kombutokan,Aman
Kepulauan,Totikum Selatan,Desa Kalumbatan,Aman
Kepulauan,Totikum Selatan,Desa Tonuson,Aman
Kepulauan,Totikum Selatan,Desa Tobungku,Aman
Kepulauan,Totikum Selatan,Desa Nulion,Aman
Kepulauan,Totikum Selatan,Desa Peley,Aman
Kepulauan,Totikum Selatan,Desa Kanali,Aman
Kepulauan,Totikum Selatan,Desa Mata,Aman
Kepulauan,Totikum Selatan,Desa Lobuton,Aman
Kepulauan,Peling Tengah,Desa Patukuki,Aman
Kepulauan,Peling Tengah,Desa Balombong,Aman
Kepulauan,Peling Tengah,Desa Kolak,Aman
Kepulauan,Peling Tengah,Desa  Koyobunga,Aman
Kepulauan,Peling Tengah,Desa Alakasing,Aman
Kepulauan,Peling Tengah,Desa Tombos,Aman
Kepulauan,Peling Tengah,Desa L u k,Aman
Kepulauan,Peling Tengah,Desa Labibi,Aman
Kepulauan,Peling Tengah,Desa Popisi,Aman
Kepulauan,Peling Tengah,Desa Tolulos,Aman
Kepulauan,Peling Tengah,Desa Tunggaling,Aman
Kepulauan,Liang,Desa Tangkop,Aman
Kepulauan,Liang,Desa Binuntuli,Aman
Kepulauan,Liang,Desa Popidolon,Aman
Kepulauan,Liang,Desa Okumel,Aman
Kepulauan,Liang,Desa Tomboniki,Aman
Kepulauan,Liang,Desa Kindandal,Aman
Kepulauan,Liang,Desa Mamulusan,Aman
Kepulauan,Liang,Desa Saleati,Aman
Kepulauan,Liang,Desa Liang,Aman
Kepulauan,Liang,Desa Bajo,Aman
Kepulauan,Liang,Desa Balayon,Aman
Kepulauan,Liang,Desa Basosol,Aman
Kepulauan,Liang,Desa Boyomoute,Aman
Kepulauan,Liang,Desa Apal,Aman
Kepulauan,Liang,Desa Selekan,Aman
Kepulauan,Liang,Desa Loolong,Aman
Kepulauan,Bulagi,Kelurahan Bulagi,Aman
Kepulauan,Bulagi,Desa Tolo,Aman
Kepulauan,Bulagi,Desa Lalandai,Aman
Kepulauan,Bulagi,Desa Montomisan,Aman
Kepulauan,Bulagi,Desa Sosom,Aman
Kepulauan,Bulagi,Desa Bulagi  II,Aman
Kepulauan,Bulagi,Desa Boloy,Aman
Kepulauan,Bulagi,Desa Meselesek,Aman
Kepulauan,Bulagi,Desa Oluno,Aman
Kepulauan,Bulagi,Desa Sumondung,Aman
Kepulauan,Bulagi,Desa Peling Seasa,Aman
Kepulauan,Bulagi,Desa Komba-Komba,Aman
Kepulauan,Bulagi,Desa Alul,Aman
Kepulauan,Bulagi,Desa Toolon,Aman
Kepulauan,Bulagi,Desa Kambal,Aman
Kepulauan,Bulagi,Desa Kayubet,Aman
Kepulauan,Bulagi Utara,Kelurahan Sabang,Aman
Kepulauan,Bulagi Utara,Desa Sambulangan,Aman
Kepulauan,Bulagi Utara,Desa Bangunemo,Aman
Kepulauan,Bulagi Utara,Desa Paisuluno,Aman
Kepulauan,Bulagi Utara,Desa Montop,Aman
Kepulauan,Bulagi Utara,Desa Bolubung,Aman
Kepulauan,Bulagi Utara,Desa Bakalinga,Aman
Kepulauan,Bulagi Utara,Desa Lukpanenteng,Aman
Kepulauan,Bulagi Utara,Desa Koyobunga,Aman
Kepulauan,Bulagi Utara,Desa Ombuli,Aman
Kepulauan,Bulagi Utara,Desa Minanga,Aman
Kepulauan,Bulagi Utara,Desa Mandok,Aman
Kepulauan,Bulagi Selatan,Desa Bonepuso,Aman
Kepulauan,Bulagi Selatan,Desa Palabatu  II,Aman
Kepulauan,Bulagi Selatan,Desa Tatarandang,Aman
Kepulauan,Bulagi Selatan,Desa Pandaluk,Aman
Kepulauan,Bulagi Selatan,Desa Osan,Aman
Kepulauan,Bulagi Selatan,Desa Balalon,Aman
Kepulauan,Bulagi Selatan,Desa Sabelak,Aman
Kepulauan,Bulagi Selatan,Desa Suit,Aman
Kepulauan,Bulagi Selatan,Desa Lolantang,Aman
Kepulauan,Bulagi Selatan,Desa Toi-Toi,Aman
Kepulauan,Bulagi Selatan,Desa Palabatu  I,Aman
Kepulauan,Bulagi Selatan,Desa Mangais,Aman
Kepulauan,Bulagi Selatan,Desa U n u,Aman
Kepulauan,Bulagi Selatan,Desa Lemelu,Aman
Kepulauan,Bulagi Selatan,Desa Babang,Aman
Kepulauan,Bulagi Selatan,Desa Momotan,Aman
Kepulauan,Bulagi Selatan,Desa Boluni,Aman
Kepulauan,Bulagi Selatan,Desa Labotan Kandi,Aman
Kepulauan,Bulagi Selatan,Desa Alasan Nggolobuton,Aman
Kepulauan,Bulagi Selatan,Desa Pipilogot Paipaisu,Aman
Kepulauan,Buko,Desa Paisubatu,Aman
Kepulauan,Buko,Desa Batangono,Aman
Kepulauan,Buko,Desa Lalengan,Aman
Kepulauan,Buko,Desa Peling Lalomo,Aman
Kepulauan,Buko,Desa Labasiano,Aman
Kepulauan,Buko,Desa Tataba,Aman
Kepulauan,Buko,Desa Malanggong,Aman
Kepulauan,Buko,Desa Leme-Leme Bungin,Aman
Kepulauan,Buko,Desa Leme-Leme Darat,Aman
Kepulauan,Buko,Desa Talas-Talas,Aman
Kepulauan,Buko,Desa Okulo Potil,Aman
Kepulauan,Buko,Desa Tatendeng,Aman
Kepulauan,Buko,Desa Olusi,Aman
Kepulauan,Buko Selatan,Desa Lumbi-Lumbia,Aman
Kepulauan,Buko Selatan,Desa Kambani,Aman
Kepulauan,Buko Selatan,Desa Tatabau,Aman
Kepulauan,Buko Selatan,Desa Buko,Aman
Kepulauan,Buko Selatan,Desa Palapat,Aman
Kepulauan,Buko Selatan,Desa Labangun,Aman
Kepulauan,Buko Selatan,Desa Seano,Aman
Kepulauan,Buko Selatan,Desa Lelang Matamaling,Aman
Kepulauan,Buko Selatan,Desa Apal,Aman
Kepulauan,Buko Selatan,Desa Sapelang,Aman
Kepulauan,Buko Selatan,Desa Landonan Bebeau,Aman
Poso,Poso Kota,Kel. Gebangrejo Barat,Aman
Poso,Poso Kota,Kel. Gebangrejo Timur,Aman
Poso,Poso Kota,Kel. Gebangrejo,Aman
Poso,Poso Kota,Kel. Kayamanya Sentral,Aman
Poso,Poso Kota,Kel. Kayamanya,Bahaya
Poso,Poso Kota,Kel. Moengko Baru,Aman
Poso,Poso Kota,Kel. Moengko Lama,Aman
Poso,Poso Kota,Kel. Bonesompe,Aman
Poso,Utara,Kel. Kasintuwu,Aman
Poso,Utara,Kel. Lawanga Tawongan,Aman
Poso,Utara,Kel. Lawanga,Bahaya
Poso,Utara,Kel. Lombogia,Aman
Poso,Utara,Kel. Madale,Aman
Poso,Utara,Kel. Tegal Rejo,Aman
Poso,Poso Kota,Kel. Bukit Bambu,Aman
Poso,Selatan,Kel. Kawua,Aman
Poso,Selatan,Kel. Lemomawo,Aman
Poso,Selatan,Kel. Ranononcu,Aman
Poso,Selatan,Kel. Sayo,Aman
Poso,Poso Pesisir,Kel. Mapane,Aman
Poso,Poso Pesisir,Kel. Kasiguncu,Aman
Poso,Poso Pesisir,Kel. Tabalu,Aman
Poso,Poso Pesisir,Desa Masamba,Aman
Poso,Poso Pesisir,Ddesa Masani,Aman
Poso,Poso Pesisir,Desa Bega,Aman
Poso,Poso Pesisir,Desa Betania,Aman
Poso,Poso Pesisir,Desa Lanto Jaya,Aman
Poso,Poso Pesisir,Desa Lape,Aman
Poso,Poso Pesisir,Desa Pinedapa,Aman
Poso,Poso Pesisir,Desa Saatu,Aman
Poso,Poso Pesisir,Desa Tabale,Aman
Poso,Poso Pesisir,Desa Tiwaa,Aman
Poso,Poso Pesisir,Desa Toini,Aman
Poso,Poso Pesisir,Desa Tokorondo,Aman
Poso,Poso Pesisir,Desa Towu,Aman
Poso,Poso Pesisir,Desa Ueralulu,Aman
Poso,Poso Pesisi,Desa Betalemba,Aman
Poso,Selatan,Desa Dewua,Aman
Poso,Selatan,Desa Malitu,Aman
Poso,Selatan,Desa Padalembara,Aman
Poso,Selatan,Desa Pantangolemmba,Aman
Poso,Selatan,Desa Patiwunga,Aman
Poso,Selatan,Desa Sangginora,Aman
Poso,Selatan,Desa Tangkura,Aman
Poso,Selatan,Desa Taunca,Aman
Poso,Poso Pesisir,Desa Bakti Agung,Aman
Poso,Utara,Desa Kawende,Aman
Poso,Utara,Desa Kalora,Aman
Poso,Utara,Desa Kilo,Aman
Poso,Utara,Desa Membuke,Aman
Poso,Utara,Desa Maranda,Aman
Poso,Utara,Desa Tambarana,Aman
Poso,Utara,Desa Tobe,Aman
Poso,Utara,Desa Trimulya,Aman
Poso,Utara,Desa Tumora,Aman
Poso,Pamona Barat,Desa Meko,Aman
Poso,Pamona Barat,Desa Owini,Aman
Poso,Pamona Barat,Desa Salukaia,Aman
Poso,Pamona Barat,Desa Taipa,Aman
Poso,Pamona Barat,Desa Toinasa,Aman
Poso,Pamona Barat,Desa Uranosari,Aman
Poso,Pamona,Kel. Pamona,Aman
Poso,Puselemba,Kel. Tentena,Aman
Poso,Puselemba,Kel. Sangele,Aman
Poso,Puselemba,Desa Buyumpondoli,Aman
Poso,Puselemba,Desa Dulumai,Aman
Poso,Puselemba,Desa Mayakeli,Aman
Poso,Puselemba,Desa Peura,Aman
Poso,Puselemba,Desa Soe,Aman
Poso,Puselemba,Desa Tonusu,Aman
Poso,Puselemba,Desa Wera,Aman
Poso,Pamona,Desa Amporiwo,Aman
Poso,Tenggara,Desa Barati,Aman
Poso,Tenggara,Desa Korobono,Aman
Poso,Tenggara,Desa Salindu,Aman
Poso,Tenggara,Desa Singkona,Aman
Poso,Tenggara,Desa Tolambo,Aman
Poso,Tenggara,Desa Tindoli,Aman
Poso,Tenggara,Desa Tokilo,Aman
Poso,Tenggara,Desa Wayura,Aman
Poso,Pamona Timur,Desa Didiri,Aman
Poso,Pamona Timur,Desa Kamba,Aman
Poso,Pamona Timur,Desa Kancuu,Aman
Poso,Pamona Timur,Desa Kelei,Aman
Poso,Pamona Timur,Desa Magapu,Aman
Poso,Pamona Timur,Desa Matialemba,Aman
Poso,Pamona Timur,Desa Masewe,Aman
Poso,Pamona Timur,Desa Olumokunde,Aman
Poso,Pamona Timur,Desa Pancasila,Aman
Poso,Pamona Timur,Desa Petro,Aman
Poso,Pamona Timur,Desa Poleganyara,Aman
Poso,Pamona Timur,Desa Taripa,Aman
Poso,Pamona Timur,Desa Tiu,Aman
Poso,Pamona Selatan,Desa Bancea,Aman
Poso,Pamona Selatan,Desa Bangun Jaya,Aman
Poso,Pamona Selatan,Desa Boe,Aman
Poso,Pamona Selatan,Desa Maya Jaya,Aman
Poso,Pamona Selatan,Desa Mayasari,Aman
Poso,Pamona Selatan,Desa Mayoa,Aman
Poso,Pamona Selatan,Desa Panda Jaya,Aman
Poso,Pamona Selatan,Desa Pandayora,Aman
Poso,Pamona Selatan,Desa Panjo,Aman
Poso,Pamona Selatan,Desa Pasir Putih,Aman
Poso,Pamona Selatan,Desa Pendolo,Aman
Poso,Pamona Selatan,Desa Uelene,Aman
Poso,Pamona Utara,Kel. Tendeadongi,Aman
Poso,Pamona Utara,Kel. Sawidago,Aman
Poso,Pamona Utara,Kel. Petrodongi,Aman
Poso,Pamona Utara,Desa Kuku,Aman
Poso,Pamona Utara,Desa Panjoka,Aman
Poso,Pamona Utara,Desa Sangira,Aman
Poso,Pamona Utara,Desa Saojo,Aman
Poso,Pamona Utara,Desa Sulewana,Aman
Poso,Pamona Utara,Desa Uelincu,Aman
Poso,Pamona Utara,Desa Lena,Aman
Poso,Lage,Desa Bategencu,Aman
Poso,Lage,Desa Labuadago,Aman
Poso,Lage,Desa Labuan,Aman
Poso,Lage,Desa Malei,Aman
Poso,Lage,Desa Maliwuko,Aman
Poso,Lage,Desa Pandiri,Aman
Poso,Lage,Desa Ratoombu,Aman
Poso,Lage,Desa Sepe,Aman
Poso,Lage,Desa Silanca,Aman
Poso,Lage,Desa Sintuwulemba,Aman
Poso,Lage,Desa Tagolu,Aman
Poso,Lage,Desa Tambaro,Aman
Poso,Lage,Desa Tampemadoro,Aman
Poso,Lage,Desa Tongko,Aman
Poso,Lage,Desa Toyado,Aman
Poso,Lage,Desa Watuawu,Aman
Poso,Lore Barat,Desa Kageroa,Aman
Poso,Lore Barat,Desa Kolori,Aman
Poso,Lore Barat,Desa Lelio,Aman
Poso,Lore Barat,Desa Lengkeka,Aman
Poso,Lore Barat,Desa Tomehipi,Aman
Poso,Lore Barat,Desa Tuare,Aman
Poso,Lore Peore,Desa Betue,Aman
Poso,Lore Peore,Desa Siliwanga,Aman
Poso,Lore Peore,Desa Talabosa,Aman
Poso,Lore Peore,Desa Wanga,Aman
Poso,Lore Peore,Desa Watutau,Aman
Poso,Lore Selatan,Desa Badangkaia,Aman
Poso,Lore Selatan,Desa Bakekau,Aman
Poso,Lore Selatan,Desa Bewa,Aman
Poso,Lore Selatan,Desa Bomba,Aman
Poso,Lore Selatan,Desa Bulili,Aman
Poso,Lore Selatan,Desa Gintu,Aman
Poso,Lore Selatan,Desa Pada,Aman
Poso,Lore Selatan,Desa Runde,Aman
Poso,Lore Tengah,Desa Baliura,Aman
Poso,Lore Tengah,Desa Bariri,Aman
Poso,Lore Tengah,Desa Doda,Aman
Poso,Lore Tengah,Desa Hanggira,Aman
Poso,Lore Tengah,Desa Katu,Aman
Poso,Lore Tengah,Desa Lempe,Aman
Poso,Lore Tengah,Desa Rompo,Aman
Poso,Lore Tengah,Desa Torire,Aman
Poso,Lore Timur,Desa Kalemago,Aman
Poso,Lore Timur,Desa Maholo,Aman
Poso,Lore Timur,Desa Mekarsari,Aman
Poso,Lore Timur,Desa Tamadue,Aman
Poso,Lore Timur,Desa Winowanga,Aman
Poso,Lore Utara,Desa Alitupu,Aman
Poso,Lore Utara,Desa Dodolo,Aman
Poso,Lore Utara,Desa Kaduwaa,Aman
Poso,Lore Utara,Desa Sedoa,Aman
Poso,Lore Utara,Desa Bumi Banyusari,Aman
Poso,Lore Utara,Desa Watumatea,Aman
Poso,Lore Utara,Desa Wuasa,Aman
Kota Palu,Tawaeli,Kel. Pantoloan Boya,Aman
Kota Palu,Tawaeli,Kel. Pantoloan,Waspada
Kota Palu,Tawaeli,Kel. Baiya,Aman
Kota Palu,Tawaeli,Kel. Panau,Aman
Kota Palu,Tawaeli,Kel. Lambara,Aman
Kota Palu,Palu Utara,Kel. Kayumalue Ngapa,Bahaya
Kota Palu,Palu Utara,Kel. Kayumalue Pajeko,Bahaya
Kota Palu,Palu Utara,Kel. Taipa,Waspada
Kota Palu,Palu Utara,Kel. Mamboro Barat,Aman
Kota Palu,Palu Utara,Kel. Mamboro Induk,Aman
Kota Palu,Mantikulore,Kel. Layana Indah,Aman
Kota Palu,Mantikulore,Kel. Tondo,Aman
Kota Palu,Mantikulore,Kel. Talise,Aman
Kota Palu,Mantikulore,Kel. Talise Palangguni,Aman
Kota Palu,Mantikulore,Kel. Tanamodindi,Aman
Kota Palu,Mantikulore,Kel. Lasoani,Aman
Kota Palu,Mantikulore,Kel. Poboya,Aman
Kota Palu,Mantikulore,Kel. Kawatuna,Aman
Kota Palu,Palu Timur,Kel. Besusu Barat,Waspada
Kota Palu,Palu Timur,Kel. Besusu Tengah,Aman
Kota Palu,Palu Timur,Kel. Besusu Timur,Aman
Kota Palu,Palu Timur,Kel. Lolu Selatan,Aman
Kota Palu,Palu Timur,Kel. Lolu Utara,Aman
Kota Palu,Palu Selatan,Kel. Birobuli Selatan,Aman
Kota Palu,Palu Selatan,Kel. Birobuli Utara,Aman
Kota Palu,Palu Selatan,Kel. Petobo,Aman
Kota Palu,Palu Selatan,Kel. Tatura Selatan,Aman
Kota Palu,Palu Selatan,Kel. Tatura Utara,Bahaya
Kota Palu,Tatanga,Kel. Boyaoge,Aman
Kota Palu,Tatanga,Kel. Nunu,Siaga
Kota Palu,Tatanga,Kel. Tavanjuka,Bahaya
Kota Palu,Tatanga,Kel. Palupi,Aman
Kota Palu,Tatanga,Kel. Pengawu,Aman
Kota Palu,Tatanga,Kel. Duyu,Aman
Kota Palu,Palu Barat,Kel. Baru,Waspada
Kota Palu,Palu Barat,Kel. Lere,Waspada
Kota Palu,Palu Barat,Kel. Siranindi,Aman
Kota Palu,Palu Barat,Kel. Kamonji,Aman
Kota Palu,Palu Barat,Kel. Ujuna,Aman
Kota Palu,Palu Barat,Kel. Balaroa,Aman
Kota Palu,Ulujadi,Kel. Kabonena,Aman
Kota Palu,Ulujadi,Kel. Donggala Kodi,Aman
Kota Palu,Ulujadi,Kel. Silae,Aman
Kota Palu,Ulujadi,Kel. Tipo,Aman
Kota Palu,Ulujadi,Kel. Buluri,Siaga
Kota Palu,Ulujadi,Kel. Watusampu,Aman
Tojo Una-Una,Ampana Kota,Kelurahan Malotong,Waspada
Tojo Una-Una,Ampana Kota,Bailo,Waspada
Tojo Una-Una,Ampana Kota,Ampana,Waspada
Tojo Una-Una,Ampana Kota,Bonerato,Waspada
Tojo Una-Una,Ampana Kota,Bailo Baru,Waspada
Tojo Una-Una,Ampana Kota,Labiabae,Waspada
Tojo Una-Una,Ampana Kota,Desa Sansarino,Waspada
Tojo Una-Una,Ampana Kota,Padang Tumbuo,Waspada
Tojo Una-Una,Ampana Kota,Saluaba,Waspada
Tojo Una-Una,Ampana Kota,Desa Buntongi,Waspada
Tojo Una-Una,Ratolindo,Kelurahan Uentanaga Atas,Waspada
Tojo Una-Una,Ratolindo,Uentanaga Bawah,Waspada
Tojo Una-Una,Ratolindo,Dondo,Waspada
Tojo Una-Una,Ratolindo,Uemalingku,Waspada
Tojo Una-Una,Ratolindo,Dondo Barat,Waspada
Tojo Una-Una,Ratolindo,Muara Toba,Waspada
Tojo Una-Una,Ratolindo,Desa Sumoli,Waspada
Tojo Una-Una,Ratolindo,Sabulira Toba,Waspada
Tojo Una-Una,Ratolindo,Labuan,Waspada
Tojo Una-Una,Ratolindo,Desa Patingko,Waspada
Tojo Una-Una,Tojo,Lemoro,Waspada
Tojo Una-Una,Tojo,Korondoda,Waspada
Tojo Una-Una,Tojo,Tayawa,Waspada
Tojo Una-Una,Tojo,Uekuli,Waspada
Tojo Una-Una,Tojo,Betaua,Waspada
Tojo Una-Una,Tojo,Uedele,Waspada
Tojo Una-Una,Tojo,Sandada,Waspada
Tojo Una-Una,Tojo,Tojo,Waspada
Tojo Una-Una,Tojo,Pancuma,Waspada
Tojo Una-Una,Tojo,Tongku,Waspada
Tojo Una-Una,Tojo,Podi,Waspada
Tojo Una-Una,Tojo,Dataran Bugi,Waspada
Tojo Una-Una,Tojo,Banano,Waspada
Tojo Una-Una,Tojo,Bahari,Waspada
Tojo Una-Una,Tojo,Buyuntaripa,Waspada
Tojo Una-Una,Tojo,Kalemba,Waspada
Tojo Una-Una,Tojo Barat,Malei Tojo,Waspada
Tojo Una-Una,Tojo Barat,Matako,Waspada
Tojo Una-Una,Tojo Barat,Bambalo,Waspada
Tojo Una-Una,Tojo Barat,Galuga,Waspada
Tojo Una-Una,Tojo Barat,Toliba,Waspada
Tojo Una-Una,Tojo Barat,Ujung Tibu,Waspada
Tojo Una-Una,Tojo Barat,Nggawia,Waspada
Tojo Una-Una,Tojo Barat,Tombiano,Waspada
Tojo Una-Una,Tojo Barat,Tatari,Waspada
Tojo Una-Una,Tojo Barat,Kabalo,Waspada
Tojo Una-Una,Tojo Barat,Tanamawau,Waspada
Tojo Una-Una,Tojo Barat,Malewa,Waspada
Tojo Una-Una,Tojo Barat,Mawomba,Waspada
Tojo Una-Una,Ulubongka,Tampanombo,Waspada
Tojo Una-Una,Ulubongka,Bonebae I,Waspada
Tojo Una-Una,Ulubongka,Tobamau,Waspada
Tojo Una-Una,Ulubongka,Rompi,Waspada
Tojo Una-Una,Ulubongka,Uematopa,Waspada
Tojo Una-Una,Ulubongka,Uekambuno,Waspada
Tojo Una-Una,Ulubongka,Paranonge,Waspada
Tojo Una-Una,Ulubongka,Bonebae II,Waspada
Tojo Una-Una,Ulubongka,Watusongu,Waspada
Tojo Una-Una,Ulubongka,Mire,Waspada
Tojo Una-Una,Ulubongka,Marowo,Waspada
Tojo Una-Una,Ulubongka,Borneang,Waspada
Tojo Una-Una,Ulubongka,Bongka Makmur,Waspada
Tojo Una-Una,Ulubongka,Cempa,Waspada
Tojo Una-Una,Ulubongka,Bonevoto,Waspada
Tojo Una-Una,Ulubongka,Bongkakoy,Waspada
Tojo Una-Una,Ulubongka,Takibangke,Waspada
Tojo Una-Una,Ulubongka,Kasiala,Waspada
Tojo Una-Una,Ampana Tete,Pusungi,Waspada
Tojo Una-Una,Ampana Tete,Tete B,Waspada
Tojo Una-Una,Ampana Tete,Tete A,Waspada
Tojo Una-Una,Ampana Tete,"Uebone,",Waspada
Tojo Una-Una,Ampana Tete,Mantangisi,Waspada
Tojo Una-Una,Ampana Tete,Bantuga,Waspada
Tojo Una-Una,Ampana Tete,Borone,Waspada
Tojo Una-Una,Ampana Tete,Balanggala,Waspada
Tojo Una-Una,Ampana Tete,Sabo,Waspada
Tojo Una-Una,Ampana Tete,Longge,Waspada
Tojo Una-Una,Ampana Tete,Tampabatu,Waspada
Tojo Una-Una,Ampana Tete,Urundaka,Waspada
Tojo Una-Una,Ampana Tete,Balingara,Waspada
Tojo Una-Una,Ampana Tete,Bulan Jaya,Waspada
Tojo Una-Una,Ampana Tete,Girimulyo,Waspada
Tojo Una-Una,Ampana Tete,Wanasari,Waspada
Tojo Una-Una,Ampana Tete,Kajulangko,Waspada
Tojo Una-Una,Ampana Tete,Uemakuni,Waspada
Tojo Una-Una,Ampana Tete,Mpoa,Waspada
Tojo Una-Una,Ampana Tete,Sukamaju,Waspada
Tojo Una-Una,Una-Una,Desa Taningkola,Waspada
Tojo Una-Una,Una-Una,Bambu,Waspada
Tojo Una-Una,Una-Una,Wakai,Waspada
Tojo Una-Una,Una-Una,Una-una,Waspada
Tojo Una-Una,Una-Una,Tanjung Pude,Waspada
Tojo Una-Una,Una-Una,Cendana,Waspada
Tojo Una-Una,Una-Una,Binangun,Waspada
Tojo Una-Una,Una-Una,Lembanya,Waspada
Tojo Una-Una,Una-Una,Kavetan,Waspada
Tojo Una-Una,Una-Una,Tanimpo,Waspada
Tojo Una-Una,Una-Una,Luangon,Waspada
Tojo Una-Una,Togean,"Bungayo,",Siaga
Tojo Una-Una,Togean,"Benteng,",Siaga
Tojo Una-Una,Togean,"Bangkagi,",Siaga
Tojo Una-Una,Togean,Tongkabo,Siaga
Tojo Una-Una,Togean,Pulau Enam,Siaga
Tojo Una-Una,Togean,Katupat,Siaga
Tojo Una-Una,Togean,Awo,Siaga
Tojo Una-Una,Togean,Kololio,Siaga
Tojo Una-Una,Togean,Urulepe,Siaga
Tojo Una-Una,Togean,Lembanato,Siaga
Tojo Una-Una,Togean,Lebiti,Siaga
Tojo Una-Una,Togean,Tobil,Siaga
Tojo Una-Una,Togean,Baulu,Siaga
Tojo Una-Una,Togean,Matobiai,Siaga
Tojo Una-Una,Togean,Sampobae,Siaga
Tojo Una-Una,Togean,Titiri,Siaga
Tojo Una-Una,Walea,Tiga Pulau,Aman
Tojo Una-Una,Kepulauan,Popoli,Aman
Tojo Una-Una,Kepulauan,Dolong B,Aman
Tojo Una-Una,Kepulauan,Tutung,Aman
Tojo Una-Una,Kepulauan,Dolong A,Aman
Tojo Una-Una,Kepulauan,Luok,Aman
Tojo Una-Una,Kepulauan,Kolami,Aman
Tojo Una-Una,Kepulauan,Olilan,Aman
Tojo Una-Una,Kepulauan,Loe,Aman
Tojo Una-Una,Walea Besar,Desa Biga,Aman
Tojo Una-Una,Walea Besar,Salinggoha,Aman
Tojo Una-Una,Walea Besar,Tingki,Aman
Tojo Una-Una,Walea Besar,Malapo,Aman
Tojo Una-Una,Walea Besar,Pasokan,Aman
Tojo Una-Una,Walea Besar,Kondongan,Aman
Tojo Una-Una,Walea Besar,Katogop,Aman
Tojo Una-Una,Walea Besar,Tongidon,Aman
Tojo Una-Una,Batudaka,Bomba,Aman
Tojo Una-Una,Batudaka,Molowagu,Aman
Tojo Una-Una,Batudaka,Malino,Aman
Tojo Una-Una,Batudaka,Kulingkinari,Aman
Tojo Una-Una,Batudaka,Tumbulawa,Aman
Tojo Una-Una,Batudaka,Siatu,Aman
Tojo Una-Una,Batudaka,Kambutu,Aman
Tojo Una-Una,Batudaka,Lindo,Aman
Tojo Una-Una,Batudaka,Patoyan,Aman
Tojo Una-Una,Talatako,Kalia,Siaga
Tojo Una-Una,Talatako,Malenge,Siaga
Tojo Una-Una,Talatako,Pautu,Siaga
Tojo Una-Una,Talatako,Tumotok,Siaga
Tojo Una-Una,Talatako,Kabalutan,Siaga
Tojo Una-Una,Talatako,Kadoda,Siaga
Morowali,Bahodopi,Baho Makmur,Siaga
Morowali,Bahodopi,Bahodopi,Waspada
Morowali,Bahodopi,Bete-Bete,Siaga
Morowali,Bahodopi,Fatufia,Siaga
Morowali,Bahodopi,Dampala,Siaga
Morowali,Bahodopi,Keurea,Siaga
Morowali,Bahodopi,Labota,Siaga
Morowali,Bahodopi,Lalampu,Siaga
Morowali,Bahodopi,Le-Le,Siaga
Morowali,Bahodopi,Makartijaya,Siaga
Morowali,Bahodopi,Padabahao,Siaga
Morowali,Bahodopi,Siumbatu,Siaga
Morowali,Bumi Raya,Atananga,Aman
Morowali,Bumi Raya,Bahonsuai,Aman
Morowali,Bumi Raya,Beringin Jaya,Aman
Morowali,Bumi Raya,Harapan Jaya,Aman
Morowali,Bumi Raya,Karaupa,Aman
Morowali,Bumi Raya,Lambelu,Aman
Morowali,Bumi Raya,Lasampi,Aman
Morowali,Bumi Raya,Limbo Makmur,Aman
Morowali,Bumi Raya,Parilangke,Aman
Morowali,Bumi Raya,Pebatae,Aman
Morowali,Bumi Raya,Pebotoa,Aman
Morowali,Bumi Raya,Samarenda,Aman
Morowali,Bumi Raya,Umbele,Aman
Morowali,Bungku Barat,Ambunu,Aman
Morowali,Bungku Barat,Bahoea Reko-Reko,Aman
Morowali,Bungku Barat,Larobenu,Aman
Morowali,Bungku Barat,Marga Mulya,Aman
Morowali,Bungku Barat,Tondo,Aman
Morowali,Bungku Barat,Topogaro,Aman
Morowali,Bungku Barat,Uedago,Aman
Morowali,Bungku Barat,Umpanga,Aman
Morowali,Bungku Barat,Wata,Aman
Morowali,Bungku Barat,Wosu,Aman
Morowali,Bungku Pesisir,Buleleng,Aman
Morowali,Bungku Pesisir,Lafeu,Aman
Morowali,Bungku Pesisir,Laroenai,Aman
Morowali,Bungku Pesisir,Oneete,Aman
Morowali,Bungku Pesisir,Puungkeu,Aman
Morowali,Bungku Pesisir,Sambalagi,Aman
Morowali,Bungku Pesisir,Tanda Oleo,Aman
Morowali,Bungku Pesisir,Tangofa,Aman
Morowali,Bungku Pesisir,Torete,Aman
Morowali,Bungku Pesisir,Were'ea,Aman
Morowali,Bungku Selatan,Bakala,Aman
Morowali,Bungku Selatan,Boelimau,Aman
Morowali,Bungku Selatan,Buajangka,Aman
Morowali,Bungku Selatan,Bungingkela,Aman
Morowali,Bungku Selatan,Buton,Aman
Morowali,Bungku Selatan,Jawi-Jawi,Aman
Morowali,Bungku Selatan,Kaleroang,Aman
Morowali,Bungku Selatan,Keburu,Aman
Morowali,Bungku Selatan,Lalemo,Aman
Morowali,Bungku Selatan,Lamontoli,Aman
Morowali,Bungku Selatan,Lokombulo,Aman
Morowali,Bungku Selatan,Pado-Pado,Aman
Morowali,Bungku Selatan,Paidabale,Aman
Morowali,Bungku Selatan,Paku,Aman
Morowali,Bungku Selatan,Panimbawang,Aman
Morowali,Bungku Selatan,Polewali,Aman
Morowali,Bungku Selatan,Poaro,Aman
Morowali,Bungku Selatan,Po'o,Aman
Morowali,Bungku Selatan,Pulau Dua Darat,Aman
Morowali,Bungku Selatan,Pulau Dua,Aman
Morowali,Bungku Selatan,Pulaubapa,Aman
Morowali,Bungku Selatan,Sainoa,Aman
Morowali,Bungku Selatan,Torete,Aman
Morowali,Bungku Selatan,Umbele,Aman
Morowali,Bungku Selatan,Umbele Lama,Aman
Morowali,Bungku Selatan,Waru-Waru,Aman
Morowali,Bungku Tengah,Bungi,Aman
Morowali,Bungku Tengah,Lamberea,Aman
Morowali,Bungku Tengah,Marsaole,Aman
Morowali,Bungku Tengah,Matano,Aman
Morowali,Bungku Tengah,Mendui,Aman
Morowali,Bungku Tengah,Tofoiso,Aman
Morowali,Bungku Tengah,Bahomante,Aman
Morowali,Bungku Tengah,Bahomohoni,Aman
Morowali,Bungku Tengah,Bahomoleo,Aman
Morowali,Bungku Tengah,Bahonto Bungku,Aman
Morowali,Bungku Tengah,Bahoruru,Aman
Morowali,Bungku Tengah,Bente,Aman
Morowali,Bungku Tengah,Ipi,Aman
Morowali,Bungku Tengah,Lanona,Aman
Morowali,Bungku Tengah,Matansala,Aman
Morowali,Bungku Tengah,Puungkoilu,Aman
Morowali,Bungku Tengah,Sakita,Aman
Morowali,Bungku Tengah,Tofuti,Aman
Morowali,Bungku Tengah,Uni Pute,Aman
Morowali,Bungku Timur,Bahomoahi,Aman
Morowali,Bungku Timur,Bahomotefe,Aman
Morowali,Bungku Timur,Geresa,Aman
Morowali,Bungku Timur,Kolono,Aman
Morowali,Bungku Timur,Lahuafu,Aman
Morowali,Bungku Timur,Laroue,Aman
Morowali,Bungku Timur,Nambo,Aman
Morowali,Bungku Timur,Onepute jaya,Aman
Morowali,Bungku Timur,Ululere,Aman
Morowali,Bungku Timur,Unsungi,Aman
Morowali,Menui,Buranga,Aman
Morowali,Kepulauan,Dongkalang,Aman
Morowali,Kepulauan,Kofalagadi,Aman
Morowali,Kepulauan,Masadian,Aman
Morowali,Kepulauan,Matano,Aman
Morowali,Kepulauan,Matarape,Aman
Morowali,Kepulauan,Mbokitta,Aman
Morowali,Kepulauan,Morompaitonga,Aman
Morowali,Kepulauan,Ngapaea,Aman
Morowali,Kepulauan,Padalaa,Aman
Morowali,Kepulauan,Padei Darat,Aman
Morowali,Kepulauan,Padei Laut,Aman
Morowali,Kepulauan,Pulau Tengah,Aman
Morowali,Kepulauan,Pulau Tiga,Aman
Morowali,Kepulauan,Samarengga,Aman
Morowali,Kepulauan,Tafagapi,Aman
Morowali,Kepulauan,Tanjung Harapan,Aman
Morowali,Kepulauan,Tanjung Tiram,Aman
Morowali,Kepulauan,Tanona,Aman
Morowali,Kepulauan,Terebino,Aman
Morowali,Kepulauan,Torukuno,Aman
Morowali,Kepulauan,Ulunipa,Aman
Morowali,Kepulauan,Wawongkolono,Aman
Morowali,Kepulauan,Ulunambo,Aman
Morowali,Wita Ponda,Bumi Harapan,Aman
Morowali,Wita Ponda,Emea,Aman
Morowali,Wita Ponda,Lantula Jaya,Aman
Morowali,Wita Ponda,Moahino,Aman
Morowali,Wita Ponda,Puntari Makmur,Aman
Morowali,Wita Ponda,Sampeantaba,Aman
Morowali,Wita Ponda,Solonsa,Aman
Morowali,Wita Ponda,Solonsa Jaya,Aman
Morowali,Wita Ponda,Ungkaya,Aman
Donggala,Balaesang,Kampung Baru Sibayu,Aman
Donggala,Balaesang,Labean,Siaga
Donggala,Balaesang,Lombonga,Aman
Donggala,Balaesang,Malino,Aman
Donggala,Balaesang,Mapane Tambu,Aman
Donggala,Balaesang,Meli,Aman
Donggala,Balaesang,Sibayu,Aman
Donggala,Balaesang,Sibualong,Aman
Donggala,Balaesang,Simagaya,Aman
Donggala,Balaesang,Sipure,Aman
Donggala,Balaesang,Siweli,Aman
Donggala,Balaesang,Tambu,Siaga
Donggala,Balaesang,Tovia Tambu,Aman
Donggala,Balaesang,Kamonji,Aman
Donggala,Tanjung,Ketong,Aman
Donggala,Tanjung,Malei,Aman
Donggala,Tanjung,Manimbaya,Aman
Donggala,Tanjung,Palau,Aman
Donggala,Tanjung,Pomolulu,Waspada
Donggala,Tanjung,Rano B,Aman
Donggala,Tanjung,Walandano,Aman
Donggala,Banawa,Loli Dondo,Siaga
Donggala,Banawa,Loli Oge,Waspada
Donggala,Banawa,Loli Pesua,Siaga
Donggala,Banawa,Loli Saluran,Siaga
Donggala,Banawa,Loli Tasiburi,Siaga
Donggala,Banawa,Boneoge,Waspada
Donggala,Banawa,Boya,Waspada
Donggala,Banawa,Ganti,Siaga
Donggala,Banawa,Gunung Bale,Siaga
Donggala,Banawa,Kabonga Besar,Siaga
Donggala,Banawa,Kabonga Kecil,Siaga
Donggala,Banawa,Labuan Bajo,Waspada
Donggala,Banawa,Maleni,Waspada
Donggala,Banawa,Tanjung Batu,Waspada
Donggala,Banawa,Bambarimi,Aman
Donggala,Selatan,Lalombi,Aman
Donggala,Selatan,Lembasada,Aman
Donggala,Selatan,Lumbulama,Aman
Donggala,Selatan,Lumbumamara,Aman
Donggala,Selatan,Lumbutarombo,Aman
Donggala,Selatan,Malino,Aman
Donggala,Selatan,Mbuwu,Aman
Donggala,Selatan,Ongulara,Aman
Donggala,Selatan,Salumpaku,Aman
Donggala,Selatan,Salungkaenu,Waspada
Donggala,Selatan,Salusumbu,Aman
Donggala,Selatan,Sarombaya,Aman
Donggala,Selatan,Surumana,Waspada
Donggala,Selatan,Tanahmea,Aman
Donggala,Selatan,Tanampuru,Aman
Donggala,Selatan,Tolongano,Aman
Donggala,Selatan,Tosale,Aman
Donggala,Selatan,Watatu,Waspada
Donggala,Banawa,Kola-Kola,Aman
Donggala,Tengah,Lampo,Aman
Donggala,Tengah,Limboro,Aman
Donggala,Tengah,Lumbudolo,Aman
Donggala,Tengah,Mekar Baru,Aman
Donggala,Tengah,Powelua,Aman
Donggala,Tengah,Salubomba,Aman
Donggala,Tengah,Towale,Aman
Donggala,Dampelas,Budi Mukti,Aman
Donggala,Dampelas,Kambayang,Aman
Donggala,Dampelas,Karya Mukti,Aman
Donggala,Dampelas,Lembah Mukti,Aman
Donggala,Dampelas,Long,Aman
Donggala,Dampelas,Malonas,Aman
Donggala,Dampelas,Pani'i,Aman
Donggala,Dampelas,Parisan Agung,Aman
Donggala,Dampelas,Ponggerang,Aman
Donggala,Dampelas,Rerang,Aman
Donggala,Dampelas,Sabang,Aman
Donggala,Dampelas,Sioyong,Aman
Donggala,Dampelas,Talaga,Aman
Donggala,Labuan,Labuan,Aman
Donggala,Labuan,Labuan Kungguma,Aman
Donggala,Labuan,Labuan Lelea,Aman
Donggala,Labuan,Labuan Lumbubaka,Aman
Donggala,Labuan,Labuan Panimba,Aman
Donggala,Labuan,Labuan Salumbone,Aman
Donggala,Labuan,Labuan Toposo,Aman
Donggala,Pinembami,Bambakaenu,Aman
Donggala,Pinembami,Bambakanini,Aman
Donggala,Pinembami,Dangara'a,Aman
Donggala,Pinembami,Gimpubia,Aman
Donggala,Pinembami,Kanagalongga,Aman
Donggala,Pinembami,Karavia,Aman
Donggala,Pinembami,Palintuma,Aman
Donggala,Pinembami,Tavanggeli,Aman
Donggala,Pinembami,Tomodo,Aman
Donggala,Rio Pakava,Bonemarawa,Aman
Donggala,Rio Pakava,Bukit Indah,Aman
Donggala,Rio Pakava,Lalundu,Siaga
Donggala,Rio Pakava,Minti Makmur,Aman
Donggala,Rio Pakava,Mbulawa,Aman
Donggala,Rio Pakava,Ngovi,Aman
Donggala,Rio Pakava,Pakava,Aman
Donggala,Rio Pakava,Panca Mukti,Aman
Donggala,Rio Pakava,Pantolobete,Aman
Donggala,Rio Pakava,Polando Jaya,Aman
Donggala,Rio Pakava,Polanto Jaya,Aman
Donggala,Rio Pakava,Rio Mukti,Aman
Donggala,Rio Pakava,Tinauka,Aman
Donggala,Rio Pakava,Tawiora,Aman
Donggala,Sindue,Amal,Aman
Donggala,Sindue,Dalaka,Aman
Donggala,Sindue,Enu,Aman
Donggala,Sindue,Kavaya,Aman
Donggala,Sindue,Kumbasa,Aman
Donggala,Sindue,Lero,Aman
Donggala,Sindue,Lero Tatari,Aman
Donggala,Sindue,Marana,Aman
Donggala,Sindue,Masaingi,Aman
Donggala,Sindue,Sumari,Aman
Donggala,Sindue,Taripa,Aman
Donggala,Sindue,Toaya,Aman
Donggala,Sindue,Toaya Vunta,Aman
Donggala,Sindue Tobata,Alindau,Aman
Donggala,Sindue Tobata,Oti,Aman
Donggala,Sindue Tobata,Sikara Tobata,Aman
Donggala,Sindue Tobata,Sindosa,Aman
Donggala,Sindue Tobata,Sipeso,Aman
Donggala,Sindue Tobata,Tamarenja,Aman
Donggala,Sindue,Batusuya,Aman
Donggala,Tombusabora,Batusuya Go'o,Aman
Donggala,Tombusabora,Kaliburu,Aman
Donggala,Tombusabora,Kaliburu Kata,Aman
Donggala,Tombusabora,Saloya,Aman
Donggala,Tombusabora,Tibo,Aman
Donggala,Sirenja,Balintuma,Aman
Donggala,Sirenja,Damapal,Aman
Donggala,Sirenja,Jonooge,Aman
Donggala,Sirenja,Lende,Aman
Donggala,Sirenja,Lende Tovea,Aman
Donggala,Sirenja,Lompia,Aman
Donggala,Sirenja,Ombo,Aman
Donggala,Sirenja,Sibado,Aman
Donggala,Sirenja,Sipi,Waspada
Donggala,Sirenja,Tanjung Padang,Aman
Donggala,Sirenja,Tompe,Aman
Donggala,Sirenja,Tondo,Waspada
Donggala,Sirenja,Ujumbou,Aman
Donggala,Sojol,Balukang,Aman
Donggala,Sojol,Balukang II,Aman
Donggala,Sojol,Bou,Aman
Donggala,Sojol,Bukit Harapan,Aman
Donggala,Sojol,Panggalasiang,Aman
Donggala,Sojol,Samalili,Aman
Donggala,Sojol,Siboang,Aman
Donggala,Sojol,Siwelempu,Aman
Donggala,Sojol,Tonggolobibi,Aman
Donggala,Sojol Utara,Bengkoli,Aman
Donggala,Sojol Utara,Lenju,Aman
Donggala,Sojol Utara,Ogoamas I,Waspada
Donggala,Sojol Utara,Ogoamas II,Waspada
Donggala,Sojol Utara,Pesik,Aman
Donggala,Tanantovea,Bale,Aman
Donggala,Tanantovea,Guntarano,Siaga
Donggala,Tanantovea,Nupa Bomba,Aman
Donggala,Tanantovea,Wani Dua,Waspada
Donggala,Tanantovea,Wani Lumbumpetigo,Aman
Donggala,Tanantovea,Wani Satu,Waspada
Donggala,Tanantovea,Wani Tiga,Siaga
Donggala,Tanantovea,Wombo,Aman
Donggala,Tanantovea,Wombo Kalonggo,Aman
Donggala,Tanantovea,Wombo Mpanau,Aman
