Bantaeng;Bantaeng;Kayuloe;Aman;
Bantaeng;Eremerasa;Parangloe;Siaga;
Bantaeng;Eremerasa;Ulugalung;Siaga;
Bantaeng;Gantarangkeke;Bajiminasa;Siaga;
Bantaeng;Gantarangkeke;Kaloling;Siaga;
Bantaeng;Gantarangkeke;Layoa;Aman;
Bantaeng;Gantarangkeke;Tombolo;Aman;
Bantaeng;Gantarangkeke;Gantarangkeke;Siaga;
Bantaeng;Gantarangkeke;Tanah Loe;Aman;
Bantaeng;Pajjukukang;Baruga;Siaga;
Bantaeng;Pajjukukang;Batu Karaeng;Aman;
Bantaeng;Pajjukukang;Biangkeke;Siaga;
Bantaeng;Pajjukukang;Biangloe;Aman;
Bantaeng;Pajjukukang;Borong Loe;Aman;
Bantaeng;Pajjukukang;Lumpangan;Siaga;
Bantaeng;Pajjukukang;Nipa-Nipa;Siaga;
Bantaeng;Pajjukukang;Pa'jukukang;Siaga;
Bantaeng;Pajjukukang;Papan Loe;Aman;
Bantaeng;Pajjukukang;Rappoa;Siaga;
Bantaeng;Sinoa;Bonto Kareng;Aman;
Bantaeng;Sinoa;bonto Tito;Aman;
Bantaeng;Tompobulu;Balumbung;Aman;
Bantaeng;Tompobulu;Bonto Tappalang;Aman;
Bantaeng;Tompobulu;Bonto-Bontoa;Aman;
Bantaeng;Tompobulu;Labbo;Aman;
Bantaeng;Tompobulu;Pattaneteang;Aman;
Bantaeng;Tompobulu;pattallassang;Aman;
Bantaeng;Tompobulu;Banyorang;Siaga;
Bantaeng;Tompobulu;Campaga;Aman;
Bantaeng;Tompobulu;Ereng-Ereng;Aman;
Bantaeng;Tompobulu;Lembang gantarangkeke;Siaga;
Bantaeng;Uluere;Bonto Lojing;Aman;
Barru;Barru;Ana Banua;Siaga;
Barru;Barru;Sumpang Binagae;Siaga;
Barru;Mallusettasi;Bojo;Siaga;
Barru;Mallusettasi;Cilellang;Siaga;
Barru;Mallusettasi;Kupa;Aman;
Barru;Mallusettasi;Manuba;Aman;
Barru;Mallusettasi;Nepo;Siaga;
Barru;Mallusettasi;Bojo Baru;Siaga;
Barru;Mallusettasi;Mallawa;Aman;
Barru;Mallusettasi;Palanro;Aman;
Barru;Pujananting;Bacu-Bacu;Aman;
Barru;Pujananting;Bulo-Bulo;Siaga;
Barru;Pujananting;Jangan-Jangan;Aman;
Barru;Pujananting;Patappa;Siaga;
Barru;Pujananting;Pujunanting;Siaga;
Barru;Soppeng Riaja;Batu Pute;Siaga;
Barru;Soppeng Riaja;Kiru-Kiru;Aman;
Barru;Tanete Rilau;labessi;Siaga;
Barru;Tanete Rilau;Pao-Pao;Aman;
Barru;Tanete Rilau;Laloang;Aman;
Bone;Ajangngale;Allamungemng Patue;Siaga;
Bone;Ajangngale;Amessangneng;Siaga;
Bone;Ajangngale;Labissa;Siaga;
Bone;Ajangngale;Lebbae;Waspada;
Bone;Ajangngale;Leppangeng;Siaga;
Bone;Ajangngale;manciri;Siaga;
Bone;Ajangngale;opo;Siaga;
Bone;Ajangngale;pacciro;Siaga;
Bone;Ajangngale;Pinceng Pute;Siaga;
Bone;Ajangngale;Telle;Siaga;
Bone;Ajangngale;Timurung;Siaga;
Bone;Ajangngale;Welado;Siaga;
Bone;Ajangngale;Pompanua;Waspada;
Bone;Ajangngale;Pompanua Riattang;Siaga;
Bone;Amali;Ajangngaleng;Waspada;
Bone;Amali;Mattaoropurae;Waspada;
Bone;Amali;Taccipong;Waspada;
Bone;AwangPone;Bulupanre'e;Siaga;
Bone;AwangPone;Mattuju;Siaga;
Bone;Barebbo;campaniga;Waspada;
Bone;Barebbo;Corawalie;Waspada;
Bone;Barebbo;Kajaolallodding;Siaga;
Bone;Bengo;walimpokng;Siaga;
Bone;Bontocani;Pattungku;Siaga;
Bone;Cina;Walenrang;Siaga;
Bone;Dua Boccoe;Padecenga;Siaga;
Bone;Dua Boccoe;sallong;Siaga;
Bone;Kajuara;abbupungeng;Siaga;
Bone;Kajuara;Polwali;Siaga;
Bone;Kajuara;Wae Tuwo;Waspada;
Bone;Lamuru;Massenrengpulu;Siaga;
Bone;Lappariaja;Liliriattang;Siaga;
Bone;Lappariaja;Mattampawlie;Siaga;
Bone;Lappariaja;Wae Cekkee;Siaga;
Bone;Libureng;Malinrung;Siaga;
Bone;Libureng;Mattirobulu;Siaga;
Bone;Libureng;Mattiro Deceng;Siaga;
Bone;Libureng;Mattiro Walie;Siaga;
Bone;Libureng;Ponre-Ponre;Siaga;
Bone;Libureng;Tompobulu;Siaga;
Bone;Libureng;Wanua Waru;Siaga;
Bone;Mare;Mattiro Walie;Siaga;
Bone;Mare;Ujung Yanah;Siaga;
Bone;Palakka;Cinennung;Siaga;
Bone;Palakka;tanah Tenga;Siaga;
Bone;Patimpeng;Maddanreng Pulu;Siaga;
Bone;Ponre;Salempa;Siaga;
Bone;Sibulue;Ajangpulu;Siaga;
Bone;Sibulue;Massenrengpulu;Siaga;
Bone;Sibulue;Polwali;Siaga;
Bone;Sibulue;Tadang palle;Siaga;
Bone;Sibulue;Tunreng Teluua;Siaga;
Bone;Tanete Riattang;Watangpone;Bahaya;
Bone;Tanete Riattang Barat;Mattiro Walie;Waspada;
Bone;Tanete Riattang Timur;Pallette;Waspada;
Bone;Tanete Riattang Timur;Waetua;Waspada;
Bone;Tellu limpoe;Batu Putih;Siaga;
Bone;Tellu limpoe;Bonto masunggu;Siaga;
Bone;Tellu limpoe;gaya Baru;Siaga;
Bone;Tellu limpoe;Lagori;Siaga;
Bone;Tellu limpoe;Pallawa;Siaga;
Bone;Tellu limpoe;Polewali;Siaga;
Bone;Tellu limpoe;sadar;Siaga;
Bone;Tellu limpoe;Samaenre;Siaga;
Bone;Tellu limpoe;Tapong;Siaga;
Bone;Tellu limpoe;Tellang kere;Siaga;
Bone;Tellu limpoe;Tondong;Siaga;
Bone;Tellu siattinge;Ajalireng;Siaga;
Bone;Tonra;Biccoling;Waspada;
Bone;Tonra;Bonepute;Waspada;
Bone;Tonra;Bulu-Bulu;Waspada;
Bone;Tonra;Pada Tuo;Siaga;
Bone;Ulaweng;Lilina Ajangangale;Siaga;
Bone;Ulaweng;pallawa Rukka;Waspada;
Bulukumba;Bonto Bahari;Banjala;Aman;
Bulukumba;Bonto Bahari;Tanah Lemo;Siaga;
Bulukumba;Bonto Tiro;Bonto Barua;Siaga;
Bulukumba;Bonto Tiro;Bonto Bulaeng;Aman;
Bulukumba;Bonto Tiro;Bonto marannu;Siaga;
Bulukumba;Bonto Tiro;Bonto Tangnga;Aman;
Bulukumba;Bonto Tiro;Carammeng;Siaga;
Bulukumba;Bulukumpa;Balang Taroang;Siaga;
Bulukumba;Bulukumpa;batu Lohe;Siaga;
Bulukumba;Bulukumpa;Bonto bulaeng;Aman;
Bulukumba;Bulukumpa;Bonto mangirinng;Siaga;
Bulukumba;Bulukumpa;Bonto Minasa;Aman;
Bulukumba;Bulukumpa;bulo-Bulo;Siaga;
Bulukumba;Bulukumpa;Spo Bonto;Siaga;
Bulukumba;Bulukumpa;Jawi-Jawi;Aman;
Bulukumba;Gantarang;Barombong;Siaga;
Bulukumba;Gantarang;Benteng Gantareng;Siaga;
Bulukumba;Gantarang;benteng malewang;Waspada;
Bulukumba;Gantarang;Bialo;Aman;
Bulukumba;Gantarang;bonto macinna;Aman;
Bulukumba;Gantarang;bonto masila;Aman;
Bulukumba;Gantarang;Bonto nyeleng;Aman;
Bulukumba;Gantarang;bonto raja;Aman;
Bulukumba;Gantarang;Bonto sunggu;Aman;
Bulukumba;Gantarang;bukit harapan;Aman;
Bulukumba;Gantarang;bukit tinggi;Aman;
Bulukumba;Gantarang;Dampang;Aman;
Bulukumba;Gantarang;Gattareng;Siaga;
Bulukumba;Gantarang;Padang;Siaga;
Bulukumba;Gantarang;Paenre Lompoe;Siaga;
Bulukumba;Gantarang;Palambarae;Aman;
Bulukumba;Gantarang;Polewali;Aman;
Bulukumba;Gantarang;Taccorong;Aman;
Bulukumba;Gantarang;Jalanjang;Aman;
Bulukumba;Gantarang;Mario Rennu;Aman;
Bulukumba;Gantarang;Matekko;Aman;
Bulukumba;Hero Lange-Lange;Borong;Siaga;
Bulukumba;Hero Lange-Lange;Gunturu;Siaga;
Bulukumba;Hero Lange-Lange;Karassing;Siaga;
Bulukumba;Hero Lange-Lange;Pataro;Aman;
Bulukumba;Hero Lange-Lange;Singa;Aman;
Bulukumba;Hero Lange-Lange;Tugondeng;Aman;
Bulukumba;Hero Lange-Lange;Bonto Kamase;Aman;
Bulukumba;Hero Lange-Lange;Tanuntung;Siaga;
Bulukumba;Kajang;Batu Nilamung;Aman;
Bulukumba;Kajang;Bonto Jai;Aman;
Bulukumba;Kajang;Bonto Biraeng;Aman;
Bulukumba;Kajang;Bonto Rannu;Aman;
Bulukumba;Kajang;Malle'leng;Aman;
Bulukumba;Kindang;Anrihua;Siaga;
Bulukumba;Kindang;garuntungang;Aman;
Bulukumba;Kindang;matiro walie;Siaga;
Bulukumba;Kindang;Oro Gading;Aman;
Bulukumba;Rilau Ale;Anrang;Aman;
Bulukumba;Rilau Ale;Bajiminasa;Siaga;
Bulukumba;Rilau Ale;batu Karopa;Siaga;
Bulukumba;Rilau Ale;Bonto mate'ne;Siaga;
Bulukumba;Rilau Ale;Bonto bangung;Aman;
Bulukumba;Rilau Ale;bonto haru;Siaga;
Bulukumba;Rilau Ale;bonto lahe;Siaga;
Bulukumba;Rilau Ale;bonto manai;Aman;
Bulukumba;Rilau Ale;bulu lohe;Siaga;
Bulukumba;Rilau Ale;karama;Siaga;
Bulukumba;Rilau Ale;Pangiloang;Aman;
Bulukumba;Rilau Ale;Swatani;Aman;
Bulukumba;Rilau Ale;Tanah Harapang;Siaga;
Bulukumba;Rilau Ale;Topanda;Aman;
Bulukumba;Rilau Ale;Palampang;Siaga;
Bulukumba;Ujung Bulu;Bentenge;Siaga;
Bulukumba;Ujung Bulu;Ela-Ela;Siaga;
Bulukumba;Ujung Bulu;Terang-Terang;Siaga;
Bulukumba;Ujung Loe;Balleanging;Aman;
Bulukumba;Ujung Loe;Balong;Siaga;
Bulukumba;Ujung Loe;Bijawang;Siaga;
Bulukumba;Ujung Loe;Garanta;Aman;
Bulukumba;Ujung Loe;lonrong;Siaga;
Bulukumba;Ujung Loe;Manjalling;Siaga;
Bulukumba;Ujung Loe;mannyampa;Siaga;
Bulukumba;Ujung Loe;Paccaramengang;Siaga;
Bulukumba;Ujung Loe;Padang loang;Aman;
Bulukumba;Ujung Loe;Salemba;Siaga;
Bulukumba;Ujung Loe;Seppang;Aman;
Bulukumba;Ujung Loe;Tammatto;Aman;
Bulukumba;Ujung Loe;Dannuang;Aman;
Enrekang;Anggeraja;batu Noni;Siaga;
Enrekang;Baraka;Bone-Bone;Siaga;
Enrekang;Baraka;Kendenang;Siaga;
Enrekang;Baraka;Salu Kanan;Siaga;
Enrekang;Bungin;Tallang Rilau;Siaga;
Enrekang;Buntu Batu;Erang Batu;Siaga;
Enrekang;Buntu Batu;Poto Ullin;Siaga;
Enrekang;Curio;Makkala;Siaga;
Enrekang;Enrekang;Leworan;Siaga;
Enrekang;Maiwa;Botto Mallangga;Siaga;
Enrekang;Maiwa;patondong Salu;Waspada;
Enrekang;Maiwa;Salo Dua;Siaga;
Enrekang;Masalle;Batu Kedde;Siaga;
Gowa;Bajeng;Maccini Baji;Aman;
Gowa;Bajeng;Maradekayya;Siaga;
Gowa;Bajeng;Tangke Bajeng;Aman;
Gowa;BiringBulu;Batu Rappe;Siaga;
Gowa;BiringBulu;Beru Tallasa;Siaga;
Gowa;BiringBulu;Bori Masunggu;Aman;
Gowa;BiringBulu;Julu Kanayya;Aman;
Gowa;BiringBulu;Lembang Loe;Aman;
Gowa;BiringBulu;parang Loe;Siaga;
Gowa;BiringBulu;Tonro Rita;Aman;
Gowa;Bonto Lempangan;Bonto Lempangang;Aman;
Gowa;Bonto Lempangan;Bonto Tangnga;Aman;
Gowa;Bonto Lempangan;Bonto Loe;Aman;
Gowa;Bonto Lempangan;Julu Mate'ne;Aman;
Gowa;Bonto Lempangan;lassa-Lassa;Aman;
Gowa;Bonto Lempangan;pa'ladingan;Aman;
Gowa;Bonto Lempangan;Parang lompoa;Aman;
Gowa;Bonto Lempangan;Ulujangan;Aman;
Gowa;Bonto Marannu;Bili-Bili;Siaga;
Gowa;Bonto Marannu;Mata Allo;Siaga;
Gowa;Bonto Marannu;Nirannuang;Siaga;
Gowa;Bonto Marannu;Pakkatto;Siaga;
Gowa;Bonto Marannu;Romang Loe;Siaga;
Gowa;Bonto Marannu;Sokkolia;Aman;
Gowa;Bonto Marannu;Bonto manai;Aman;
Gowa;Bonto Marannu;Borong Loe;Aman;
Gowa;Bonto Marannu;Kwl. Romang Lompoa;Siaga;
Gowa;Bontonompo;Bate Gulung;Aman;
Gowa;Bontonompo;Bnot Biraeng;Aman;
Gowa;Bontonompo;Bonto Biraeng Selatan;Siaga;
Gowa;Bontonompo;Bonto langkasa Selatan;Siaga;
Gowa;Bontonompo;Bonto langkasa Utara;Aman;
Gowa;Bontonompo;Bulo Gading;Siaga;
Gowa;Bontonompo;kale Barembeng;Siaga;
Gowa;Bontonompo;Bonto Nompo;Siaga;
Gowa;Bontonompo Selatan;Bonto Sunggu;Siaga;
Gowa;Bontonompo Selatan;"Pa""bundukang";Aman;
Gowa;Bontonompo Selatan;Bonto Ramba;Siaga;
Gowa;Bungayya;Bissoloro;Aman;
Gowa;Bungayya;Bonto Manai;Aman;
Gowa;Bungayya;Buakkang;Aman;
Gowa;Bungayya;mangngempang;Aman;
Gowa;Bungayya;rannaLoe;Aman;
Gowa;Bungayya;Je;ne Batu;Siaga
Gowa;Bungayya;Sapayya;Siaga;
Gowa;Manuju;Tanah Karaeng;Aman;
Gowa;Manuju;Ta'sese;Aman;
Gowa;Pallangga;Bonto Ala;Siaga;
Gowa;Pallangga;Bonto Ramba;Siaga;
Gowa;Pallangga;Bunga Ejayya;Siaga;
Gowa;Pallangga;Je'ne Tallasa;Aman;
Gowa;Pallangga;Julubori;Siaga;
Gowa;Pallangga;Julukanayya;Siaga;
Gowa;Pallangga;Julupa'mai;Aman;
Gowa;Pallangga;kampili;Siaga;
Gowa;Pallangga;Pallangga;Siaga;
Gowa;Pallangga;Panakkukang;Siaga;
Gowa;Pallangga;Taeng;Siaga;
Gowa;Pallangga;Toddotoa;Aman;
Gowa;Pallangga;Mangngalli;Siaga;
Gowa;Pallangga;Pangka Binanga;Siaga;
Gowa;Pallangga;ParangBanoa;Siaga;
Gowa;Pallangga;Tete Batu;Siaga;
Gowa;Parangloe;Bonto Kassi;Aman;
Gowa;Parangloe;Bori Sallo;Siaga;
Gowa;Parangloe;Lnjoboko;Aman;
Gowa;Parangloe;Bonto Parang;Siaga;
Gowa;Parigi;Bilangrengi;Aman;
Gowa;Pattallassang;Borong Pa'la'la;Siaga;
Gowa;Pattallassang;Je'ne Madinging;Aman;
Gowa;Pattallassang;Paccellekang;Siaga;
Gowa;Pattallassang;pallantikang;Siaga;
Gowa;Pattallassang;panaikang;Aman;
Gowa;Pattallassang;pattallassang;Siaga;
Gowa;Pattallassang;sunggu manai;Siaga;
Gowa;Pattallassang;timbuseng;Siaga;
Gowa;Somba opu;Batang kaluku;Siaga;
Gowa;Somba opu;Bonto Bontoa;Siaga;
Gowa;Somba opu;Bonto Ramba;Siaga;
Gowa;Somba opu;Kale Gowa;Siaga;
Gowa;Somba opu;Katangka;Siaga;
Gowa;Somba opu;Mawang;Siaga;
Gowa;Somba opu;Paccinongang;Siaga;
Gowa;Somba opu;Pandang-Pandang;Siaga;
Gowa;Somba opu;Romang Polong;Siaga;
Gowa;Somba opu;Samata;Siaga;
Gowa;Somba opu;Sungguminasa;Siaga;
Gowa;Somba opu;Tamarunang;Siaga;
Gowa;Somba opu;Tombolo;Aman;
Gowa;Somba opu;Tompo Balang;Siaga;
Gowa;Tinggi Moncong;Parigi;Aman;
Gowa;Tinggi Moncong;Bonto Lerung;Aman;
Gowa;Tinggi Moncong;Bulutana;Aman;
Gowa;Tinggi Moncong;Gantarang;Siaga;
Gowa;Tinggi Moncong;Garassi;Siaga;
Gowa;Tinggi Moncong;Malino;Siaga;
Gowa;Tinggi Moncong;Pattapang;Siaga;
Gowa;Tompobulu;Bonto Buddung;Aman;
Gowa;Tompobulu;Datara;Aman;
Gowa;Tompobulu;garing;Aman;
Gowa;Tompobulu;Rappo Ala;Aman;
Gowa;Tompobulu;rappo Lemba;Aman;
Gowa;Tompobulu;Tanete;Siaga;
Gowa;Tompobulu;Cikoro;Siaga;
Gowa;Tompobulu;Malakaji;Siaga;
Gowa;Tombolo Pao;ballassuka;Aman;
Gowa;Tombolo Pao;Bola romang;Aman;
Gowa;Tombolo Pao;Ere lembang;Aman;
Gowa;Tombolo Pao;Kanreapia;Aman;
Gowa;Tombolo Pao;mamampang;Aman;
Gowa;Tombolo Pao;pao;Aman;
Gowa;Tombolo Pao;Ta'bingjai;Aman;
Gowa;Tombolo Pao;tonasa;Aman;
Gowa;Tombolo Pao;Tamaona;Aman;
Jeneponto;Arungkeke;Bulo-Bulo;Siaga;
Jeneponto;Arungkeke;Kalumpang Loe;Aman;
Jeneponto;Bangkala;Bonto manai;Siaga;
Jeneponto;Bangkala;Je'ne Tallasa;Siaga;
Jeneponto;Bangkala;Kalimpororo;Siaga;
Jeneponto;Bangkala;Punagayya;Siaga;
Jeneponto;Bangkala;tombo-Tombolo;Aman;
Jeneponto;Bangkala;Bonto Rannu;Siaga;
Jeneponto;Batang;Camba-camba;Siaga;
Jeneponto;Batang;Togo-togo;Siaga;
Jeneponto;Binamu;Monro-Monro;Siaga;
Jeneponto;Bonto Ramba;Balumbungang;Siaga;
Jeneponto;Bonto Ramba;Bangkala Loe;Siaga;
Jeneponto;Bonto Ramba;Baraya;Siaga;
Jeneponto;Bonto Ramba;batujala;Siaga;
Jeneponto;Bonto Ramba;Bulu Sibatang;Siaga;
Jeneponto;Bonto Ramba;Bulusuka;Siaga;
Jeneponto;Bonto Ramba;datara;Aman;
Jeneponto;Bonto Ramba;Kareloe;Siaga;
Jeneponto;Bonto Ramba;Lentu;Siaga;
Jeneponto;Bonto Ramba;Maero;Aman;
Jeneponto;Bonto Ramba;Tanammawang;Siaga;
Jeneponto;Bonto Ramba;Bonto ramba;Aman;
Jeneponto;Kelara;bonto Lebang;Siaga;
Jeneponto;Kelara;Bonto Nompo;Aman;
Jeneponto;Kelara;Ke. Tolo Utara;Aman;
Jeneponto;Rumbia;Bonto Cini;Siaga;
Jeneponto;Rumbia;Bonto Manai;Siaga;
Jeneponto;Rumbia;Bonto Tiro;Siaga;
Jeneponto;Rumbia;Je'ne Tallasa;Siaga;
Jeneponto;Rumbia;Lebang Manai;Aman;
Jeneponto;Rumbia;Lebang Manai Utara;Aman;
Jeneponto;Rumbia;Tompbulu;Siaga;
Jeneponto;Tamalatea;Bnto Jai;Siaga;
Jeneponto;Tamalatea;Bonto Sunggu;Aman;
Jeneponto;Tamalatea;Bonto Tala;Aman;
Jeneponto;Tamalatea;Turate Timur;Siaga;
Jeneponto;Tamalatea;tamangRoya;Siaga;
Jeneponto;Tarowang;balang baru;Siaga;
Jeneponto;Tarowang;Bonto Rappo;Aman;
Jeneponto;Turatea;Bulu Loe;Aman;
Jeneponto;Turatea;Bungung Loe;Aman;
Jeneponto;Turatea;Mangngepong;Aman;
Jeneponto;Turatea;Pa'rasangan Beru;Aman;
Kepulauan Selayar;Bonto Haru;Bonto Borusu;Siaga;
Kepulauan Selayar;Bonto Haru;Bonto Lebang;Aman;
Kepulauan Selayar;Bonto Haru;Bonto Sunggu;Siaga;
Kepulauan Selayar;Bonto Haru;Bonto Tangnga;Aman;
Kepulauan Selayar;Bonto Haru;Kahu-Kahu;Aman;
Kepulauan Selayar;Bonto Haru;Kalepadang;Siaga;
Kepulauan Selayar;Bonto Haru;Bonto Bangun;Siaga;
Kepulauan Selayar;Bonto Haru;Puta bangun;Siaga;
Kepulauan Selayar;Bonto Manai;Barugaiya;Siaga;
Kepulauan Selayar;Bonto Manai;bonea Makmur;Aman;
Kepulauan Selayar;Bonto Manai;Bonea Timur;Siaga;
Kepulauan Selayar;Bonto Manai;Bonto Karaang;Siaga;
Kepulauan Selayar;Bonto Manai;Bonto Marannu;Aman;
Kepulauan Selayar;Bonto Manai;jambuiya;Aman;
Kepulauan Selayar;Bonto Manai;Kaburu;Siaga;
Kepulauan Selayar;Bonto Manai;Mare-Mare;Siaga;
Kepulauan Selayar;Bonto Manai;Parak;Siaga;
Kepulauan Selayar;Bonto Manai;Polebunging;Aman;
Kepulauan Selayar;Bonto mate'ne;Barak Lambongan;Aman;
Kepulauan Selayar;Bonto mate'ne;Bontona Saluk;Aman;
Kepulauan Selayar;Bonto mate'ne;Bungaiya;Aman;
Kepulauan Selayar;Bonto mate'ne;Kayu Bau;Aman;
Kepulauan Selayar;Bonto mate'ne;Maharayya;Aman;
Kepulauan Selayar;Bonto mate'ne;Menara Indah;Aman;
Kepulauan Selayar;Bonto mate'ne;Onto;Aman;
Kepulauan Selayar;Bonto mate'ne;Pamatata;Aman;
Kepulauan Selayar;Bonto mate'ne;Tamalanrea;Aman;
Kepulauan Selayar;Bonto mate'ne;Tanete;Aman;
Kepulauan Selayar;Bonto mate'ne;Batang Mata;Aman;
Kepulauan Selayar;Bonto mate'ne;Batang mata Sapo;Aman;
Kepulauan Selayar;Bonto Sikuyu;Appatanah;Aman;
Kepulauan Selayar;Bonto Sikuyu;Bahuluan;Aman;
Kepulauan Selayar;Bonto Sikuyu;Binanga Sombaiya;Aman;
Kepulauan Selayar;Bonto Sikuyu;harapan;Aman;
Kepulauan Selayar;Bonto Sikuyu;Laiyolo;Aman;
Kepulauan Selayar;Bonto Sikuyu;Laiyolo Baru;Aman;
Kepulauan Selayar;Bonto Sikuyu;lantibongang;Aman;
Kepulauan Selayar;Bonto Sikuyu;Lowa;Aman;
Kepulauan Selayar;Bonto Sikuyu;patiKarya;Aman;
Kepulauan Selayar;Bonto Sikuyu;patilereng;Aman;
Kepulauan Selayar;Bonto Sikuyu;Polassi;Aman;
Kepulauan Selayar;Bonto Sikuyu;tambolongan;Aman;
Kepulauan Selayar;Buki;Bonto Lempangan;Aman;
Kepulauan Selayar;Pasilambena;Lembang Mate'ne;Aman;
Kepulauan Selayar;Pasi marannu;batu Bingkung;Aman;
Kepulauan Selayar;Pasi marannu;Bonea;Aman;
Kepulauan Selayar;Pasi marannu;Bone rate;Aman;
Kepulauan Selayar;Pasi marannu;Komba-Komba;Aman;
Kepulauan Selayar;Pasi marannu;Lamantu;Aman;
Kepulauan Selayar;Pasi marannu;Lambego;Aman;
Kepulauan Selayar;Pasi marannu;Majapahit;Aman;
Kepulauan Selayar;Pasi marannu;Sambali;Aman;
Kepulauan Selayar;Pasi masunggu;Bonto saile;Aman;
Kepulauan Selayar;Pasi masunggu;Kembang ragi;Aman;
Kepulauan Selayar;Pasi masunggu;Labuang Pamajang;Aman;
Kepulauan Selayar;Pasi masunggu;Ma'minasa;Aman;
Kepulauan Selayar;Pasi masunggu;Masungke;Aman;
Kepulauan Selayar;Pasi masunggu;tanamala;Aman;
Kepulauan Selayar;Pasi masunggu;teluk Kampe;Aman;
Kepulauan Selayar;Pasi Masunggu Timur;Bonto baru;Aman;
Kepulauan Selayar;Pasi Masunggu Timur;Bonto bulaeng;Aman;
Kepulauan Selayar;Pasi Masunggu Timur;Bonto jati;Aman;
Kepulauan Selayar;Pasi Masunggu Timur;Bonto malling;Aman;
Kepulauan Selayar;Pasi Masunggu Timur;Lembang baji;Aman;
Kepulauan Selayar;Pasi Masunggu Timur;Ujung;Aman;
Kepulauan Selayar;Taka Bonerate;Kayu Adi;Aman;
Luwu;Bajo Barat;Bone lemo Utara;Siaga;
Luwu;Bajo Barat;tetttekang;Siaga;
Luwu;Bajo Barat;Sumbu Bara;Siaga;
Luwu;Basse Sangtempe;Bontu Batu;Siaga;
Luwu;Basse Sangtempe;kanna Utra;Siaga;
Luwu;Basse Sangtempe utara;Malindo;Siaga;
Luwu;Basse Sangtempe utara;Tasangtongkonang;Siaga;
Luwu;Belopa;Kurrusemange;Siaga;
Luwu;Bua;Pabbaressang;Siaga;
Luwu;Bua;Tanah Rigella;Siaga;
Luwu;Bua;Tiro Manda;Siaga;
Luwu;Bua Ponrang;Batulang;Siaga;
Luwu;Bua Ponrang;Pandang Ma'bud;Siaga;
Luwu;Lamasi;Awa Gading;Siaga;
Luwu;Lamasi;Seppon;Siaga;
Luwu;Lamasi Timur;Pelatang;Siaga;
Luwu;Larompong;Bintutu;Siaga;
Luwu;Larompong;Rante Belu;Siaga;
Luwu;Larompong Selatan;Dadang;Siaga;
Luwu;Larompong Selatan;Batu Lappa;Siaga;
Luwu;Latimojong;Bone Posik;Siaga;
Luwu;Latimojong;Tibussang;Siaga;
Luwu;Latimojong;To'baru;Siaga;
Luwu;Latimojong;Ulusali;Siaga;
Luwu;Ponrang Selatang;Bakti;Siaga;
Luwu;Ponrang Selatang;Bassiang;Siaga;
Luwu;Ponrang Selatang;Bassiang Timur;Siaga;
Luwu;Ponrang Selatang;Buntu Karya;Siaga;
Luwu;Ponrang Selatang;Je'ne Maeja;Siaga;
Luwu;Ponrang Selatang;lampuara;Siaga;
Luwu;Ponrang Selatang;Olang;Siaga;
Luwu;Ponrang Selatang;Paccerakkang;Siaga;
Luwu;Ponrang Selatang;Pattedong Selatan;Siaga;
Luwu;Ponrang Selatang;Tarra Matekkeng;Siaga;
Luwu;Ponrang Selatang;To'balo;Siaga;
Luwu;Ponrang Selatang;To'bia;Siaga;
Luwu;Ponrang Selatang;Pattedong;Siaga;
Luwu;Suli;Dssa Papakaju;Siaga;
Luwu;Suli Barat;Poringang;Siaga;
Luwu;Walenrang;Batu Sitanduk;Siaga;
Luwu;Walenrang;laong;Siaga;
Luwu;Walenrang Barat;Lian Batu;Siaga;
Luwu;Walenrang Barat;Lian Batu Uru;Siaga;
Luwu;Walenrang Barat;Lwandi;Siaga;
Luwu;Walenrang Timur;Kendekang;Siaga;
Luwu;Walenrang Utara;Salutibu;Siaga;
Luwu;Walenrang Utara;Santandung;Siaga;
Luwu Timur;Angkona;Lamaeta;Siaga;
Luwu Timur;Angkona;Mantadudu;Siaga;
Luwu Timur;Burau;Batu Puith;Siaga;
Luwu Timur;Burau;Bone Putih;Siaga;
Luwu Timur;Mangkutana;Maegolembo;Siaga;
Luwu Timur;Nuha;Soroako;Siaga;
Luwu Timur;Tomoni;kalipataru;Siaga;
Luwu Timur;Tomoni;Mulyasari;Siaga;
Luwu Timur;Towoti;Asuli;Siaga;
Luwu Timur;Towoti;Bantilang;Siaga;
Luwu Timur;Towoti;Baruga;Siaga;
Luwu Timur;Towoti;Buanging;Siaga;
Luwu Timur;Towoti;Kalosi;Siaga;
Luwu Timur;Towoti;langkea Raya;Siaga;
Luwu Timur;Towoti;libukan Mandiri;Siaga;
Luwu Timur;Towoti;Lioka;Siaga;
Luwu Timur;Towoti;Loeha;Siaga;
Luwu Timur;Towoti;mahalona;Siaga;
Luwu Timur;Towoti;Masiku;Siaga;
Luwu Timur;Towoti;Matompi;Siaga;
Luwu Timur;Towoti;Pekaloa;Siaga;
Luwu Timur;Towoti;rante Anging;Siaga;
Luwu Timur;Towoti;Timampu;Siaga;
Luwu Timur;Towoti;Tokalimbo;Siaga;
Luwu Timur;Towoti;Tole;Siaga;
Luwu Timur;Towoti;Wawondula;Siaga;
Luwu Timur;Wasuponda;ledu-Ledu;Siaga;
Luwu Timur;Wasuponda;Parampanai;Siaga;
Luwu Timur;Wotu;Balo=Balo;Siaga;
Luwu Timur;Wotu;rinjami;Siaga;
Luwu Timur;Wotu;Tarengge Timut;Siaga;
Luwu Utara;Baebunta;meli;Siaga;
Luwu Utara;Baebunta;palndan;Siaga;
Luwu Utara;Baebunta;Salu Lemo;Siaga;
Luwu Utara;Baebunta;Sassak;Siaga;
Luwu Utara;Baebunta Selatan;Mekarsasri Jaya;Siaga;
Luwu Utara;Bone-Bone;Bantimurung;Siaga;
Luwu Utara;Bone-Bone;Banyuurip;Siaga;
Luwu Utara;Bone-Bone;Batang Tongka;Siaga;
Luwu Utara;Bone-Bone;Mukti Sari;Siaga;
Luwu Utara;Bone-Bone;Patoloan;Siaga;
Luwu Utara;Bone-Bone;Pongko;Siaga;
Luwu Utara;Bone-Bone;sadar;Siaga;
Luwu Utara;Bone-Bone;Sidomukti;Siaga;
Luwu Utara;Bone-Bone;Sukaraya;Siaga;
Luwu Utara;Bone-Bone;Tamuku;Siaga;
Luwu Utara;Bone-Bone;Bone-Bone;Siaga;
Luwu Utara;Limbong;Penkendekan;Siaga;
Luwu Utara;Limbong;rindin Ngallo;Siaga;
Luwu Utara;Malangke;Pettalandung;Siaga;
Luwu Utara;Malangke Barat;Baku-Baku;Siaga;
Luwu Utara;Malangke Barat;Cenning;Siaga;
Luwu Utara;Malangke Barat;pambuniang;Siaga;
Luwu Utara;Malangke Barat;Pengkajoang;Siaga;
Luwu Utara;Malangke Barat;waetuwo;Siaga;
Luwu Utara;Mappadeceng;Benteng;Siaga;
Luwu Utara;Mappadeceng;Cendana Putih;Siaga;
Luwu Utara;Mappadeceng;Cendana Putih I;Siaga;
Luwu Utara;Mappadeceng;Cendana Putih II;Siaga;
Luwu Utara;Mappadeceng;Harapan;Siaga;
Luwu Utara;Mappadeceng;Hasana;Siaga;
Luwu Utara;Mappadeceng;kapidi;Siaga;
Luwu Utara;Mappadeceng;mangalie;Siaga;
Luwu Utara;Mappadeceng;Mappadeceng;Siaga;
Luwu Utara;Mappadeceng;Mekar Jaya Tondok;Siaga;
Luwu Utara;Mappadeceng;Sumber Harum;Siaga;
Luwu Utara;Mappadeceng;Sumber Wangi;Siaga;
Luwu Utara;Mappadeceng;Tarak tallu;Siaga;
Luwu Utara;Mappadeceng;ujung Mattajang;Siaga;
Luwu Utara;Mappadeceng;Uraso;Siaga;
Luwu Utara;Rampi;Ddodlo;Siaga;
Luwu Utara;Sabbang;Buntu Terpedo;Siaga;
Luwu Utara;Sabbang;Penkendekan;Siaga;
Luwu Utara;Sabbang Selatan;Buanging;Siaga;
Luwu Utara;Sabbang Selatan;kampung Beru;Siaga;
Luwu Utara;Sabbang Selatan;Terpedo Jaya;Siaga;
Luwu Utara;Sabbang Selatan;teteuti;Siaga;
Luwu Utara;Seko;Tanakamaleang;Siaga;
Luwu Utara;Suka maju;kaluku;Siaga;
Luwu Utara;Suka maju;katungan;Siaga;
Luwu Utara;Suka maju;lampu Awa;Siaga;
Luwu Utara;Suka maju;Mingan Tallu;Siaga;
Luwu Utara;Suka maju;mulyasari;Siaga;
Luwu Utara;Suka maju;Salulemo;Siaga;
Luwu Utara;Suka maju;Saptamarga;Siaga;
Luwu Utara;Suka maju;Suka Damai;Siaga;
Luwu Utara;Suka maju;Suka maju;Siaga;
Luwu Utara;Suka maju;tamboke;Siaga;
Luwu Utara;Suka maju;Tolangi;Siaga;
Luwu Utara;Suka maju;Tulung Indah;Siaga;
Luwu Utara;Suka maju;tulungsari;Siaga;
Luwu Utara;Suka maju;Wonosari;Siaga;
Luwu Utara;Suka maju Selatan;Banyuwangi;Siaga;
Luwu Utara;Suka maju Selatan;Lino;Siaga;
Luwu Utara;Suka maju Selatan;Mulyorejo;Siaga;
Luwu Utara;Suka maju Selatan;Paomacang;Siaga;
Luwu Utara;Suka maju Selatan;rawamangun;Siaga;
Luwu Utara;Suka maju Selatan;Sidoharjo;Siaga;
Luwu Utara;Suka maju Selatan;Subur;Siaga;
Luwu Utara;Suka maju Selatan;sukaharapan;Siaga;
Luwu Utara;Suka maju Selatan;Sukamukti;Siaga;
Luwu Utara;Suka maju Selatan;sumber Baru;Siaga;
Luwu Utara;Suka maju Selatan;Wonokerto;Siaga;
Luwu Utara;Tana Lili;Sidobinangung;Siaga;
Maros;Bantimurung;Minasabaji;Siaga;
Maros;Bantimurung;Leang-Leang;Siaga;
Maros;Bontoa;Bonto Lempangan;Siaga;
Maros;Bontoa;Tupabbiring;Siaga;
Maros;Camba;Campaniga;Aman;
Maros;Cenrana;Lebbotengngae;Aman;
Maros;Cenrana;LimaPOccoa;Aman;
Maros;Lau;Mattiro Deceng;Siaga;
Maros;Mallawa;barugae;Aman;
Maros;Mallawa;batu Putih;Aman;
Maros;Mallawa;Bentenge;Aman;
Maros;Mallawa;Gattareng Matinggi;Aman;
Maros;Mallawa;mattampapole;Aman;
Maros;Mallawa;Padaelo;Aman;
Maros;Mallawa;samaenre;Aman;
Maros;Mallawa;Tellumpanue;Aman;
Maros;Mallawa;Ulu daya;Aman;
Maros;Mallawa;Wanua waru;Aman;
Maros;Mallawa;Sabila;Aman;
Maros;Mandai;baji manggai;Aman;
Maros;Mandai;pattongtongan;Siaga;
Maros;Mandai;Tenri gangkae;Siaga;
Maros;Maros Baru;Bori Kamase;Siaga;
Maros;Maros Baru;Bori Masunggu;Aman;
Maros;Maros Baru;mattiro Tasi;Siaga;
Maros;Maros Baru;Baji Pa'mai;Aman;
Maros;Marusu;Abbulo Sibatang;Aman;
Maros;Marusu;Temmappadduae;Aman;
Maros;Moncongloe;Bonto Bunga;Aman;
Maros;Moncongloe;Bonto Marannu;Aman;
Maros;Moncongloe;moncongloe;Aman;
Maros;Moncongloe;moncongloe Baru;Aman;
Maros;Moncongloe;Moncongloe Lappara;Aman;
Maros;Simbang;Je'ne Taesa;Aman;
Maros;Simbang;Sambuaeja;Aman;
Maros;Tanrarlili;Allaere;Aman;
Maros;Tanrarlili;Borong;Aman;
Maros;Tanrarlili;Damai;Aman;
Maros;Tanrarlili;Kurusumange;Aman;
Maros;Tanrarlili;Lekopancing;Aman;
Maros;Tanrarlili;Purna Karya;Aman;
Maros;Tanrarlili;Sudirman;Aman;
Maros;Tanrarlili;Toddopulia;Aman;
Maros;Tompobulu;Bonto Soma;Aman;
Maros;Turikale;Adattongeng;Aman;
Maros;;Alliritengae;Aman;
Maros;;Boribellaya;Aman;
Pangkajene dan Kepulauan;Balocci;Tompobulu;Aman;
Pangkajene dan Kepulauan;Balocci;Balleangin;Siaga;
Pangkajene dan Kepulauan;Balocci;Balocci baru;Siaga;
Pangkajene dan Kepulauan;Balocci;Majannang;Aman;
Pangkajene dan Kepulauan;Balocci;Tonasa;Aman;
Pangkajene dan Kepulauan;Bungoro;Biring Ere;Siaga;
Pangkajene dan Kepulauan;Bungoro;Bowong Cindea;Siaga;
Pangkajene dan Kepulauan;Bungoro;Bulu Cindea;Siaga;
Pangkajene dan Kepulauan;Bungoro;Mangilu;Aman;
Pangkajene dan Kepulauan;Bungoro;Tabo-Tabo;Siaga;
Pangkajene dan Kepulauan;Bungoro;Bori appaka;Siaga;
Pangkajene dan Kepulauan;Bungoro;Samalewa;Siaga;
Pangkajene dan Kepulauan;Bungoro;Sapanang;Aman;
Pangkajene dan Kepulauan;Labbakkang;bara Batu;Siaga;
Pangkajene dan Kepulauan;Labbakkang;Batara;Aman;
Pangkajene dan Kepulauan;Labbakkang;Bonto manai;Siaga;
Pangkajene dan Kepulauan;Labbakkang;Gentung;Siaga;
Pangkajene dan Kepulauan;Labbakkang;Kanaungan;Aman;
Pangkajene dan Kepulauan;Labbakkang;Kassi Loe;Siaga;
Pangkajene dan Kepulauan;Labbakkang;manakku;Siaga;
Pangkajene dan Kepulauan;Labbakkang;Pattallassang;Aman;
Pangkajene dan Kepulauan;Labbakkang;taraweang;Siaga;
Pangkajene dan Kepulauan;Labbakkang;Bori Masunggu;Siaga;
Pangkajene dan Kepulauan;Labbakkang;Labbakkang;Siaga;
Pangkajene dan Kepulauan;Labbakkang;Mangngallekana;Siaga;
Pangkajene dan Kepulauan;Labbakkang;Pundata baji;Siaga;
Pangkajene dan Kepulauan;Liukang Tangngaya;balo-Baloang;Aman;
Pangkajene dan Kepulauan;Liukang Tangngaya;Kapoposang Bali;Aman;
Pangkajene dan Kepulauan;Liukang Tangngaya;Poleonro;Aman;
Pangkajene dan Kepulauan;Liukang Tangngaya;sabalana;Aman;
Pangkajene dan Kepulauan;Liukang Tangngaya;Sabaru;Aman;
Pangkajene dan Kepulauan;Liukang Tangngaya;Salius;Aman;
Pangkajene dan Kepulauan;Liukang Tangngaya;Stanger;Aman;
Pangkajene dan Kepulauan;Liukang Tangngaya;Tampaang;Aman;
Pangkajene dan Kepulauan;Liukang Tangngaya;Sapuka;Aman;
Pangkajene dan Kepulauan;Liukang Kalmas;Dewakang;Siaga;
Pangkajene dan Kepulauan;Liukang Kalmas;Doang-doangan Lompo;Siaga;
Pangkajene dan Kepulauan;Liukang Kalmas;Kayurang;Siaga;
Pangkajene dan Kepulauan;Liukang Kalmas;Marasende;Aman;
Pangkajene dan Kepulauan;Liukang Kalmas;Pammas;Siaga;
Pangkajene dan Kepulauan;Liukang Kalmas;Sabaru;Siaga;
Pangkajene dan Kepulauan;Liukang Kalmas;Kalukuang;Aman;
Pangkajene dan Kepulauan;Liukang Tupabbiring;Mattaro Ade;Siaga;
Pangkajene dan Kepulauan;Liukang Tupabbiring;Mattiro Bone;Siaga;
Pangkajene dan Kepulauan;Liukang Tupabbiring;Mattiro Deceng;Siaga;
Pangkajene dan Kepulauan;Liukang Tupabbiring;mattiri Dolangang;Aman;
Pangkajene dan Kepulauan;Liukang Tupabbiring;mattirolangi;Aman;
Pangkajene dan Kepulauan;Liukang Tupabbiring;Mattiro Matae;Aman;
Pangkajene dan Kepulauan;Liukang Tupabbiring;Mattiro Ujung;Aman;
Pangkajene dan Kepulauan;Liukang Tupabbiring;Mattiro Bintang;Aman;
Pangkajene dan Kepulauan;Liukang Tupabbiring;Mattiro Sompe;Siaga;
Pangkajene dan Kepulauan;Liukang Tupabbiring Utara;Mattiro Baji;Siaga;
Pangkajene dan Kepulauan;Liukang Tupabbiring Utara;mattiri Bombang;Siaga;
Pangkajene dan Kepulauan;Liukang Tupabbiring Utara;Mattiro Bulu;Siaga;
Pangkajene dan Kepulauan;Liukang Tupabbiring Utara;Mattiro kanja;Aman;
Pangkajene dan Kepulauan;Liukang Tupabbiring Utara;Mattiro Labangeng;Aman;
Pangkajene dan Kepulauan;Liukang Tupabbiring Utara;mattiro Uleng;Aman;
Pangkajene dan Kepulauan;Liukang Tupabbiring Utara;Mattiro Walie;Siaga;
Pangkajene dan Kepulauan;Mandalle;Benteng;Siaga;
Pangkajene dan Kepulauan;Mandalle;Boddie;Siaga;
Pangkajene dan Kepulauan;Mandalle;Coppo Tompong;Aman;
Pangkajene dan Kepulauan;Mandalle;Mandalle;Aman;
Pangkajene dan Kepulauan;Mandalle;Manggalung;Siaga;
Pangkajene dan Kepulauan;Mandalle;Tama'rupa;Aman;
Pangkajene dan Kepulauan;Ma'rang;Alesipitto;Siaga;
Pangkajene dan Kepulauan;Ma'rang;padang lampe;Siaga;
Pangkajene dan Kepulauan;Ma'rang;Pitue;Aman;
Pangkajene dan Kepulauan;Ma'rang;Pitusunggu;Siaga;
Pangkajene dan Kepulauan;Ma'rang;Punranga;Aman;
Pangkajene dan Kepulauan;Ma'rang;Tamangapa;Siaga;
Pangkajene dan Kepulauan;Ma'rang;Attang Sali;Siaga;
Pangkajene dan Kepulauan;Ma'rang;Bonto-Bonto;Aman;
Pangkajene dan Kepulauan;Ma'rang;Ma'rang;Aman;
Pangkajene dan Kepulauan;Ma'rang;Talaka;Siaga;
Pangkajene dan Kepulauan;Minasa Te;75;Kabba;Siaga
Pangkajene dan Kepulauan;Minasa Te;76;Panaikang;Aman
Pangkajene dan Kepulauan;Minasa Te;77;Biraeng;Siaga
Pangkajene dan Kepulauan;Minasa Te;78;Bonto Kio;Siaga
Pangkajene dan Kepulauan;Minasa Te;79;Bonto langkasa;Aman
Pangkajene dan Kepulauan;Minasa Te;80;Bontoa;Siaga
Pangkajene dan Kepulauan;Minasa Te;81;Kala'birang;Siaga
Pangkajene dan Kepulauan;Minasa Te;82;Minasa Te'ne;Aman
Pangkajene dan Kepulauan;Pangkajene;Anrong Appaka;Siaga;
Pangkajene dan Kepulauan;Pangkajene;Bonto Perak;Siaga;
Pangkajene dan Kepulauan;Pangkajene;Jagong;Siaga;
Pangkajene dan Kepulauan;Pangkajene;Mappasaile;Aman;
Pangkajene dan Kepulauan;Pangkajene;Pabbundukang;Siaga;
Pangkajene dan Kepulauan;Pangkajene;Padoang-Doangan;Aman;
Pangkajene dan Kepulauan;Pangkajene;Sibatua;Siaga;
Pangkajene dan Kepulauan;Pangkajene;Tekolabbua;Siaga;
Pangkajene dan Kepulauan;Pangkajene;Tumampua;Aman;
Pangkajene dan Kepulauan;Segeri;Baring;Aman;
Pangkajene dan Kepulauan;Segeri;Oarenreng;Siaga;
Pangkajene dan Kepulauan;Segeri;Bawa Salo;Siaga;
Pangkajene dan Kepulauan;Segeri;Bone;Aman;
Pangkajene dan Kepulauan;Segeri;Bonto mate'ne;Siaga;
Pangkajene dan Kepulauan;Segeri;Segeri;Siaga;
Pangkajene dan Kepulauan;Tondong Tallasa;Bantimurung;Aman;
Pangkajene dan Kepulauan;Tondong Tallasa;Bonto Birao;Aman;
Pangkajene dan Kepulauan;Tondong Tallasa;Bulu Telue;Aman;
Pangkajene dan Kepulauan;Tondong Tallasa;lanne;Aman;
Pangkajene dan Kepulauan;Tondong Tallasa;malaka;Aman;
Pangkajene dan Kepulauan;Tondong Tallasa;Tondongkura;Aman;
Pinrang;Batu Lappa;Kaselarau;Siaga;
Pinrang;Cempa;Matunru-Tunrue;Aman;
Pinrang;Duampanua;babinangan;Siaga;
Pinrang;Duampanua;battuasawa;Aman;
Pinrang;Duampanua;Kabalilangang;Siaga;
Pinrang;Duampanua;Masewae;Aman;
Pinrang;Duampanua;Bittuang;Waspada;
Pinrang;Lansirang;Amasangeng;Waspada;
Pinrang;Lansirang;Barangpalia;Siaga;
Pinrang;Lansirang;Lanrisang;Waspada;
Pinrang;Lembang;Binanga Kareng;Aman;
Pinrang;Lembang;Lemabang Mesakada;Aman;
Pinrang;Lembang;Sali-Sali;Siaga;
Pinrang;Mattiro Bulu;paddakkalawa;Siaga;
Pinrang;Mattiro Sompe;Massulowalie;Siaga;
Pinrang;Mattiro Sompe;Mattirotasi;Aman;
Pinrang;Mattiro Sompe;Mattombong;Aman;
Pinrang;Mattiro Sompe;Mattongang-Tongang;Aman;
Pinrang;Mattiro Sompe;Patobong;Waspada;
Pinrang;Mattiro Sompe;Samaenre;Siaga;
Pinrang;Mattiro Sompe;Siwolong Polong;Siaga;
Pinrang;Mattiro Sompe;Langnga;Waspada;
Pinrang;Mattiro Sompe;Pallameang;Siaga;
Pinrang;Paleteang;Benteng sawittio;Aman;
Pinrang;Paleteang;Temmassarrangnge;Waspada;
Pinrang;Patampanua;Kel.Benteng;Waspada;
Pinrang;Patampanua;Kel.Maccirinna;Siaga;
Pinrang;Patampanua;Tonyameng;Waspada;
Pinrang;Tiroang;Fakkie;Aman;
Pinrang;Watang Sawitto;bentengnge;Siaga;
Pinrang;Watang Sawitto;jaya;Aman;
Pinrang;Watang Sawitto;macorawalie;Siaga;
Pinrang;Watang Sawitto;Penrang;Aman;
Pinrang;Watang Sawitto;Slo;Waspada;
Pinrang;Watang Sawitto;sawitto;Siaga;
Pinrang;Watang Sawitto;Siparappe;Waspada;
Pinrang;Watang Sawitto;Sipatokkong;Siaga;
Sidenreng Rappang;Baranti;Maminasae;Aman;
Sidenreng Rappang;Duo Pitue;Bila;Waspada;
Sidenreng Rappang;Duo Pitue;Kalosi;Aman;
Sidenreng Rappang;Duo Pitue;Kalosi Alau;siaga;
Sidenreng Rappang;Duo Pitue;Kampale;siaga;
Sidenreng Rappang;Duo Pitue;Padangloang;siaga;
Sidenreng Rappang;Duo Pitue;Padangloang Alau;Aman;
Sidenreng Rappang;Duo Pitue;Salobukkang;Aman;
Sidenreng Rappang;Duo Pitue;Taccimpo;Waspada;
Sidenreng Rappang;Duo Pitue;Salomalori;Aman;
Sidenreng Rappang;Duo Pitue;Tanru Tedong;waspada;
Sidenreng Rappang;Kulo;abbokkong;Waspada;
Sidenreng Rappang;Kulo;Kampung Beru;siaga;
Sidenreng Rappang;Maritengngae;Allakkuang;siaga;
Sidenreng Rappang;Maritengngae;Lakessi;Waspada;
Sidenreng Rappang;Maritengngae;Majelling;Aman;
Sidenreng Rappang;Maritengngae;Majelling Watang;Aman;
Sidenreng Rappang;Maritengngae;Pangkaje'ne;Waspada;
Sidenreng Rappang;Panca Lautang;Alesalewo;Aman;
Sidenreng Rappang;Panca Lautang;Bapangi;Waspada;
Sidenreng Rappang;Panca Lautang;Cenrana;siaga;
Sidenreng Rappang;Panca Lautang;Corowali;Aman;
Sidenreng Rappang;Panca Lautang;Lise;Waspada;
Sidenreng Rappang;Panca Lautang;Wanio;Aman;
Sidenreng Rappang;Panca Lautang;Wanio Timureng;Waspada;
Sidenreng Rappang;Panca Lautang;Bilokka;siaga;
Sidenreng Rappang;Panca Lautang;Lajonga;Waspada;
Sidenreng Rappang;Panca Lautang;Wetee;siaga;
Sidenreng Rappang;Panca Rijang;Lalebata;waspada;
Sidenreng Rappang;Pitu Riase;Belawae;Aman;
Sidenreng Rappang;Pitu Riase;Bila Riase;siaga;
Sidenreng Rappang;Pitu Riase;Bola Bulu;Aman;
Sidenreng Rappang;Pitu Riase;Botto;Waspada;
Sidenreng Rappang;Pitu Riase;Buntu Buaanging;Aman;
Sidenreng Rappang;Pitu Riase;Compong;Waspada;
Sidenreng Rappang;Pitu Riase;Dengeng-Dengeng;Aman;
Sidenreng Rappang;Pitu Riase;Lagading;Aman;
Sidenreng Rappang;Pitu Riase;Leppangeng;Waspada;
Sidenreng Rappang;Pitu Riase;Lombo;siaga;
Sidenreng Rappang;Pitu Riase;Tana Toro;siaga;
Sidenreng Rappang;Pitu Riase;Bati;siaga;
Sidenreng Rappang;Pitu Riawa;Ajubissua;Waspada;
Sidenreng Rappang;Tellu limpue;Polwali;siaga;
Sidenreng Rappang;Tellu limpue;Teppo;Aman;
Sidenreng Rappang;Tellu limpue;teteaji;siaga;
Sidenreng Rappang;Tellu limpue;Amparita;Waspada;
Sidenreng Rappang;Tellu limpue;Arateng;Waspada;
Sidenreng Rappang;Tellu limpue;Baula;Aman;
Sidenreng Rappang;Tellu limpue;Massepe;Aman;
Sidenreng Rappang;Tellu limpue;Pajalele;Waspada;
Sidenreng Rappang;Tellu limpue;Toddang Pulu;siaga;
Sidenreng Rappang;Watang Pulu;Ulu Ale;Aman;
Sidenreng Rappang;Watang Sidenreng;Aka-Akae;Waspada;
Sidenreng Rappang;Watang Sidenreng;Damai;Aman;
Sidenreng Rappang;Watang Sidenreng;Mojong;Waspada;
Sidenreng Rappang;Watang Sidenreng;Talawe;Waspada;
Sidenreng Rappang;Watang Sidenreng;Talumae;Aman;
Sidenreng Rappang;Watang Sidenreng;Empagae;Aman;
Sidenreng Rappang;Watang Sidenreng;Kanyuara;Waspada;
Sidenreng Rappang;Watang Sidenreng;Watang Sidenreng;Waspada;
Sinjai;Bulupoddo;lamtti Riaja;Siaga;
Sinjai;Sinjai Barat;Boto Lempangang;Aman;
Sinjai;Sinjai Tengah;mattunreng Tallue;Aman;
Sinjai;Sinjai Tengah;Saotengah;Siaga;
Sinjai;Sinjai Timur;Birore;Siaga;
Sinjai;Sinjai Timur;Pattallassang;Aman;
Sinjai;Sinjai Timur;Sinjai;Aman;
Sinjai;Sinjai Timur;Samataring;Siaga;
Sinjai;Sinjai Utara;Alehanuai;Siaga;
Sinjai;Tellu Limpoe;Samature;Aman;
Tellu Limpoe;Citta;Citta;Siaga;
Tellu Limpoe;Citta;Kampiri;Siaga;
Tellu Limpoe;Citta;labae;Siaga;
Tellu Limpoe;Citta;Tinco;Siaga;
Tellu Limpoe;Donri-Donri;Donri-Donri;Siaga;
Tellu Limpoe;Donri-Donri;Kessing;Siaga;
Tellu Limpoe;Donri-Donri;Labokong;Siaga;
Tellu Limpoe;Donri-Donri;lalabatariaja;Waspada;
Tellu Limpoe;Donri-Donri;Leworeng;Aman;
Tellu Limpoe;Donri-Donri;Pesse;Aman;
Tellu Limpoe;Donri-Donri;Pising;Siaga;
Tellu Limpoe;Donri-Donri;Sering;Aman;
Tellu Limpoe;Donri-Donri;Tottong;Siaga;
Tellu Limpoe;Ganra;Belo;Aman;
Tellu Limpoe;Ganra;Enrekeng;Siaga;
Tellu Limpoe;Ganra;Ganra;Siaga;
Tellu Limpoe;Ganra;Lompulle;Siaga;
Tellu Limpoe;Lalabata;Macale;Siaga;
Tellu Limpoe;Lalabata;Mattabulu;Siaga;
Tellu Limpoe;Lalabata;Umpungeng;Siaga;
Tellu Limpoe;Lalabata;Bila;Siaga;
Tellu Limpoe;Lalabata;Botto;Siaga;
Tellu Limpoe;Lalabata;Lalabata Rilau;Siaga;
Tellu Limpoe;Lalabata;Lapajung;Siaga;
Tellu Limpoe;Lalabata;Lemba;Siaga;
Tellu Limpoe;Lalabata;Ompo;Siaga;
Tellu Limpoe;Lalabata;Salokaraja;Siaga;
Tellu Limpoe;Liliriaja;jampu;Siaga;
Tellu Limpoe;Liliriaja;Barang;Siaga;
Tellu Limpoe;Liliriaja;Pattojo;Siaga;
Tellu Limpoe;Liliriaja;Rompegading;Siaga;
Tellu Limpoe;Liliriaja;Timusu;Siaga;
Tellu Limpoe;Liliriaja;Appanang;Siaga;
Tellu Limpoe;Liliriaja;Jennae;Siaga;
Tellu Limpoe;Liliriaja;Galung;Siaga;
Tellu Limpoe;Lilirilau;abbanuange;Aman;
Tellu Limpoe;Lilirilau;Biringeng;Aman;
Tellu Limpoe;Lilirilau;Kebo;Aman;
Tellu Limpoe;Lilirilau;Masing;Aman;
Tellu Limpoe;Lilirilau;Palangisemh;Aman;
Tellu Limpoe;Lilirilau;Parinreng;Aman;
Tellu Limpoe;Lilirilau;Paroto;Aman;
Tellu Limpoe;Lilirilau;Tetewatu;Aman;
Tellu Limpoe;Lilirilau;Cabenge;Aman;
Tellu Limpoe;Lilirilau;Macanre;Aman;
Tellu Limpoe;Lilirilau;Pajalesang;Aman;
Tellu Limpoe;Lilirilau;Ujung;Aman;
Tellu Limpoe;Marioriawa;Bulue;Aman;
Tellu Limpoe;Marioriawa;laringgi;Aman;
Tellu Limpoe;Marioriawa;panincong;Aman;
Tellu Limpoe;Marioriawa;patampanua;Aman;
Tellu Limpoe;Marioriawa;Tellulimpoe;Aman;
Tellu Limpoe;Marioriawa;Attang Salo;Siaga;
Tellu Limpoe;Marioriawa;Batu-Batu;Siaga;
Tellu Limpoe;Marioriawa;Kaca;Siaga;
Tellu Limpoe;Marioriawa;Limpomajang;Siaga;
Tellu Limpoe;Marioriawa;Manorang Salo;Siaga;
Tellu Limpoe;Marioriwawo;Barae;Aman;
Tellu Limpoe;Marioriwawo;Congko;Aman;
Tellu Limpoe;Marioriwawo;Gattareng;Aman;
Tellu Limpoe;Marioriwawo;Gattareng Toa;Siaga;
Tellu Limpoe;Marioriwawo;Goaria;Siaga;
Tellu Limpoe;Marioriwawo;marioriaja;Siaga;
Tellu Limpoe;Marioriwawo;Mariorilau;Siaga;
Tellu Limpoe;Marioriwawo;Marioritengnga;Siaga;
Tellu Limpoe;Marioriwawo;Soga;Aman;
Tellu Limpoe;Marioriwawo;Watu;Aman;
Tellu Limpoe;Marioriwawo;Watu Toa;Aman;
Tellu Limpoe;Marioriwawo;Labessi;Aman;
Tellu Limpoe;Marioriwawo;Tettikenrarare;Aman;
Takalar;Galesong;Pa'la'kkang;Siaga;
Takalar;Galesong;parang Bambe;Aman;
Takalar;Galesong Selatan;Bonto kassi;Siaga;
Takalar;Galesong Selatan;Bonto marannu;Siaga;
Takalar;Galesong Selatan;Kalebentang;Siaga;
Takalar;Galesong Utara;Aeng batu-Batu;Siaga;
Takalar;Galesong Utara;Bonto Kaddopepe;Siaga;
Takalar;Galesong Utara;Bonto Lanra;Siaga;
Takalar;Galesong Utara;Tamnalate;Siaga;
Takalar;Kepulauan Tanakeke;balang datu;Aman;
Takalar;Mappakasunggu;Pa'batanganng;Siaga;
Takalar;Pattallassang;Sambalabella;Siaga;
Takalar;Polongbangkeng selatan;Cakura;Siaga;
Takalar;Polongbangkeng selatan;Lantang;Siaga;
Takalar;Polongbangkeng selatan;Moncongkomba;Siaga;
Takalar;Polongbangkeng selatan;Su'rulangi;Siaga;
Takalar;Polongbangkeng selatan;Bonto Kadatto;Siaga;
Takalar;Polongbangkeng selatan;Bulu Kunyi;Siaga;
Takalar;Polongbangkeng selatan;Canrego;Siaga;
Takalar;Polongbangkeng selatan;Pambundukang;Siaga;
Takalar;Polongbangkeng selatan;Patte'ne;Siaga;
Takalar;Polongbangkeng selatan;Rajaya;Siaga;
Takalar;Polongbangkeng Utara;balang Tanayya;Siaga;
Takalar;Polongbangkeng Utara;Barugayya;Siaga;
Takalar;Polongbangkeng Utara;kale Ko'mara;Siaga;
Takalar;Polongbangkeng Utara;Kampung Beru;Siaga;
Takalar;Polongbangkeng Utara;ko'mara;Siaga;
Takalar;Polongbangkeng Utara;Lassang;Siaga;
Takalar;Polongbangkeng Utara;Lassang Barat;Siaga;
Takalar;Polongbangkeng Utara;Massamaturu;Siaga;
Takalar;Polongbangkeng Utara;Parang Baddo;Siaga;
Takalar;Polongbangkeng Utara;Pa'rappunganta;Siaga;
Takalar;Polongbangkeng Utara;timbuseng;Siaga;
Takalar;Polongbangkeng Utara;Towata;Siaga;
Takalar;Polongbangkeng Utara;Malewang;Siaga;
Takalar;Polongbangkeng Utara;Mannongkoki;Siaga;
Takalar;Polongbangkeng Utara;Mattompodalle;Siaga;
Takalar;Polongbangkeng Utara;Palleko;Siaga;
Takalar;Polongbangkeng Utara;Panrangnuanku;Siaga;
Takalar;Polongbangkeng Utara;Parangluara;Siaga;
Tana Toraja;Bittuang;Lembang Balla;Siaga;
Tana Toraja;Bittuang;Lembang Bau;Siaga;
Tana Toraja;Bittuang;Lembang Burasia;Siaga;
Tana Toraja;Bittuang;Lembang Buttu Limbong;Siaga;
Tana Toraja;Bittuang;Lembang Kandua;Siaga;
Tana Toraja;Bittuang;Lembang Kole palian;Siaga;
Tana Toraja;Bittuang;Lembang Le'tek;Siaga;
Tana Toraja;Bittuang;Lembang Pali';Siaga;
Tana Toraja;Bittuang;Lembang Patolloan;Siaga;
Tana Toraja;Bittuang;Lembang rembo-Rembo;Siaga;
Tana Toraja;Bittuang;Lembang sandana;Siaga;
Tana Toraja;Bittuang;Lembang sasak;Siaga;
Tana Toraja;Bittuang;Lembang Se'seng;Siaga;
Tana Toraja;Bittuang;Lembang Tiroan;Siaga;
Tana Toraja;Bonggakaradeng;Lembang bau;Siaga;
Tana Toraja;Bonggakaradeng;Lembang bau selata;Siaga;
Tana Toraja;Bonggakaradeng;Lembang Bua kayu;Siaga;
Tana Toraja;Bonggakaradeng;Lembang Mappa';Siaga;
Tana Toraja;Bonggakaradeng;Lembang Poton;Siaga;
Tana Toraja;Gandang Batu Sillanan;Lembang Betteng Deata;Siaga;
Tana Toraja;Gandang Batu Sillanan;Lembang Buntu Limbong;Siaga;
Tana Toraja;Gandang Batu Sillanan;Lembang Buntu Tabang;Siaga;
Tana Toraja;Gandang Batu Sillanan;Lembang gandang Batu;Siaga;
Tana Toraja;Gandang Batu Sillanan;Lembang garassik;Siaga;
Tana Toraja;Gandang Batu Sillanan;Lembang Kaduaja;Siaga;
Tana Toraja;Gandang Batu Sillanan;Lembang Pemanukang;Siaga;
Tana Toraja;Gandang Batu Sillanan;Lembang Perindingan;Siaga;
Tana Toraja;Gandang Batu Sillanan;Lembang sillanan;Siaga;
Tana Toraja;Gandang Batu Sillanan;Benteng ambeso;Siaga;
Tana Toraja;Gandang Batu Sillanan;Mebali;Siaga;
Tana Toraja;Gandang Batu Sillanan;SaluBarani;Siaga;
Tana Toraja;Kurra;Lembang Limbong sampolo;Siaga;
Tana Toraja;Kurra;Lembang Lipungan Tanete;Siaga;
Tana Toraja;Kurra;Lembang Maroson;Siaga;
Tana Toraja;Kurra;Lembang rante Kurra;Siaga;
Tana Toraja;Kurra;Lembang Rante limbong;Siaga;
Tana Toraja;Makale;Lembang Lea;Siaga;
Tana Toraja;Makale;Kel.Arian;Siaga;
Tana Toraja;Makale Selatan;Lembang Bone Buntu Sisong;Siaga;
Tana Toraja;Makale Selatan;Lembang Pa'buaran;Siaga;
Tana Toraja;Makale Selatan;Lembang Patekke';Siaga;
Tana Toraja;Makale Selatan;Lembang Randang Batu;Siaga;
Tana Toraja;Makale Utara;Lembang bungi;Waspada;
Tana Toraja;Makale Utara;Lembang lemo;Siaga;
Tana Toraja;Makale Utara;Lembang Lion Tondok Iring;Siaga;
Tana Toraja;Makale Utara;Lembang Sarira;Siaga;
Tana Toraja;Makale Utara;Lembang Tambunan;Siaga;
Tana Toraja;Malimbong Balepe;Lembang balepe;Siaga;
Tana Toraja;Malimbong Balepe;Lembang Kole Balebatu;Siaga;
Tana Toraja;Malimbong Balepe;Lembang Kole Sawangan;Siaga;
Tana Toraja;Malimbong Balepe;Lembang Lemo Menduruk;Siaga;
Tana Toraja;Malimbong Balepe;Lembang Leppan;Siaga;
Tana Toraja;Malimbong Balepe;Malimbung;Siaga;
Tana Toraja;Mappak;Lembang Bulan;Siaga;
Tana Toraja;Mappak;Lembang Dewata;Siaga;
Tana Toraja;Mappak;Lembang Miallo;Siaga;
Tana Toraja;Mappak;Lembang sampe Parikan;Siaga;
Tana Toraja;Mappak;Lembang tanete;Siaga;
Tana Toraja;Mappak;Kondo Dewata;Siaga;
Tana Toraja;Masanda;Lembang Belau;Siaga;
Tana Toraja;Masanda;Lembang Belau Utara;Siaga;
Tana Toraja;Masanda;Lembang Kadundung;Siaga;
Tana Toraja;Masanda;Lembang paku;Siaga;
Tana Toraja;Masanda;Lembang Polirong;Siaga;
Tana Toraja;Masanda;Lembang Pondingao;Siaga;
Tana Toraja;Masanda;Lembang Ratte;Siaga;
Tana Toraja;Masanda;Lembang sesesalu;Siaga;
Tana Toraja;Mengkendek;Lembang buntu datu;Siaga;
Tana Toraja;Mengkendek;Lembang buntu Tangti;Siaga;
Tana Toraja;Mengkendek;Lembang gasing;Siaga;
Tana Toraja;Mengkendek;Lembang ke'pe Tinoring;Siaga;
Tana Toraja;Mengkendek;Lembang Marinding;Siaga;
Tana Toraja;Mengkendek;Lembang Pakala;Siaga;
Tana Toraja;Mengkendek;Lembang palipu;Siaga;
Tana Toraja;Mengkendek;Lembang Pa'tengko;Siaga;
Tana Toraja;Mengkendek;Lembang randanan;Siaga;
Tana Toraja;Mengkendek;Lembang Rante Dada;Siaga;
Tana Toraja;Mengkendek;Lembang simbuang;Siaga;
Tana Toraja;Mengkendek;Lembang uluway;Siaga;
Tana Toraja;Mengkendek;Lembang Uluway barat;Siaga;
Tana Toraja;Rano;Lembang rano;Siaga;
Tana Toraja;Rano;Lembang rano tengah;Siaga;
Tana Toraja;Rano;Lembang rano timur;Waspada;
Tana Toraja;Rano;Lembang rano utara;Siaga;
Tana Toraja;Rano;Lembang Rumandan;Siaga;
Tana Toraja;Rantelayo;Lembang Madandan;Siaga;
Tana Toraja;Rantelayo;Lembang Tapparan Utara;Siaga;
Tana Toraja;Rantelayo;Lembang Tonglo;Siaga;
Tana Toraja;Rantelayo;Padangirin;Siaga;
Tana Toraja;Rantelayo;Rantelayo;Siaga;
Tana Toraja;Rantelayo;Tapparan;Siaga;
Tana Toraja;Rembong;Lembang Banga;Waspada;
Tana Toraja;Rembong;Lembang Batu Sura;Siaga;
Tana Toraja;Rembong;Lembang Bua' Tarrung;Siaga;
Tana Toraja;Rembong;Lembang Buri';Siaga;
Tana Toraja;Rembong;Lembang Kayuosing;Siaga;
Tana Toraja;Rembong;Lembang Limbong;Siaga;
Tana Toraja;Rembong;Lembang Maroson;Siaga;
Tana Toraja;Rembong;Lembang palesan;Siaga;
Tana Toraja;Rembong;Lembang Sarapean;Siaga;
Tana Toraja;Rembong;Lembang To'pao;Siaga;
Tana Toraja;Rembong;Lembang Ullin;Siaga;
Tana Toraja;Rembong;Rembon;Siaga;
Tana Toraja;Rembong;Talion;Siaga;
Tana Toraja;Salupputi;Lembang batu Tiakka;Siaga;
Tana Toraja;Salupputi;Lembang Ra'bun;Siaga;
Tana Toraja;Salupputi;Lembang ratte Talone;Siaga;
Tana Toraja;Salupputi;Lembang rea Tulak Langi;Siaga;
Tana Toraja;Salupputi;Lembang salu boronan;Siaga;
Tana Toraja;Salupputi;Lembang Salu tapokko;Siaga;
Tana Toraja;Salupputi;Lembang salu Tandung;Siaga;
Tana Toraja;Salupputi;Lembang sa'tandun;Waspada;
Tana Toraja;Salupputi;Pattan ulusalo;Siaga;
Tana Toraja;Sangalla;Lembang bulian Ma'sabbu;Siaga;
Tana Toraja;Sangalla;Lembang Kaero;Siaga;
Tana Toraja;Sangalla;Lembang turunan;Siaga;
Tana Toraja;Sangalla Selatan;Lembang Batu Alu;Siaga;
Tana Toraja;Sangalla Selatan;Lembang Batu Alu Selatan;Siaga;
Tana Toraja;Sangalla Selatan;Lembang raru Sibunuan;Siaga;
Tana Toraja;Sangalla Selatan;Lembang Tokesan;Siaga;
Tana Toraja;Sangalla Utara;Lembang Leatung Matallo;Siaga;
Tana Toraja;Sangalla Utara;Lembang Rantela'bi Kambisa;Siaga;
Tana Toraja;Sangalla Utara;Lembang saluallo;Siaga;
Tana Toraja;Sangalla Utara;Lembang Tumbang datu;Siaga;
Tana Toraja;Sibuang;Lembang Makkodo;Siaga;
Tana Toraja;Sibuang;Lembang Pongbembe;Siaga;
Tana Toraja;Sibuang;Lembang Pongbembe Mesakada;Siaga;
Tana Toraja;Sibuang;Lembang simbuang;Siaga;
Tana Toraja;Sibuang;Lembang simbuang Batutallu;Siaga;
Tana Toraja;Sibuang;Sima;Siaga;
Toraja Utara;Awan rante Karua;Lembang Awan;Siaga;
Toraja Utara;Awan rante Karua;Lembang batu Lotong;Siaga;
Toraja Utara;Awan rante Karua;Lembang buntu karua;Siaga;
Toraja Utara;Awan rante Karua;Lembang londong Biang;Siaga;
Toraja Utara;Balusu;Lembang Awa'kawasik;Siaga;
Toraja Utara;Balusu;Lembang Balusu Ao Gading;Siaga;
Toraja Utara;Balusu;Lembang Balusu Bangunlipu;Siaga;
Toraja Utara;Balusu;Lembang Karua;Siaga;
Toraja Utara;Balusu;Lembang palangi;Siaga;
Toraja Utara;Balusu;Tagan;Siaga;
Toraja Utara;Bangkelekila;Lembang bangkelekila';Siaga;
Toraja Utara;Bangkelekila;Lembang batu limbong;Siaga;
Toraja Utara;Bangkelekila;Lembang Tampan Bonga;Siaga;
Toraja Utara;Bangkelekila;Lembang To'yasa Akung;Siaga;
Toraja Utara;Baruppu;Lembang Baruppu Benteng Batu;Siaga;
Toraja Utara;Baruppu;Lembang baruppu Parodo;Siaga;
Toraja Utara;Baruppu;Lembang Baruppu Utara;Siaga;
Toraja Utara;Buntao;Lembang Issong kalua';Siaga;
Toraja Utara;Buntao;Lembang Misa'ba'bana;Siaga;
Toraja Utara;Buntao;Lembang Rindingkila';Siaga;
Toraja Utara;Buntao;Lembang sapan kua-kua;Siaga;
Toraja Utara;Buntao;Tulang Sura';Siaga;
Toraja Utara;Buntu Pepepsan;Lembang batu Busa;Siaga;
Toraja Utara;Buntu Pepepsan;Lembang buntu Minanga;Siaga;
Toraja Utara;Buntu Pepepsan;Lembang pangkung Batu;Siaga;
Toraja Utara;Buntu Pepepsan;Lembang paonganan;Siaga;
Toraja Utara;Buntu Pepepsan;Lembang parandangan;Siaga;
Toraja Utara;Buntu Pepepsan;Lembang pengkaroan Manuk;Siaga;
Toraja Utara;Buntu Pepepsan;Lembang ponglu;Siaga;
Toraja Utara;Buntu Pepepsan;Lembang Pulu'pulu';Siaga;
Toraja Utara;Buntu Pepepsan;Lembang Rante Uma;Siaga;
Toraja Utara;Buntu Pepepsan;Lembang roroan Barra'Barra';Siaga;
Toraja Utara;Buntu Pepepsan;Lembang sarambu;Siaga;
Toraja Utara;Buntu Pepepsan;Lembang Talimbangan;Siaga;
Toraja Utara;Buntu Pepepsan;Sapan;Siaga;
Toraja Utara;Dende' Piongan Napo;Lembang buntu Tagari;Siaga;
Toraja Utara;Dende' Piongan Napo;Lembang dende';Siaga;
Toraja Utara;Dende' Piongan Napo;Lembang kapolang;Siaga;
Toraja Utara;Dende' Piongan Napo;Lembang madong;Siaga;
Toraja Utara;Dende' Piongan Napo;Lembang paku;Siaga;
Toraja Utara;Dende' Piongan Napo;Lembang parinding;Siaga;
Toraja Utara;Dende' Piongan Napo;Lembang piongan;Siaga;
Toraja Utara;Kapala Pitu;Lembang Benteng Ka'do;Siaga;
Toraja Utara;Kapala Pitu;Lembang Bontong Mamullu;Siaga;
Toraja Utara;Kapala Pitu;Lembang Kantun Poya;Siaga;
Toraja Utara;Kapala Pitu;Lembang kapala Pitu;Siaga;
Toraja Utara;Kapala Pitu;Lembang Polo Padang;Siaga;
Toraja Utara;Kapala Pitu;Lembang sikuku';Siaga;
Toraja Utara;Kesu;Lembang Angin-Angin;Siaga;
Toraja Utara;Kesu;Lembang Rinding Batu;Waspada;
Toraja Utara;Kesu;Lembang sangbua';Waspada;
Toraja Utara;Kesu;Lembang Tadongkon;Waspada;
Toraja Utara;Kesu;Lembang tallu Lolo;Siaga;
Toraja Utara;Nanggala;Lembang Basokan;Siaga;
Toraja Utara;Nanggala;Lembang karre Limbong;Siaga;
Toraja Utara;Nanggala;Lembang Karre Pananian;Siaga;
Toraja Utara;Nanggala;Lembang Lili'kira';Siaga;
Toraja Utara;Nanggala;Lembang Nanggala;Siaga;
Toraja Utara;Nanggala;Lembang Nanna' Nanggala;Siaga;
Toraja Utara;Nanggala;Lembang Rante;Waspada;
Toraja Utara;Nanggala;Lembang Tandung Nanggal;Siaga;
Toraja Utara;Nanggala;Nanggala Sanpiak Salu';Siaga;
Toraja Utara;Rantebua;Lembang Ma'kuan Pare;Siaga;
Toraja Utara;Rantebua;Lembang Pitung Penanian;Siaga;
Toraja Utara;Rantebua;Lembang Rantebua;Siaga;
Toraja Utara;Rantebua;Lembang Rantebua Sanggalangi';Siaga;
Toraja Utara;Rantebua;Lembang Rantebua Sumalu;Siaga;
Toraja Utara;Rantepao;Lembang Limbong;Siaga;
Toraja Utara;Rantepao;Lembang saloso;Siaga;
Toraja Utara;Rantepao;Pasaie;Bahaya;
Toraja Utara;Rindingallo;Lembang Ampang Batu;Siaga;
Toraja Utara;Rindingallo;Lembang Buntu Batu;Siaga;
Toraja Utara;Rindingallo;Lembang Lempo Poton;Siaga;
Toraja Utara;Rindingallo;Lembang Limbong Maiting;Siaga;
Toraja Utara;Rindingallo;Lembang Lokko uru';Siaga;
Toraja Utara;Rindingallo;Lembang Mai'ting;Siaga;
Toraja Utara;Rindingallo;Lembang Rindingallo;Siaga;
Toraja Utara;Rindingallo;Pangala Utara;Siaga;
Toraja Utara;Sa'dan;Lembang Sa'dan Andula;Waspada;
Toraja Utara;Sa'dan;Lembang Sa'dan Bailo Pasange';Siaga;
Toraja Utara;Sa'dan;Lembang Sa'dan luku' :ambena;Siaga;
Toraja Utara;Sa'dan;Lembang Sa'dan Pebulian;Siaga;
Toraja Utara;Sa'dan;Lembang Sa'dan Pesondongan;Siaga;
Toraja Utara;Sa'dan;Lembang Sa'dan Tiroallo;Siaga;
Toraja Utara;Sa'dan;Lembang Sa'dan Ulusalu;Siaga;
Toraja Utara;Sa'dan;Lembang sangkaropi;Siaga;
Toraja Utara;Sanggalangi;Lembang Buntu La'bo;Siaga;
Toraja Utara;Sanggalangi;Lembang La'bo;Siaga;
Toraja Utara;Sanggalangi;Lembang Pata'padang;Siaga;
Toraja Utara;Sanggalangi;Lembang Tallung Penanian;Siaga;
Toraja Utara;Sanggalangi;Lembang Tandung La'bo;Waspada;
Toraja Utara;Sesean;Lembang Bori' Lombongan;Siaga;
Toraja Utara;Sesean;Lembang Bori' Ranteletok;Siaga;
Toraja Utara;Sesean;Lembang Buntu Lobok;Siaga;
Toraja Utara;Sesean;Lembang Parinding;Siaga;
Toraja Utara;sesean Suloara;Lembang Landorundun;Siaga;
Toraja Utara;sesean Suloara;Lembang Lempo;Siaga;
Toraja Utara;sesean Suloara;Lembang Sesean Matallo;Siaga;
Toraja Utara;sesean Suloara;Lembang Suloara;Siaga;
Toraja Utara;sesean Suloara;Lembang Tongariu;Siaga;
Toraja Utara;Sopai;Lembang Langda;Siaga;
Toraja Utara;Sopai;Lembang Marante;Siaga;
Toraja Utara;Sopai;Lembang Nonongan Selatan;Siaga;
Toraja Utara;Sopai;Lembang Salu;Siaga;
Toraja Utara;Sopai;Lembang Salu sarre;Siaga;
Toraja Utara;Sopai;Lembang Salu Sopai;Siaga;
Toraja Utara;Sopai;Lembang Tombang Langda;Siaga;
Toraja Utara;Tallunglipu;Lembang Buntu Tallung Lipu;Siaga;
Toraja Utara;Tallunglipu;Rante Paku Tallunglipu;Siaga;
Toraja Utara;Tikala;Lembang Ka'do To'rea;Siaga;
Toraja Utara;Tikala;Lembang Buntu Batu;Siaga;
Toraja Utara;Tikala;Lembang Embatau;Siaga;
Toraja Utara;Tikala;Lembang Pangden;Siaga;
Toraja Utara;Tikala;Lembang Sereale;Siaga;
Toraja Utara;Tondon;Lembang Tondon;Siaga;
Toraja Utara;Tondon;Lembang Tondon Langi';Waspada;
Toraja Utara;Tondon;Lembang Tondon Matallo;Siaga;
Toraja Utara;Tondon;Lembang Tondon Sibata;Siaga;
Wajo;Belawa;Limporialu;Siaga;
Wajo;Bola;Pasir Puith;Aman;
Wajo;Bola;Sangreseng Ade;Siaga;
Wajo;Bola;Ujung Tanah;Siaga;
Wajo;Gilireng;Ma'minasae;Aman;
Wajo;Keera;Inrelio;Siaga;
Wajo;Keera;Liliseng;Waspada;
Wajo;Majauleng;Botto Benteng;Aman;
Wajo;Majauleng;Botto Penno;Aman;
Wajo;Majauleng;Botto Tanre;Aman;
Wajo;Majauleng;Tellu limpue;Siaga;
Wajo;Majauleng;Tua';Siaga;
Wajo;Majauleng;Watangrumpia;Aman;
Wajo;Majauleng;Patia;Aman;
Wajo;Maniangpajo;Minangatellue;Siaga;
Wajo;Pammmana;Abbanuangnge;Siaga;
Wajo;Pammmana;Kampiri;Siaga;
Wajo;Pammmana;Lagosi;Siaga;
Wajo;Pammmana;Lampulung;Aman;
Wajo;Pammmana;lapaukke;Aman;
Wajo;Pammmana;Lempa;Aman;
Wajo;Pammmana;pallawarukka;Aman;
Wajo;Pammmana;Patila;Siaga;
Wajo;Pammmana;Simpursia;Siaga;
Wajo;Pammmana;Tadang Palie;Siaga;
Wajo;Pammmana;Tabatang;Siaga;
Wajo;Pammmana;Tonrong Tengnga;Siaga;
Wajo;Pammmana;Watangpanua;Siaga;
Wajo;Pammmana;Wecudai;Siaga;
Wajo;Pammmana;Cina;Siaga;
Wajo;Pammmana;Pammana;Siaga;
Wajo;Penrang;Temmabbarang;Aman;
Wajo;Pitungpanua;Abbangderangnge;Siaga;
Wajo;Pitungpanua;Ale Lebbae;Aman;
Wajo;Pitungpanua;Ale Silurengnge;Siaga;
Wajo;Pitungpanua;Batu;Siaga;
Wajo;Pitungpanua;Bau-Bau;Siaga;
Wajo;Pitungpanua;Botto Tengnga;Aman;
Wajo;Pitungpanua;Bulu Siwa;Aman;
Wajo;Pitungpanua;Buriko;Aman;
Wajo;Pitungpanua;Jauh Pandang;Siaga;
Wajo;Pitungpanua;kaluku;Siaga;
Wajo;Pitungpanua;Compong;Waspada;
Wajo;Pitungpanua;Lacinde;Siaga;
Wajo;Pitungpanua;Lauwa;Siaga;
Wajo;Pitungpanua;lompo Bulo;Aman;
Wajo;Pitungpanua;Lompo Loang;Aman;
Wajo;Pitungpanua;maccolli Loloe;Siaga;
Wajo;Pitungpanua;Marannu;Siaga;
Wajo;Pitungpanua;Mattiro Walie;Waspada;
Wajo;Pitungpanua;Padang Loang;Waspada;
Wajo;Pitungpanua;Simpellu;Siaga;
Wajo;Pitungpanua;Tangkoro;Siaga;
Wajo;Pitungpanua;Tanrongi;Waspada;
Wajo;Pitungpanua;Tallesanng;Siaga;
Wajo;Pitungpanua;Benteng;Siaga;
Wajo;Pitungpanua;Bulete;Waspada;
Wajo;Pitungpanua;Siwa;Waspada;
Wajo;Pitungpanua;Tobarakka;Siaga;
Wajo;Sabangparu;Ujung Pero;Siaga;
Wajo;Sabangparu;Talo Tenreng;Waspada;
Wajo;Sabangparu;Walannae;Siaga;
Wajo;Sajoanging;salubulo;Waspada;
Wajo;Takkallalla;Ajuraja;Siaga;
Wajo;Takkallalla;Aluppang;Siaga;
Wajo;Takkallalla;Botto;Siaga;
Wajo;Takkallalla;Ceppaga;Waspada;
Wajo;Takkallalla;lagoari;Siaga;
Wajo;Takkallalla;Lamurua;Waspada;
Wajo;Takkallalla;Leweng;Siaga;
Wajo;Takkallalla;Manyili;Siaga;
Wajo;Takkallalla;Pantai Timur;Siaga;
Wajo;Takkallalla;Parigi;Siaga;
Wajo;Takkallalla;Soro;Siaga;
Wajo;Takkallalla;Bocco;Siaga;
Wajo;Takkallalla;Peneki;Waspada;
Wajo;Tanasitolo;Dresa Nepo;Siaga;
Wajo;Tanasitolo;Pakkanna;Waspada;
Wajo;Tanasitolo;Ujung Baru;Siaga;
Wajo;Tanasitolo;Ujunge;Siaga;
Wajo;Tanasitolo;weangrewu;Siaga;
Wajo;Tanasitolo;Baru Tancung;Siaga;
Wajo;Tempe;WiringPalennae;Siaga;
Wajo;Tempe;Atakkae;Waspada;
Wajo;Tempe;Bulu poabbulu;Siaga;
Wajo;Tempe;Cempalagi;Waspada;
Wajo;Tempe;Mattirotappareng;Waspada;
Wajo;Tempe;Padduppa;Siaga;
Wajo;Tempe;Salomenraleng;Siaga;
makasar;Biringkanaya;Bakung;Siaga;
makasar;Biringkanaya;Berua;Siaga;
makasar;Biringkanaya;Bulurokeng;Siaga;
makasar;Biringkanaya;Daya;Siaga;
makasar;Biringkanaya;Katimbang;Siaga;
makasar;Biringkanaya;Laikang;Siaga;
makasar;Biringkanaya;Paccerakkang;Siaga;
makasar;Biringkanaya;Pai;Siaga;
makasar;Biringkanaya;Sudiang;Siaga;
makasar;Biringkanaya;Sudiang Raya;Siaga;
makasar;Biringkanaya;Untia;Siaga;
makasar;Bontoala;Baraya;Waspada;
makasar;Bontoala;Bontoala;Waspada;
makasar;Bontoala;Bontoala Parang;Siaga;
makasar;Bontoala;Bontoala Tua;Waspada;
makasar;Bontoala;Bunga Ejaya;Waspada;
makasar;Bontoala;Gaddong;Waspada;
makasar;Bontoala;Layang;Siaga;
makasar;Bontoala;Malimongan Baru;Siaga;
makasar;Bontoala;Parang layang;Siaga;
makasar;Bontoala;Timungan Lompoa;Siaga;
makasar;Bontoala;Tompo Balang;Siaga;
makasar;Bontoala;Wajo Baru;Waspada;
makasar;Kepulauan Sangkarrang;Barrang caddi;Siaga;
makasar;Kepulauan Sangkarrang;Barrang Lompo;Siaga;
makasar;Kepulauan Sangkarrang;Kodingareng;Siaga;
makasar;Makasar;Bara-Baraya;Siaga;
makasar;Makasar;Bara-Baraya Selatan;Waspada;
makasar;Makasar;Bara-Baraya Timur;Waspada;
makasar;Makasar;Bara-Baraya Utara;Waspada;
makasar;Makasar;Barana;Siaga;
makasar;Makasar;Lariang Bangngi;Waspada;
makasar;Makasar;Maccini;Waspada;
makasar;Makasar;Maccini Gusung;Waspada;
makasar;Makasar;Maccini parang;Waspada;
makasar;Makasar;Maradekaya;Siaga;
makasar;Makasar;Maradekaya Selatan;Siaga;
makasar;Makasar;Maradekaya Utara;Waspada;
makasar;Makasar;Maricaya;Waspada;
makasar;Makasar;Maricaya Baru;Siaga;
makasar;Mamajang;Baji Mappakasunggu;Siaga;
makasar;Mamajang;Bonto Biraeng;Siaga;
makasar;Mamajang;Bonto Lebang;Waspada;
makasar;Mamajang;Karang Anyar;Siaga;
makasar;Mamajang;Labuang Baji;Siaga;
makasar;Mamajang;Mamajang Dalam;Siaga;
makasar;Mamajang;Mamajang Luar;Siaga;
makasar;Mamajang;Mandala;Siaga;
makasar;Mamajang;Maricaya Selatan;Waspada;
makasar;Mamajang;Pa'batang;Siaga;
makasar;Mamajang;Parang;Waspada;
makasar;Mamajang;Sambung Jawa;Siaga;
makasar;Mamajang;Tamparang Keke;Siaga;
makasar;Manggala;Antang;Siaga;
makasar;Manggala;Bangkala;Siaga;
makasar;Manggala;Batua;Siaga;
makasar;Manggala;Biring romang;Siaga;
makasar;Manggala;Bitoa;Siaga;
makasar;Manggala;Borong;Siaga;
makasar;Manggala;Manggala;Siaga;
makasar;Manggala;Tamanngapa;Siaga;
makasar;Mariso;Bontorannu;Waspada;
makasar;Mariso;Kampung Buyang;Siaga;
makasar;Mariso;Kunjung Mae;Siaga;
makasar;Mariso;Lette;Siaga;
makasar;Mariso;Mario;Siaga;
makasar;Mariso;Marannu;Siaga;
makasar;Mariso;Mattoanging;Siaga;
makasar;Mariso;Panambungan;Siaga;
makasar;Mariso;Tamarunang;Siaga;
makasar;Panakukang;Karampuang;Siaga;
makasar;Panakukang;Masale;Siaga;
makasar;Panakukang;Pampang;Siaga;
makasar;Panakukang;Panaikang;Siaga;
makasar;Panakukang;Pandang;Siaga;
makasar;Panakukang;Sinrijala;Siaga;
makasar;Panakukang;Tamamaung;Siaga;
makasar;Panakukang;Karuwisi;Waspada;
makasar;Panakukang;karuwisi Utara;Waspada;
makasar;Panakukang;Paropo;Siaga;
makasar;Panakukang;Tello Baru;Siaga;
makasar;Rappocini;Balla Parang;Siaga;
makasar;Rappocini;Banta-Bantaeng;Waspada;
makasar;Rappocini;Bonto makkio;Siaga;
makasar;Rappocini;Buakana;Siaga;
makasar;Rappocini;Gunungsari;Waspada;
makasar;Rappocini;Karunrung;Siaga;
makasar;Rappocini;Kassi-Kassi;Siaga;
makasar;Rappocini;Mapala;Siaga;
makasar;Rappocini;Minasaupa;Siaga;
makasar;Rappocini;Rappocini;Waspada;
makasar;Rappocini;Tidung;Siaga;
makasar;Tallo;Buloa;Siaga;
makasar;Tallo;Bunga Eja Beru;Waspada;
makasar;Tallo;Kalukuang;Waspada;
makasar;Tallo;Kaluku Bodoa;Waspada;
makasar;Tallo;La'latang;Siaga;
makasar;Tallo;Lakkang;Siaga;
makasar;Tallo;Lembo;Waspada;
makasar;Tallo;Pannampu;Waspada;
makasar;Tallo;Rappojawa;Waspada;
makasar;Tallo;Rappokalling;Waspada;
makasar;Tallo;Suangga;Waspada;
makasar;Tallo;Tallo;Siaga;
makasar;Tallo;Tammua;Waspada;
makasar;Tallo;Ujung Pandang Baru;Siaga;
makasar;Tallo;Wala-Walaya;Waspada;
makasar;Tamalanrea;Bira;Siaga;
makasar;Tamalanrea;Buntusu;Waspada;
makasar;Tamalanrea;Kapasa;Waspada;
makasar;Tamalanrea;Kapasa Raya;Siaga;
makasar;Tamalanrea;Parangloe;Siaga;
makasar;Tamalanrea;Tamalanrea;Waspada;
makasar;Tamalanrea;Tamalanrea Indah;Waspada;
makasar;Tamalanrea;Tamalanrea Jaya;Waspada;
makasar;Tamalate;Balang baru;Siaga;
makasar;Tamalate;Barombong;Siaga;
makasar;Tamalate;Bongaya;Waspada;
makasar;Tamalate;Bontoduri;Waspada;
makasar;Tamalate;Jongaya;Siaga;
makasar;Tamalate;Maccini sombala;Waspada;
makasar;Tamalate;Mangngasa;Siaga;
makasar;Tamalate;Mannuruki;Waspada;
makasar;Tamalate;Pa'baeng-Baeng;Waspada;
makasar;Tamalate;Parang Tambung;Siaga;
makasar;Tamalate;Tanjung Merdeka;Siaga;
makasar;Ujung Pandang;Baru;Siaga;
makasar;Ujung Pandang;Bulogading;Siaga;
makasar;Ujung Pandang;Lae-Lae;Waspada;
makasar;Ujung Pandang;Lajangiru;Waspada;
makasar;Ujung Pandang;Losari;Waspada;
makasar;Ujung Pandang;Maloku;Waspada;
makasar;Ujung Pandang;Mangkura;Siaga;
makasar;Ujung Pandang;Pisang selatan;Waspada;
makasar;Ujung Pandang;Pisang Utara;Waspada;
makasar;Ujung Pandang;Sawerigading;Siaga;
makasar;Ujung tanah;Camba Berua;Waspada;
makasar;Ujung tanah;Cambaya;Waspada;
makasar;Ujung tanah;Gusung;Siaga;
makasar;Ujung tanah;Pattingalloang;Siaga;
makasar;Ujung tanah;Pattingalloang Baru;Siaga;
makasar;Ujung tanah;Tabaringan;Waspada;
makasar;Ujung tanah;Tamalabba;Siaga;
makasar;Ujung tanah;Totaka;Siaga;
makasar;Ujung tanah;Ujung Tanah;Waspada;
makasar;Wajo;Butung;Siaga;
makasar;Wajo;Ende;Siaga;
makasar;Wajo;Malimongan;Waspada;
makasar;Wajo;Malimongan Tua;Siaga;
makasar;Wajo;Mampu;Siaga;
makasar;Wajo;Melayu;Waspada;
makasar;Wajo;Melayu baru;Siaga;
makasar;Wajo;Pattunuang;Siaga;
Palopo;Bara;To'bulung;Waspada;
Palopo;Munkajang;Kambo;Siaga;
Palopo;Munkajang;Latuppa;Siaga;
Palopo;Munkajang;Mungkajang;Waspada;
Palopo;Munkajang;Murante;Siaga;
Palopo;Tellu Wanua;Batu Walenrang;Siaga;
Palopo;Tellu Wanua;Jaya;Siaga;
Palopo;Tellu Wanua;Mancani;Siaga;
Palopo;Tellu Wanua;Maroangin;Siaga;
Palopo;Tellu Wanua;Pentojangan;Siaga;
Palopo;Tellu Wanua;Salubattang;Siaga;
Palopo;Tellu Wanua;Sumarambu;Siaga;
Palopo;Wara;Ammassangan;Bahaya;
Palopo;Wara Utara;Sabbamparu;Waspada;
PARE-PARE;Bacukiki;Galung Maloang;Siaga;
PARE-PARE;Bacukiki;Lemoe;Siaga;
PARE-PARE;Bacukiki;Lompoe;Siaga;
PARE-PARE;Bacukiki;watang Bacukiki;Waspada;
PARE-PARE;Bacukiki Barat;Bumi harapan;Waspada;
PARE-PARE;Bacukiki Barat;Cappa Galung;Waspada;
PARE-PARE;Bacukiki Barat;Kampung Baru;Siaga;
PARE-PARE;Bacukiki Barat;Lumpue;Siaga;
PARE-PARE;Bacukiki Barat;Sumpang Minangae;Siaga;
PARE-PARE;Bacukiki Barat;Tiro Sompe;Waspada;
PARE-PARE;Soreang;Bukit Harapan;Siaga;
PARE-PARE;Soreang;Bukit Indah;Waspada;
PARE-PARE;Soreang;Kampung Pisang;Siaga;
PARE-PARE;Soreang;Lakessi;Siaga;
PARE-PARE;Soreang;Ujung Baru;Siaga;
PARE-PARE;Soreang;Ujung Lare;Siaga;
PARE-PARE;Soreang;Watang Soreang;Waspada;
PARE-PARE;Ujung;Labukkang;Waspada;
PARE-PARE;Ujung;Lapadde;Siaga;
PARE-PARE;Ujung;Mallusettasi;Siaga;
PARE-PARE;Ujung;Ujung Bulu;Siaga;
PARE-PARE;Ujung;Ujung Sabbang;Waspada;
