Ambon;Nusaniwe;Urimesing;Aman
Ambon;Nusaniwe;Negeri Urimesing;Aman
Ambon;Teluk Ambon Baguala;Latta;Aman
Ambon;Teluk Ambon Baguala;Nania;Aman
Ambon;Teluk Ambon Baguala;Negeri Lama;Aman
Ambon;Teluk Ambon Baguala;Waiheru;Aman
Ambon;Teluk Ambon Baguala;Lateri;Aman
Ambon;Teluk Ambon Baguala;Halong;Aman
Ambon;Teluk Ambon Baguala;Passo;Aman
Ambon;Leitimur Selatan;Hutumuri;Aman
MALUKU TENGAH;Amahai;Amahai;Aman
MALUKU TENGAH;Amahai;Banda Baru;Aman
MALUKU TENGAH;Amahai;Haruru;Aman
MALUKU TENGAH;Amahai;Hatuhenu;Aman
MALUKU TENGAH;Amahai;Hollo;Aman
MALUKU TENGAH;Amahai;Makariki;Aman
MALUKU TENGAH;Amahai;Nua Nea;Aman
MALUKU TENGAH;Amahai;Nuweletetu;Aman
MALUKU TENGAH;Amahai;Rutah;Aman
MALUKU TENGAH;Amahai;Sehati;Aman
MALUKU TENGAH;Amahai;Sepa;Aman
MALUKU TENGAH;Amahai;Soahuku;Aman
MALUKU TENGAH;Amahai;Tamilouw;Aman
MALUKU TENGAH;Amahai;Yafila;Aman
MALUKU TENGAH;Amahai;Yainuelo;Aman
MALUKU TENGAH;Teon Nila Serua;Ameth;Aman
MALUKU TENGAH;Teon Nila Serua;Bumey;Aman
MALUKU TENGAH;Teon Nila Serua;Isu(issu);Aman
MALUKU TENGAH;Teon Nila Serua;Jerili;Aman
MALUKU TENGAH;Teon Nila Serua;Kokroman;Aman
MALUKU TENGAH;Teon Nila Serua;Kuralele;Aman
MALUKU TENGAH;Teon Nila Serua;Layeni Lesluru;Aman
MALUKU TENGAH;Teon Nila Serua;Mesa (Messa);Aman
MALUKU TENGAH;Teon Nila Serua;Nakupia;Aman
MALUKU TENGAH;Teon Nila Serua;Sefluru (Sifluru);Aman
MALUKU TENGAH;Teon Nila Serua;Trana;Aman
MALUKU TENGAH;Teon Nila Serua;Usliapan;Aman
MALUKU TENGAH;Teon Nila Serua;Waru;Aman
MALUKU TENGAH;Teon Nila Serua;Watludan;Aman
MALUKU TENGAH;Teon Nila Serua;Wotay;Aman
MALUKU TENGAH;Seram Utara;Air Besar;Aman
MALUKU TENGAH;Seram Utara;Besi;Aman
MALUKU TENGAH;Seram Utara;Elemata;Aman
MALUKU TENGAH;Seram Utara;Hatuolo;Aman
MALUKU TENGAH;Seram Utara;Huaulu;Aman
MALUKU TENGAH;Seram Utara;Kaloa;Aman
MALUKU TENGAH;Seram Utara;Kanikeh Malaku;Aman
MALUKU TENGAH;Seram Utara;Manusela;Aman
MALUKU TENGAH;Seram Utara;Maraina;Aman
MALUKU TENGAH;Seram Utara;Masihulan;Aman
MALUKU TENGAH;Seram Utara;Olong;Aman
MALUKU TENGAH;Seram Utara;Oping;Aman
MALUKU TENGAH;Seram Utara;Pasahari;Aman
MALUKU TENGAH;Seram Utara;Roho;Aman
MALUKU TENGAH;Seram Utara;Rumahsokat;Aman
MALUKU TENGAH;Seram Utara;Sawai;Aman
MALUKU TENGAH;Seram Utara;Siatele;Aman
MALUKU TENGAH;Seram Utara;Solea;Aman
MALUKU TENGAH;Seram Utara;Wahai;Aman
MALUKU TENGAH;Banda;Boiyauw;Aman
MALUKU TENGAH;Banda;Combir Kasestoren;Aman
MALUKU TENGAH;Banda;Dender;Aman
MALUKU TENGAH;Banda;Dwiwarna;Aman
MALUKU TENGAH;Banda;Kampung Baru Lautang;Aman
MALUKU TENGAH;Banda;Lonthoir;Aman
MALUKU TENGAH;Banda;Merdeka Nusantara;Aman
MALUKU TENGAH;Banda;Pulau Ay;Aman
MALUKU TENGAH;Banda;Puylau Hatta;Aman
MALUKU TENGAH;Banda;Pulau Rhun;Aman
MALUKU TENGAH;Banda;Rajawali;Aman
MALUKU TENGAH;Banda;Selamon;Aman
MALUKU TENGAH;Banda;Tanah rata;Aman
MALUKU TENGAH;Banda;Uring Tutra;Aman
MALUKU TENGAH;Banda;Waer;Aman
MALUKU TENGAH;Banda;Walling Spanciby;Aman
MALUKU TENGAH;Tehoru;Yaputih;Aman
MALUKU TENGAH;Tehoru;Tehoru;Aman
MALUKU TENGAH;Tehoru;Hatu;Aman
MALUKU TENGAH;Tehoru;Saunulu;Aman
MALUKU TENGAH;Tehoru;Hatumete;Aman
MALUKU TENGAH;Tehoru;Telutih Baru;Aman
MALUKU TENGAH;Tehoru;Moso;Aman
MALUKU TENGAH;Tehoru;Lava;Aman
MALUKU TENGAH;Tehoru;Salamahu;Aman
MALUKU TENGAH;Tehoru;Piliana;Aman
MALUKU TENGAH;Saparua;Porto;Aman
MALUKU TENGAH;Saparua;Haria;Aman
MALUKU TENGAH;Saparua;Tuhaha;Aman
MALUKU TENGAH;Saparua;Ihamahu;Aman
MALUKU TENGAH;Saparua;Ihamahu;Aman
MALUKU TENGAH;Saparua;Nolloth;Aman
MALUKU TENGAH;Saparua;Itawaka;Aman
MALUKU TENGAH;Saparua;Sirisori Amalatu;Aman
MALUKU TENGAH;Saparua;Sirisori Amapatti;Aman
MALUKU TENGAH;Saparua;Saparua;Aman
MALUKU TENGAH;Saparua;Tiouw;Aman
MALUKU TENGAH;Saparua;Booi;Aman
MALUKU TENGAH;Saparua;Paperu;Aman
MALUKU TENGAH;Saparua;Kulur;Aman
MALUKU TENGAH;Saparua;Mahu;Aman
MALUKU TENGAH;Saparua;Pia;Aman
MALUKU TENGAH;Pulau Haruku;Aboru;Aman
MALUKU TENGAH;Pulau Haruku;Haruku;Aman
MALUKU TENGAH;Pulau Haruku;Hulaliu;Aman
MALUKU TENGAH;Pulau Haruku;Kabauw;Aman
MALUKU TENGAH;Pulau Haruku;Kailolo;Waspada
MALUKU TENGAH;Pulau Haruku;Kariuw;Aman
MALUKU TENGAH;Pulau Haruku;Oma;Aman
MALUKU TENGAH;Pulau Haruku;Pelauw;Aman
MALUKU TENGAH;Pulau Haruku;Rohomoni;Aman
MALUKU TENGAH;Pulau Haruku;Sameth;Aman
MALUKU TENGAH;Pulau Haruku;Wassu;Aman
MALUKU TENGAH;Salahutu;Liang;Aman
MALUKU TENGAH;Salahutu;Suli;Aman
MALUKU TENGAH;Salahutu;Tengah-Tengah;Aman
MALUKU TENGAH;Salahutu;Tial;Aman
MALUKU TENGAH;Salahutu;Tulehu;Aman
MALUKU TENGAH;Salahutu;Waai;Aman
MALUKU TENGAH;Leihitu;ASILULU;Aman
MALUKU TENGAH;Leihitu;Hila;Aman
MALUKU TENGAH;Leihitu;Hitu Lama;Aman
MALUKU TENGAH;Leihitu;Hitu Mesing;Aman
MALUKU TENGAH;Leihitu;Kaitetu;Aman
MALUKU TENGAH;Leihitu;Mamala;Aman
MALUKU TENGAH;Leihitu;Morela;Aman
MALUKU TENGAH;Leihitu;Negeri Lima;Aman
MALUKU TENGAH;Leihitu;Seith;Aman
MALUKU TENGAH;Leihitu;Ureng;Aman
MALUKU TENGAH;Leihitu;Wakal;Aman
MALUKU TENGAH;Nusa Laut;Abubu;Aman
MALUKU TENGAH;Nusa Laut;Akoon;Aman
MALUKU TENGAH;Nusa Laut;Ameth;Aman
MALUKU TENGAH;Nusa Laut;Leinitu;Aman
MALUKU TENGAH;Nusa Laut;Nalahia;Aman
MALUKU TENGAH;Nusa Laut;Sila;Aman
MALUKU TENGAH;Nusa Laut;Titawaai;Aman
MALUKU TENGAH;Masohi;Namaelo;Aman
MALUKU TENGAH;Masohi;Namasina;Aman
MALUKU TENGAH;Masohi;Ampera;Aman
MALUKU TENGAH;Masohi;Lesane;Aman
MALUKU TENGAH;Masohi;Letwaru;Aman
MALUKU TENGAH;Seram Barat;Kaibobo;Aman
MALUKU TENGAH;Seram Barat;Eti;Aman
MALUKU TENGAH;Seram Barat;Lumoli;Aman
MALUKU TENGAH;Seram Barat;Morekau;Aman
MALUKU TENGAH;Seram Barat;Neniari;Aman
MALUKU TENGAH;Seram Barat;Piru;Aman
MALUKU TENGAH;Seram Barat;Kawa;Aman
MALUKU TENGAH;Teluk Elpaputih;liang;Aman
MALUKU TENGAH;Teluk Elpaputih;sahulau;Aman
MALUKU TENGAH;Teluk Elpaputih;tananahu;Aman
MALUKU TENGAH;Teluk Elpaputih;waraka;Aman
MALUKU TENGAH;Leihitu Barat;alang;Aman
MALUKU TENGAH;Leihitu Barat;hatu;Aman
MALUKU TENGAH;Leihitu Barat;larike;Aman
MALUKU TENGAH;Leihitu Barat;liliboy;Aman
MALUKU TENGAH;Leihitu Barat;wakasihu;Aman
MALUKU TENGAH;Telutih;hunisi;Aman
MALUKU TENGAH;Telutih;lafa;Aman
MALUKU TENGAH;Telutih;laha;Aman
MALUKU TENGAH;Telutih;lahakaba;Aman
MALUKU TENGAH;Telutih;laimu;Aman
MALUKU TENGAH;Telutih;maneoratu;Aman
MALUKU TENGAH;Telutih;tehua;Aman
MALUKU TENGAH;Telutih;ulahaha;Aman
MALUKU TENGAH;Telutih;wolu;Aman
MALUKU TENGAH;Telutih;yamalatu;Aman
MALUKU TENGAH;Timur Seti;aketernate;Aman
MALUKU TENGAH;Timur Seti;kobisonta;Aman
MALUKU TENGAH;Timur Seti;loping mulyo;Aman
MALUKU TENGAH;Timur Seti;namto;Aman
MALUKU TENGAH;Timur Seti;seti;Aman
MALUKU TENGAH;Timur Seti;tanah merah;Aman
MALUKU TENGAH;Timur Seti;tihuana;Aman
MALUKU TENGAH;Timur Seti;wailoping;Aman
MALUKU TENGAH;Timur Seti;waimusal;Aman
MALUKU TENGAH;Timur Seti;waiputih;Aman
MALUKU TENGAH;Timur Seti;waitila;Aman
MALUKU TENGAH;Timur Seti;wanosari;Aman
MALUKU TENGAH;Timur Kobi;kalawira;Aman
MALUKU TENGAH;Timur Kobi;kayu besi;Aman
MALUKU TENGAH;Timur Kobi;kinaselon;Aman
MALUKU TENGAH;Timur Kobi;kolongan;Aman
MALUKU TENGAH;Timur Kobi;kolongan 1;Aman
MALUKU TENGAH;Timur Kobi;kombi;Aman
MALUKU TENGAH;Timur Kobi;lalumpe;Aman
MALUKU TENGAH;Timur Kobi;makalisung;Aman
MALUKU TENGAH;Timur Kobi;ranowangko II;Aman
MALUKU TENGAH;Timur Kobi;rerer;Aman
MALUKU TENGAH;Timur Kobi;rerer I;Aman
MALUKU TENGAH;Timur Kobi;sawangan;Aman
MALUKU TENGAH;Timur Kobi;tulap;Aman
MALUKU TENGAH;Saparua Timur;Ihamahu;Aman
MALUKU TENGAH;Saparua Timur;iha;Aman
MALUKU TENGAH;Saparua Timur;Itawaka;Aman
MALUKU TENGAH;Saparua Timur;mahu;Aman
MALUKU TENGAH;Saparua Timur;Nolloth;Aman
MALUKU TENGAH;Saparua Timur;ouw;Aman
MALUKU TENGAH;Saparua Timur;sirisori islam;Aman
MALUKU TENGAH;Saparua Timur;sirisori amalatu;Aman
MALUKU TENGAH;Saparua Timur;Tuhaha;Aman
MALUKU TENGAH;Saparua Timur;Ulath;Aman
Seram Bagian Barat;Huamual;Ariate;Aman
Seram Bagian Barat;Huamual;Iha;Aman
Seram Bagian Barat;Huamual;Kulur;Aman
Seram Bagian Barat;Huamual;Lokki;Aman
Seram Bagian Barat;Huamual;Luhu;Aman
Seram Bagian Barat;Huamual Belakang;Tahalupu;Aman
Seram Bagian Barat;Huamual Belakang;Solea;Aman
Seram Bagian Barat;Huamual Belakang;Waesala;Aman
Seram Bagian Barat;Huamual Belakang;Buano Selatan;Aman
Seram Bagian Barat;Huamual Belakang;Buanio Utara;Aman
Seram Bagian Barat;Huamual Belakang;Tonu Jaya;Aman
Seram Bagian Barat;Huamual Belakang;Alang Asaude;Aman
Seram Bagian Barat;Kairatu;Kairatu;Aman
Seram Bagian Barat;Kairatu;Seruawan;Aman
Seram Bagian Barat;Kairatu;Kamarian;Waspada
Seram Bagian Barat;Kairatu;Hatusua;Aman
Seram Bagian Barat;Kairatu;Waimital;Aman
Seram Bagian Barat;Kairatu;Uraur;Aman
Seram Bagian Barat;Kairatu;Waipirit;Aman
Seram Bagian Barat;Kairatu Barat;Waihatu;Aman
Seram Bagian Barat;Kairatu Barat;Waisamu;Aman
Seram Bagian Barat;Kairatu Barat;Lohiatala;Aman
Seram Bagian Barat;Kairatu Barat;Nurue;Aman
Seram Bagian Barat;Kairatu Barat;Kamal;Waspada
Seram Bagian Barat;Kairatu Barat;Waisarisa;Aman
Seram Bagian Barat;Inamosol;Hunitetu;Aman
Seram Bagian Barat;Inamosol;Hukuanakota;Aman
Seram Bagian Barat;Inamosol;Manusa;Aman
Seram Bagian Barat;Inamosol;Rambatu;Aman
Seram Bagian Barat;Inamosol;Rumberu;Aman
Seram Bagian Barat;Amalatu;Hualoy;Aman
Seram Bagian Barat;Amalatu;Latuhalat;Aman
Seram Bagian Barat;Amalatu;Rumahkay;Aman
Seram Bagian Barat;Amalatu;Seriholo;Aman
Seram Bagian Barat;Amalatu;Tala;Aman
Seram Bagian Barat;Amalatu;Tihulale;Aman
Seram Bagian Barat;Amalatu;Tomalehu;Aman
Seram Bagian Barat;Elpaputih;Abio Ahiolo;Aman
Seram Bagian Barat;Elpaputih;Elpaputih;Aman
Seram Bagian Barat;Elpaputih;Huku Kecil;Aman
Seram Bagian Barat;Elpaputih;Sanahu;Aman
Seram Bagian Barat;Elpaputih;Sumeith;Aman
Seram Bagian Barat;Elpaputih;Wasia;Aman
Seram Bagian Barat;Elpaputih;Watuy;Aman
Seram Bagian Barat;Kepulauan Manipa;Buano Hatu Putih;Aman
Seram Bagian Barat;Kepulauan Manipa;Kelang Asude;Aman
Seram Bagian Barat;Kepulauan Manipa;Luhutuban;Aman
Seram Bagian Barat;Kepulauan Manipa;Masawoi;Aman
Seram Bagian Barat;Kepulauan Manipa;Tomalehu Barat;Aman
Seram Bagian Barat;Kepulauan Manipa;Tomalehu Timur;Aman
Seram Bagian Barat;Kepulauan Manipa;Tuniwara;Aman
Seram Bagian Barat;Taniwel Timur;Hatunuru;Aman
Seram Bagian Barat;Taniwel Timur;Lumahlatal;Aman
Seram Bagian Barat;Taniwel Timur;Lumahpelu;Aman
Seram Bagian Barat;Taniwel Timur;Makububui;Aman
Seram Bagian Barat;Taniwel Timur;Maloang;Aman
Seram Bagian Barat;Taniwel Timur;Matapa;Aman
Seram Bagian Barat;Taniwel Timur;Musihuwei;Aman
Seram Bagian Barat;Taniwel Timur;Seakasale;Aman
Seram Bagian Barat;Taniwel;Rumahsoal;Aman
Seram Bagian Barat;Taniwel;Lohia sapalewa;Aman
Seram Bagian Barat;Taniwel;Laturake;Aman
Seram Bagian Barat;Taniwel;Buria;Aman
Seram Bagian Barat;Taniwel;Riring;Aman
Seram Bagian Barat;Taniwel;Niniari;Aman
Seram Bagian Barat;Taniwel;Murnaten;Aman
Seram Bagian Barat;Taniwel;Nikulukan;Aman
Seram Bagian Barat;Taniwel;Niwelehu;Aman
Seram Bagian Barat;Taniwel;Nuniali;Aman
Seram Bagian Barat;Taniwel;Lisabata Barat;Aman
Seram Bagian Barat;Taniwel;Wakolo;Aman
Seram Bagian Barat;Taniwel;Patahuwe;Aman
Seram Bagian Barat;Taniwel;Taniwel;Aman
Seram Bagian Barat;Taniwel;Uweth;Aman
Seram Bagian Barat;Taniwel;Hulung;Aman
Seram Bagian Barat;Taniwel;Kasieh;Aman
Seram Bagian Barat;Taniwel;Nukuhai;Aman
Seram Bagian Barat;Taniwel;Pasinalu;Aman
Seram Bagian Barat;Seram Barat;Kaibobo;Aman
Seram Bagian Barat;Seram Barat;Eti;Aman
Seram Bagian Barat;Seram Barat;Lumoli;Aman
Seram Bagian Barat;Seram Barat;Morekau;Aman
Seram Bagian Barat;Seram Barat;Neniari;Aman
Seram Bagian Barat;Seram Barat;Piru;Aman
Seram Bagian Barat;Seram Barat;Kawa;Aman
Seram Bagian Barat;Seram Barat;;Aman
Seram Bagian Timur;Siwalalat;Abulate;Aman
Seram Bagian Timur;Siwalalat;Adabai;Aman
Seram Bagian Timur;Siwalalat;Atiahu;Aman
Seram Bagian Timur;Siwalalat;Dihil;Aman
Seram Bagian Timur;Siwalalat;Elnusa;Aman
Seram Bagian Timur;Siwalalat;Lapela;Aman
Seram Bagian Timur;Siwalalat;Liliama;Aman
Seram Bagian Timur;Siwalalat;Naiwel Ahinulin;Aman
Seram Bagian Timur;Siwalalat;Nayet;Aman
Seram Bagian Timur;Siwalalat;Polin;Aman
Seram Bagian Timur;Siwalalat;Sabuai;Aman
Seram Bagian Timur;Siwalalat;Tunsai;Aman
Seram Bagian Timur;Bula;Bula;Aman
Seram Bagian Timur;Bula;Bula Air Fatolo;Aman
Seram Bagian Timur;Bula;Emnglas;Aman
Seram Bagian Timur;Bula;Fattolo;Aman
Seram Bagian Timur;Bula;Kampung Gorom;Aman
Seram Bagian Timur;Bula;Kampung Wailola;Aman
Seram Bagian Timur;Bula;Limumir;Aman
Seram Bagian Timur;Bula;Salas;Aman
Seram Bagian Timur;Bula;Sesar;Aman
Seram Bagian Timur;Bula;Tansi Ambon;Aman
Seram Bagian Timur;Bula Barat;Aki Jaya;Aman
Seram Bagian Timur;Bula Barat;Banggoui;Aman
Seram Bagian Timur;Bula Barat;Banggoi Pancorang;Aman
Seram Bagian Timur;Bula Barat;Dreamland Hills;Aman
Seram Bagian Timur;Bula Barat;Hote;Aman
Seram Bagian Timur;Bula Barat;Jakarta Baru;Aman
Seram Bagian Timur;Bula Barat;Jembatan Basah;Aman
Seram Bagian Timur;Bula Barat;Rukun Jaya;Aman
Seram Bagian Timur;Bula Barat;Silohan;Aman
Seram Bagian Timur;Bula Barat;Sumber Agung;Aman
Seram Bagian Timur;Bula Barat;Waematakabo;Aman
Seram Bagian Timur;Bula Barat;Waiketam Baru;Aman
Seram Bagian Timur;Bula Barat;Waisamet;Aman
Seram Bagian Timur;Gorom Timur;Adar;Aman
Seram Bagian Timur;Gorom Timur;Amarwatu;Aman
Seram Bagian Timur;Gorom Timur;Aran;Aman
Seram Bagian Timur;Gorom Timur;Armada;Aman
Seram Bagian Timur;Gorom Timur;Bas;Aman
Seram Bagian Timur;Gorom Timur;Basarin;Aman
Seram Bagian Timur;Gorom Timur;Etaralu;Aman
Seram Bagian Timur;Gorom Timur;Goha;Aman
Seram Bagian Timur;Gorom Timur;Kilkoda;Aman
Seram Bagian Timur;Gorom Timur;Kiltufa;Aman
Seram Bagian Timur;Gorom Timur;Sirih;Aman
Seram Bagian Timur;Gorom Timur;Miran;Aman
Seram Bagian Timur;Gorom Timur;Miran Gota;Aman
Seram Bagian Timur;Gorom Timur;Miran Kaledar;Aman
Seram Bagian Timur;Gorom Timur;Miran Kilian;Aman
Seram Bagian Timur;Gorom Timur;Miran Manaban;Aman
Seram Bagian Timur;Gorom Timur;Miran Rumuar;Aman
Seram Bagian Timur;Gorom Timur;Rarat;Aman
Seram Bagian Timur;Gorom Timur;Sagey;Aman
Seram Bagian Timur;Gorom Timur;Tinarin;Aman
Seram Bagian Timur;Gorom Timur;Tuha;Aman
Seram Bagian Timur;Gorom Timur;Tunas Ilur;Aman
Seram Bagian Timur;Gorom Timur;Waisalan;Aman
Seram Bagian Timur;Kian Darat;Watu Watu;Aman
Seram Bagian Timur;Kian Darat;Rumoga;Aman
Seram Bagian Timur;Kian Darat;Rumfakar;Aman
Seram Bagian Timur;Kian Darat;Kilga Watubau;Aman
Seram Bagian Timur;Kian Darat;Kilga Kilwouw;Aman
Seram Bagian Timur;Kian Darat;Kileser;Aman
Seram Bagian Timur;Kian Darat;Kian darat;Aman
Seram Bagian Timur;Kian Darat;Kelaba;Aman
Seram Bagian Timur;Kian Darat;Artafela;Aman
Seram Bagian Timur;Kian Darat;Angar;Aman
Seram Bagian Timur;Pulau Gorom;Amarsekaru;Aman
Seram Bagian Timur;Pulau Gorom;Arewang;Aman
Seram Bagian Timur;Pulau Gorom;Aroa Kataloka;Aman
Seram Bagian Timur;Pulau Gorom;Buan Kataloka;Aman
Seram Bagian Timur;Pulau Gorom;Dada Kataloka;Aman
Seram Bagian Timur;Pulau Gorom;Day;Aman
Seram Bagian Timur;Pulau Gorom;Dulak;Aman
Seram Bagian Timur;Pulau Gorom;Ilili;Aman
Seram Bagian Timur;Pulau Gorom;Kaforing;Aman
Seram Bagian Timur;Pulau Gorom;Kataloka;Aman
Seram Bagian Timur;Pulau Gorom;Kelibingan;Aman
Seram Bagian Timur;Pulau Gorom;Kilalir Kilwouw;Aman
Seram Bagian Timur;Pulau Gorom;Kilean;Aman
Seram Bagian Timur;Pulau Gorom;Kilotak;Aman
Seram Bagian Timur;Pulau Gorom;Kulugowa;Aman
Seram Bagian Timur;Pulau Gorom;Loko;Aman
Seram Bagian Timur;Pulau Gorom;Mida;Aman
Seram Bagian Timur;Pulau Gorom;Namalean;Aman
Seram Bagian Timur;Pulau Gorom;Ondor;Aman
Seram Bagian Timur;Pulau Gorom;Rumanama Kotawouw;Aman
Seram Bagian Timur;Pulau Gorom;Rumeon;Aman
Seram Bagian Timur;Pulau Gorom;Sera;Aman
Seram Bagian Timur;Pulau Gorom;Sikaro Kataloka;Aman
Seram Bagian Timur;Pulau Gorom;Usun Kataloka;Aman
Seram Bagian Timur;Seram Timur;Ainena;Aman
Seram Bagian Timur;Seram Timur;Akatfadedo;Aman
Seram Bagian Timur;Seram Timur;Geser;Aman
Seram Bagian Timur;Seram Timur;Guli Guli;Aman
Seram Bagian Timur;Seram Timur;Keffing;Aman
Seram Bagian Timur;Seram Timur;Kellu;Aman
Seram Bagian Timur;Seram Timur;Kilfura;Aman
Seram Bagian Timur;Seram Timur;Kiltai;Aman
Seram Bagian Timur;Seram Timur;Kilwaru;Aman
Seram Bagian Timur;Seram Timur;Kwawor Besar Ena;Aman
Seram Bagian Timur;Seram Timur;Kwawor Besar Witau;Aman
Seram Bagian Timur;Seram Timur;Kwawor Kec.Mata Ata;Aman
Seram Bagian Timur;Seram Timur;Kwawor Kec.Mata Wawa;Aman
Seram Bagian Timur;Seram Timur;Manggis;Aman
Seram Bagian Timur;Seram Timur;Mugusinis;Aman
Seram Bagian Timur;Seram Timur;Urung;Aman
Seram Bagian Timur;Werinama;Batuasa;Aman
Seram Bagian Timur;Werinama;Bemo;Aman
Seram Bagian Timur;Werinama;Bemo Perak;Aman
Seram Bagian Timur;Werinama;Funa Naibaya;Aman
Seram Bagian Timur;Werinama;Gusalaut;Aman
Seram Bagian Timur;Werinama;Hatuimeten;Aman
Seram Bagian Timur;Werinama;Osong;Aman
Seram Bagian Timur;Werinama;Tobo;Aman
Seram Bagian Timur;Werinama;Tum;Aman
Seram Bagian Timur;Werinama;Werinama;Aman
Seram Bagian Timur;Wakate;Amarlaut;Aman
Seram Bagian Timur;Wakate;Effa;Aman
Seram Bagian Timur;Wakate;Guliar;Aman
Seram Bagian Timur;Wakate;Ilili;Aman
Seram Bagian Timur;Wakate;Karlomin;Aman
Seram Bagian Timur;Wakate;Kelangan;Aman
Seram Bagian Timur;Wakate;Keldor;Aman
Seram Bagian Timur;Wakate;Kilbutak;Aman
Seram Bagian Timur;Wakate;Kurwara;Aman
Seram Bagian Timur;Wakate;Lahema;Aman
Seram Bagian Timur;Wakate;Otademan;Aman
Seram Bagian Timur;Wakate;Ruma Durun;Aman
Seram Bagian Timur;Wakate;Tamher Timur;Aman
Seram Bagian Timur;Wakate;Tamher warat;Aman
Seram Bagian Timur;Wakate;Tana Soa;Aman
Seram Bagian Timur;Wakate;Tanah baru;Aman
Seram Bagian Timur;Wakate;Utta;Aman
Seram Bagian Timur;Wakate;Wunin Eldedora;Aman
Seram Bagian Timur;Tutuk Tolu;Airkasar;Aman
Seram Bagian Timur;Tutuk Tolu;Bati Kilwouw;Aman
Seram Bagian Timur;Tutuk Tolu;Danama;Aman
Seram Bagian Timur;Tutuk Tolu;Gah;Aman
Seram Bagian Timur;Tutuk Tolu;Kilbat;Aman
Seram Bagian Timur;Tutuk Tolu;Kilmoy;Aman
Seram Bagian Timur;Tutuk Tolu;Kufar;Aman
Seram Bagian Timur;Tutuk Tolu;Sesar;Aman
Seram Bagian Timur;Tutuk Tolu;Taruy;Aman
Seram Bagian Timur;Tutuk Tolu;Walang Tengah;Aman
Seram Bagian Timur;Tutuk Tolu;Waras-waras;Aman
Seram Bagian Timur;Teor;Duryar Rumoy;Aman
Seram Bagian Timur;Teor;Kampung Baru Lautang;Aman
Seram Bagian Timur;Teor;Kampung Tengah Wermaf;Aman
Seram Bagian Timur;Teor;Karlokin;Aman
Seram Bagian Timur;Teor;Kartutin Kartenga;Aman
Seram Bagian Timur;Teor;Ker-Ker;Aman
Seram Bagian Timur;Teor;Kiliwouw;Aman
Seram Bagian Timur;Teor;Lapang Kampung Jawa;Aman
Seram Bagian Timur;Teor;Mamur;Aman
Seram Bagian Timur;Teor;Teor;Aman
Seram Bagian Timur;Kilmury;Afang Defol;Aman
Seram Bagian Timur;Kilmury;Afang Kota;Aman
Seram Bagian Timur;Kilmury;Bitorik;Aman
Seram Bagian Timur;Kilmury;Gunak;Aman
Seram Bagian Timur;Kilmury;Kamarian;Aman
Seram Bagian Timur;Kilmury;Kilbon Kway;Aman
Seram Bagian Timur;Kilmury;Kilmury;Aman
Seram Bagian Timur;Kilmury;Kumelang;Aman
Seram Bagian Timur;Kilmury;Mising;Aman
Seram Bagian Timur;Kilmury;Nekan;Aman
Seram Bagian Timur;Kilmury;Selor;Aman
Seram Bagian Timur;Kilmury;Sumbawa;Aman
Seram Bagian Timur;Kilmury;Taa;Aman
Seram Bagian Timur;Kilmury;Undur;Aman
Seram Bagian Timur;Pulau Panjang;Argam;Aman
Seram Bagian Timur;Pulau Panjang;Lalasa;Aman
Seram Bagian Timur;Pulau Panjang;Magat;Aman
Seram Bagian Timur;Pulau Panjang;Perik Basaranggi;Aman
Seram Bagian Timur;Pulau Panjang;Pulau Panjang;Aman
Seram Bagian Timur;Pulau Panjang;Ruku Ruku;Aman
Seram Bagian Timur;Siritaun Wida Timur;Air Nanang;Aman
Seram Bagian Timur;Siritaun Wida Timur;Aruan Gaur;Aman
Seram Bagian Timur;Siritaun Wida Timur;Keta;Aman
Seram Bagian Timur;Siritaun Wida Timur;Keta Rumadan;Aman
Seram Bagian Timur;Siritaun Wida Timur;Kianlaut;Aman
Seram Bagian Timur;Siritaun Wida Timur;Kwaos;Aman
Seram Bagian Timur;Siritaun Wida Timur;Liantasik;Aman
Seram Bagian Timur;Siritaun Wida Timur;Salagor Air;Aman
Seram Bagian Timur;Siritaun Wida Timur;Salagor Kota;Aman
Seram Bagian Timur;Siritaun Wida Timur;Suru;Aman
Seram Bagian Timur;Teluk waru;Bellis;Aman
Seram Bagian Timur;Teluk waru;Boinfia;Aman
Seram Bagian Timur;Teluk waru;Dawang;Aman
Seram Bagian Timur;Teluk waru;Kampung Baru Lautang;Aman
Seram Bagian Timur;Teluk waru;Karay;Aman
Seram Bagian Timur;Teluk waru;Madak;Aman
Seram Bagian Timur;Teluk waru;Nama Andan;Aman
Seram Bagian Timur;Teluk waru;Nama Lena;Aman
Seram Bagian Timur;Teluk waru;Solang;Aman
Seram Bagian Timur;Teluk waru;Tubir Wasiwang;Aman
Seram Bagian Timur;Teluk waru;Waru;Aman
MALUKU TENGGARA;Kei. Kecil;Dudunwahan;Aman
MALUKU TENGGARA;Kei. Kecil;Faan;Aman
MALUKU TENGGARA;Kei. Kecil;Ibra;Aman
MALUKU TENGGARA;Kei. Kecil;Kelanit;Aman
MALUKU TENGGARA;Kei. Kecil;Kolser;Aman
MALUKU TENGGARA;Kei. Kecil;Langgur;Aman
MALUKU TENGGARA;Kei. Kecil;Letman;Aman
MALUKU TENGGARA;Kei. Kecil;Loon;Aman
MALUKU TENGGARA;Kei. Kecil;Ngabub;Aman
MALUKU TENGGARA;Kei. Kecil;Ohoider atas;Aman
MALUKU TENGGARA;Kei. Kecil;ohoider tawun;Aman
MALUKU TENGGARA;Kei. Kecil;ohoijang watdeck;Aman
MALUKU TENGGARA;Kei. Kecil;sathean;Aman
MALUKU TENGGARA;Kei. Kecil;sidneiohoi;Aman
MALUKU TENGGARA;Kei. Kecil;wearlilir;Aman
MALUKU TENGGARA;Kei Besar;Bombay;Aman
MALUKU TENGGARA;Kei Besar;Daftel;Aman
MALUKU TENGGARA;Kei Besar;Depur;Aman
MALUKU TENGGARA;Kei Besar;El Laran;Aman
MALUKU TENGGARA;Kei Besar;Elat;Aman
MALUKU TENGGARA;Kei Besar;Fako;Aman
MALUKU TENGGARA;Kei Besar;Pagamas;Aman
MALUKU TENGGARA;Kei Besar;Harangur;Aman
MALUKU TENGGARA;Kei Besar;Karkarit;Aman
MALUKU TENGGARA;Kei Besar;Lerohoilim;Aman
MALUKU TENGGARA;Kei Besar;Nabaheng;Aman
MALUKU TENGGARA;Kei Besar;Ngat;Aman
MALUKU TENGGARA;Kei Besar;Mataholat;Aman
MALUKU TENGGARA;Kei Besar;Ngefuit;Aman
MALUKU TENGGARA;Kei Besar;Ngefuit Atas;Aman
MALUKU TENGGARA;Kei Besar;Ngurdu;Aman
MALUKU TENGGARA;Kei Besar;Ohoile;Aman
MALUKU TENGGARA;Kei Besar;Ohoile;Aman
MALUKU TENGGARA;Kei Besar;Ohoilem;Aman
MALUKU TENGGARA;Kei Besar;Ohoinangan;Aman
MALUKU TENGGARA;Kei Besar;Ohoinangan Atas;Aman
MALUKU TENGGARA;Kei Besar;Ohoililir;Aman
MALUKU TENGGARA;Kei Besar;Tamada;Aman
MALUKU TENGGARA;Kei Besar;Fako;Aman
MALUKU TENGGARA;Kei Besar;Debut;Aman
MALUKU TENGGARA;Kei Besar;Faan;Aman
MALUKU TENGGARA;Kei Besar;Fako;Aman
MALUKU TENGGARA;Kei. Besar Selatan;Kilwat;Aman
MALUKU TENGGARA;Kei. Besar Selatan;Larat;Aman
MALUKU TENGGARA;Kei. Besar Selatan;Nerong;Aman
MALUKU TENGGARA;Kei. Besar Selatan;Ohoirenang;Aman
MALUKU TENGGARA;Kei. Besar Selatan;Sather;Aman
MALUKU TENGGARA;Kei. Besar Selatan;Soindat Tamangil;Aman
MALUKU TENGGARA;Kei. Besar Selatan;Nuhuten tamangil;Aman
MALUKU TENGGARA;Kei. Besar Selatan;Nuhuyanat;Aman
MALUKU TENGGARA;Kei. Besar Selatan;Tutrean;Aman
MALUKU TENGGARA;Kei. Besar Selatan;Weduar;Aman
MALUKU TENGGARA;Kei. Besar Utara Timur;Kilwair;Aman
MALUKU TENGGARA;Kei. Besar Utara Timur;Hollat;Aman
MALUKU TENGGARA;Kei. Besar Utara Timur;ohoifau;Aman
MALUKU TENGGARA;Kei. Besar Utara Timur;watlaar;Aman
MALUKU TENGGARA;Kei. Besar Utara Timur;banda Eli;Aman
MALUKU TENGGARA;Kei. Besar Utara Timur;Renfaan;Aman
MALUKU TENGGARA;Kei. Besar Utara Timur;Langgiar;Aman
MALUKU TENGGARA;Kei. Besar Utara Timur;Haarohoimel;Aman
MALUKU TENGGARA;Kei. Besar Utara Timur;ohoiraut;Aman
MALUKU TENGGARA;Kei. Kecil Timur;Ohoiseb;Aman
MALUKU TENGGARA;Kei. Kecil Timur;Danar ternate;Aman
MALUKU TENGGARA;Kei. Kecil Timur;Numefar;Aman
MALUKU TENGGARA;Kei. Kecil Timur;Nursoin;Aman
MALUKU TENGGARA;Kei. Kecil Timur;Elaar lamagorang;Aman
MALUKU TENGGARA;Kei. Kecil Timur;Elaar Let;Aman
MALUKU TENGGARA;Kei. Kecil Timur;Mastur;Aman
MALUKU TENGGARA;Kei. Kecil Timur;Ohoinol;Aman
MALUKU TENGGARA;Kei. Kecil Timur;Wain abean;Aman
MALUKU TENGGARA;Kei. Kecil Timur;Raat;Aman
MALUKU TENGGARA;Kei. Kecil Timur;Rumaat;Aman
MALUKU TENGGARA;Kei. Kecil Timur;Rewav;Aman
MALUKU TENGGARA;Kei. Kecil Barat;Ohoidertutu;Aman
MALUKU TENGGARA;Kei. Kecil Barat;Madwaer;Aman
MALUKU TENGGARA;Kei. Kecil Barat;Somlaeng;Aman
MALUKU TENGGARA;Kei. Kecil Barat;Ohoireng;Aman
MALUKU TENGGARA;Kei. Kecil Barat;Ohoira;Aman
MALUKU TENGGARA;Kei. Kecil Barat;ur pulau;Aman
MALUKU TENGGARA;Kei. Kecil Barat;tanimbar kei;Aman
MALUKU TENGGARA;Kei. Kecil Barat;warbal;Aman
MALUKU TENGGARA;Manyeuw;Debut;Aman
MALUKU TENGGARA;Manyeuw;Lairngangas;Aman
MALUKU TENGGARA;Manyeuw;Namar;Aman
MALUKU TENGGARA;Manyeuw;Ngayub;Aman
MALUKU TENGGARA;Manyeuw;Ngilngof;Aman
MALUKU TENGGARA;Manyeuw;ohililir;Aman
MALUKU TENGGARA;Manyeuw;Ohoilub;Aman
MALUKU TENGGARA;Manyeuw;rumah dian;Aman
MALUKU TENGGARA;Manyeuw;selayar;Aman
MALUKU TENGGARA;Hoat Sorbay;Arso;Aman
MALUKU TENGGARA;Hoat Sorbay;Dian Darat;Aman
MALUKU TENGGARA;Hoat Sorbay;Dian Pulau;Aman
MALUKU TENGGARA;Hoat Sorbay;Evu;Aman
MALUKU TENGGARA;Hoat Sorbay;Letwuan (letvuan);Aman
MALUKU TENGGARA;Hoat Sorbay;Madwat;Aman
MALUKU TENGGARA;Hoat Sorbay;Ngursit;Aman
MALUKU TENGGARA;Hoat Sorbay;ohoi badar;Aman
MALUKU TENGGARA;Hoat Sorbay;tetoat;Aman
MALUKU TENGGARA;Hoat Sorbay;wab;Aman
MALUKU TENGGARA;Hoat Sorbay;warwut;Aman
MALUKU TENGGARA;Hoat Sorbay;watngil;Aman
MALUKU TENGGARA;Hoat Sorbay;wirin;Aman
MALUKU TENGGARA;Kei. Besar Utara Barat;at ngurwul;Aman
MALUKU TENGGARA;Kei. Besar Utara Barat;at Ohoiwaf;Aman
MALUKU TENGGARA;Kei. Besar Utara Barat;at wear aur;Aman
MALUKU TENGGARA;Kei. Besar Utara Barat;dangarat;Aman
MALUKU TENGGARA;Kei. Besar Utara Barat;fa;Aman
MALUKU TENGGARA;Kei. Besar Utara Barat;hangur;Aman
MALUKU TENGGARA;Kei. Besar Utara Barat;hoor islam;Aman
MALUKU TENGGARA;Kei. Besar Utara Barat;hoor kristen;Aman
MALUKU TENGGARA;Kei. Besar Utara Barat;laar (laar Perda);Aman
MALUKU TENGGARA;Kei. Besar Utara Barat;munessoy;Aman
MALUKU TENGGARA;Kei. Besar Utara Barat;mun khaar;Aman
MALUKU TENGGARA;Kei. Besar Utara Barat;mun ngurdit wain;Aman
MALUKU TENGGARA;Kei. Besar Utara Barat;mun werfan;Aman
MALUKU TENGGARA;Kei. Besar Utara Barat;ngurwalet;Aman
MALUKU TENGGARA;Kei. Besar Utara Barat;ohoi tuf;Aman
MALUKU TENGGARA;Kei. Besar Utara Barat;uwat;Aman
MALUKU TENGGARA;Kei. Besar Utara Barat;uwatreyaan;Aman
MALUKU TENGGARA;Kei. Besar Utara Barat;uwatwear;Aman
MALUKU TENGGARA;Kei. Besar Selatan Barat;feer;Aman
MALUKU TENGGARA;Kei. Besar Selatan Barat;hoat;Aman
MALUKU TENGGARA;Kei. Besar Selatan Barat;hoko;Aman
MALUKU TENGGARA;Kei. Besar Selatan Barat;ngafan;Aman
MALUKU TENGGARA;Kei. Besar Selatan Barat;ngan;Aman
MALUKU TENGGARA;Kei. Besar Selatan Barat;ngurko;Aman
MALUKU TENGGARA;Kei. Besar Selatan Barat;ohoilean;Aman
MALUKU TENGGARA;Kei. Besar Selatan Barat;rahangiar;Aman
MALUKU TENGGARA;Kei. Besar Selatan Barat;rerean;Aman
MALUKU TENGGARA;Kei. Besar Selatan Barat;uat;Aman
MALUKU TENGGARA;Kei. Besar Selatan Barat;wafol;Aman
MALUKU TENGGARA;Kei. Besar Selatan Barat;watkidat;Aman
MALUKU TENGGARA;Kei. Besar Selatan Barat;weduar feer;Aman
MALUKU TENGGARA;Kei. Besar Timur Selatan;Danar Ohoiseb;Aman
MALUKU TENGGARA;Kei. Besar Timur Selatan;Danar Ternate;Aman
MALUKU TENGGARA;Kei. Besar Timur Selatan;Danar lumefar;Aman
MALUKU TENGGARA;Kei. Besar Timur Selatan;Elaar Nursoin;Aman
MALUKU TENGGARA;Kei. Besar Timur Selatan;Elaar lamagorang;Aman
MALUKU TENGGARA;Kei. Besar Timur Selatan;Elaar Let;Aman
MALUKU TENGGARA;Kei. Besar Timur Selatan;Sare;Aman
MALUKU TENGGARA;Kei. Besar Timur Selatan;Maar;Aman
MALUKU TENGGARA;Kei. Besar Timur Selatan;uf;Aman
MALUKU TENGGARA;Kei. Besar Timur Selatan;Ngurwul;Aman
MALUKU TENGGARA;Kei. Besar Timur Selatan;Garara;Aman
TUAL;Pulau Dulla Utara;Dullah (Darat);Aman
TUAL;Pulau Dulla Utara;Dullah Laut;Aman
TUAL;Pulau Dulla Utara;Fiditan;Aman
TUAL;Pulau Dulla Utara;Labetawi;Aman
TUAL;Pulau Dulla Utara;Ngadi;Aman
TUAL;Pulau Dulla Utara;Ohoitahit;Aman
TUAL;Pulau Dulla Utara;Ohoitel;Aman
TUAL;Pulau Dulla Utara;Tamedan;Aman
TUAL;Pulau Dulla Selatan;Ketsoblak;Aman
TUAL;Pulau Dulla Selatan;Lodar Ell;Aman
TUAL;Pulau Dulla Selatan;Masrum;Aman
TUAL;Pulau Dulla Selatan;Taar;Aman
TUAL;Pulau Dulla Selatan;Kiom;Waspada
TUAL;Pulau Dulla Selatan;Tual;Aman
TUAL;Tayando Tam;TayandoOhoiel;Aman
TUAL;Pulau-pulau Kur;_;Aman
TUAL;Pulau-pulau Kur;_;Aman
TUAL;Kur Selatan;Niela (Mangur Niela);Aman
TUAL;Kur Selatan;Rumoin (Romoin);Aman
TUAL;Kur Selatan;Tiflen (Tiflean);Aman
KEPULAUAN ARU;Pulau-Pulau Aru;Galai;Aman
KEPULAUAN ARU;Pulau-Pulau Aru;Dubu;Aman
KEPULAUAN ARU;Pulau-Pulau Aru;Siwa Lima;Aman
KEPULAUAN ARU;Pulau-Pulau Aru;Durjela;Aman
KEPULAUAN ARU;Pulau-Pulau Aru;Gorar;Aman
KEPULAUAN ARU;Pulau-Pulau Aru;Jabulenga;Aman
KEPULAUAN ARU;Pulau-Pulau Aru;Karangguli;Aman
KEPULAUAN ARU;Pulau-Pulau Aru;Kobraur;Aman
KEPULAUAN ARU;Pulau-Pulau Aru;Lau-lau;Aman
KEPULAUAN ARU;Pulau-Pulau Aru;Nafar;Aman
KEPULAUAN ARU;Pulau-Pulau Aru;Samang;Aman
KEPULAUAN ARU;Pulau-Pulau Aru;Tunguwatu;Aman
KEPULAUAN ARU;Pulau-Pulau Aru;Ujir;Aman
KEPULAUAN ARU;Pulau-Pulau Aru;Wangel;Aman
KEPULAUAN ARU;Pulau-Pulau Aru;Wokam;Aman
KEPULAUAN ARU;Aru Selatan;Doka Barat;Aman
KEPULAUAN ARU;Aru Selatan;Doka Timur;Aman
KEPULAUAN ARU;Aru Selatan;Fatural;Aman
KEPULAUAN ARU;Aru Selatan;Feruni;Aman
KEPULAUAN ARU;Aru Selatan;Gaimar;Aman
KEPULAUAN ARU;Aru Selatan;Jelia;Aman
KEPULAUAN ARU;Aru Selatan;Jerol;Aman
KEPULAUAN ARU;Aru Selatan;Kabalukin;Aman
KEPULAUAN ARU;Aru Selatan;Kalar-kalar;Aman
KEPULAUAN ARU;Aru Selatan;Laininir;Aman
KEPULAUAN ARU;Aru Selatan;Lor-Lor;Aman
KEPULAUAN ARU;Aru Selatan;Marfenfen;Aman
KEPULAUAN ARU;Aru Selatan;Ngaibor;Aman
KEPULAUAN ARU;Aru Selatan;Ngaiguli;Aman
KEPULAUAN ARU;Aru Selatan;Popjetur;Aman
KEPULAUAN ARU;Aru Tengah;Algadang;Aman
KEPULAUAN ARU;Aru Tengah;Benjina;Aman
KEPULAUAN ARU;Aru Tengah;Fatlabata;Aman
KEPULAUAN ARU;Aru Tengah;Gardakau;Aman
KEPULAUAN ARU;Aru Tengah;Gulili;Aman
KEPULAUAN ARU;Aru Tengah;Irloy;Aman
KEPULAUAN ARU;Aru Tengah;Jirlay;Aman
KEPULAUAN ARU;Aru Tengah;Kobadangar;Aman
KEPULAUAN ARU;Aru Tengah;Kobasel Fara;Aman
KEPULAUAN ARU;Aru Tengah;Kobasel Timur;Aman
KEPULAUAN ARU;Aru Tengah;Kwarbola;Aman
KEPULAUAN ARU;Aru Tengah;Lorang;Aman
KEPULAUAN ARU;Aru Tengah;Maijuring;Aman
KEPULAUAN ARU;Aru Tengah;Manjau;Aman
KEPULAUAN ARU;Aru Tengah;Maririmar;Aman
KEPULAUAN ARU;Aru Tengah;Murai;Aman
KEPULAUAN ARU;Aru Tengah;Namara;Aman
KEPULAUAN ARU;Aru Tengah;Papakula;Aman
KEPULAUAN ARU;Aru Tengah;Selibata-Bata;Aman
KEPULAUAN ARU;Aru Tengah;Selilau;Aman
KEPULAUAN ARU;Aru Utara;Foket;Aman
KEPULAUAN ARU;Aru Utara;Jerwatu;Aman
KEPULAUAN ARU;Aru Utara;Kabufin;Aman
KEPULAUAN ARU;Aru Utara;Kaibolafin;Aman
KEPULAUAN ARU;Aru Utara;Kolamar;Aman
KEPULAUAN ARU;Aru Utara;Marlasi;Aman
KEPULAUAN ARU;Aru Utara;Mesidang;Aman
KEPULAUAN ARU;Aru Utara;Selmona;Aman
KEPULAUAN ARU;Aru Utara;Tasinwaha;Aman
KEPULAUAN ARU;Aru Utara;Wangangula-Ngula;Aman
KEPULAUAN ARU;Aru Utara;Wahayum;Aman
KEPULAUAN ARU;Aru Utara;Warialau;Aman
KEPULAUAN ARU;Aru Utara Timur Batuley;Batuley;Aman
KEPULAUAN ARU;Aru Utara Timur Batuley;Benjuring;Aman
KEPULAUAN ARU;Aru Utara Timur Batuley;Jursiang;Aman
KEPULAUAN ARU;Aru Utara Timur Batuley;kabalsiang;Aman
KEPULAUAN ARU;Aru Utara Timur Batuley;Kobamar;Aman
KEPULAUAN ARU;Aru Utara Timur Batuley;Kompane;Aman
KEPULAUAN ARU;Aru Utara Timur Batuley;Kumul;Aman
KEPULAUAN ARU;Aru Utara Timur Batuley;Sewer;Aman
KEPULAUAN ARU;Aru Utara Timur Batuley;Waria;Aman
KEPULAUAN ARU;Sir-Sir;Bardevan;Aman
KEPULAUAN ARU;Sir-Sir;Goda-Goda;Aman
KEPULAUAN ARU;Sir-Sir;Gomsey;Aman
KEPULAUAN ARU;Sir-Sir;Kolaha;Aman
KEPULAUAN ARU;Sir-Sir;Langhalau;Aman
KEPULAUAN ARU;Sir-Sir;Leiting;Aman
KEPULAUAN ARU;Sir-Sir;Mohongsel;Aman
KEPULAUAN ARU;Sir-Sir;Wafan;Aman
KEPULAUAN ARU;Sir-Sir;Waiful;Aman
KEPULAUAN ARU;Aru Tengah Timur;Balatan;Aman
KEPULAUAN ARU;Aru Tengah Timur;Basada;Aman
KEPULAUAN ARU;Aru Tengah Timur;Dosinamalu;Aman
KEPULAUAN ARU;Aru Tengah Timur;Kaiwabar;Aman
KEPULAUAN ARU;Aru Tengah Timur;Karawai;Aman
KEPULAUAN ARU;Aru Tengah Timur;Kobror;Aman
KEPULAUAN ARU;Aru Tengah Timur;Koijabi;Aman
KEPULAUAN ARU;Aru Tengah Timur;Lola;Aman
KEPULAUAN ARU;Aru Tengah Timur;Mariri;Aman
KEPULAUAN ARU;Aru Tengah Timur;Ponom;Aman
KEPULAUAN ARU;Aru Tengah Timur;Wailay;Aman
KEPULAUAN ARU;Aru Tengah Timur;Marjukur;Aman
KEPULAUAN ARU;Aru Tengah Timur;Warloi;Aman
KEPULAUAN ARU;Aru Tengah Selatan;Apara;Aman
KEPULAUAN ARU;Aru Tengah Selatan;Bemun;Aman
KEPULAUAN ARU;Aru Tengah Selatan;Gomo-Gomo;Aman
KEPULAUAN ARU;Aru Tengah Selatan;Jambu Air;Aman
KEPULAUAN ARU;Aru Tengah Selatan;Longgar;Aman
KEPULAUAN ARU;Aru Tengah Selatan;Mesiang;Aman
KEPULAUAN ARU;Aru Tengah Selatan;Warabal;Aman
KEPULAUAN ARU;Aru Selatan Utara;Erersin;Aman
KEPULAUAN ARU;Aru Selatan Utara;Hokmar;Aman
KEPULAUAN ARU;Aru Selatan Utara;Juring;Aman
KEPULAUAN ARU;Aru Selatan Utara;Lutur;Aman
KEPULAUAN ARU;Aru Selatan Utara;Maekor;Aman
KEPULAUAN ARU;Aru Selatan Utara;Rebi;Aman
KEPULAUAN ARU;Aru Selatan Utara;Tabarfane;Aman
BURU;Namlea;Batu Boy;Aman
BURU;Namlea;Jamilu;Aman
BURU;Namlea;Karang Jaya;Aman
BURU;Namlea;Lala;Aman
BURU;Namlea;Namlea;Aman
BURU;Namlea;Sanleko;Aman
BURU;Namlea;Siahoni;Aman
BURU;Air Buaya;Air Buaya;Aman
BURU;Air Buaya;Awilinan;Aman
BURU;Air Buaya;Bara;Aman
BURU;Air Buaya;Batlale;Aman
BURU;Air Buaya;Kampung Baru;Aman
BURU;Air Buaya;Selwadu;Aman
BURU;Air Buaya;Tanjung Karang;Aman
BURU;Air Buaya;Waimangit;Aman
BURU;Air Buaya;Waipure;Aman
BURU;Air Buaya;Wasbaka;Aman
BURU;Waeapo;Savana Jaya;Aman
BURU;Waeapo;Gogrea;Aman
BURU;Waeapo;Waetele;Aman
BURU;Waeapo;Waekerta;Aman
BURU;Waeapo;Waekasar;Aman
BURU;Waeapo;Waenetat;Aman
BURU;Waeapo;Wanareja;Aman
BURU;Waplau;Hatawano;Aman
BURU;Waplau;Lamahang;Aman
BURU;Waplau;Namsina;Aman
BURU;Waplau;Samalagi;Aman
BURU;Waplau;Skikilale;Aman
BURU;Waplau;Waepotih;Aman
BURU;Waplau;Waeura;Aman
BURU;Waplau;Wailihang;Aman
BURU;Waplau;Waplau;Aman
BURU;Waplau;Waprea;Aman
BURU;Batabual;Ilath;Aman
BURU;Batabual;Batu Jungku;Aman
BURU;Batabual;Pela;Aman
BURU;Batabual;Waemorat;Aman
BURU;Batabual;Seith;Aman
BURU;Lolong Guba;Grandeng;Aman
BURU;Lolong Guba;Kubalahin;Aman
BURU;Lolong Guba;Lele;Aman
BURU;Lolong Guba;Nafrua;Aman
BURU;Lolong Guba;Ohilahin;Aman
BURU;Lolong Guba;Tifu;Aman
BURU;Lolong Guba;Wabloy;Aman
BURU;Lolong Guba;Waegeren;Aman
BURU;Lolong Guba;Wanakarta;Aman
BURU;Lolong Guba;Wapsalit;Aman
BURU;Waelata;Basalale;Aman
BURU;Waelata;Dava;Aman
BURU;Waelata;Deboway;Aman
BURU;Fena Leisela;Balbalu;Aman
BURU;Fena Leisela;Lemanpoli;Aman
BURU;Fena Leisela;Raheriat;Aman
BURU;Fena Leisela;Waedanga;Aman
BURU;Fena Leisela;Waekose;Aman
BURU;Fena Leisela;Waelana-lana;Aman
BURU;Fena Leisela;Waemite;Aman
BURU;Fena Leisela;Waereman;Aman
BURU;Fena Leisela;Wainibe;Aman
BURU;Fena Leisela;Wamana Baru;Aman
BURU;Fena Leisela;Wamlana;Aman
BURU;Fena Leisela;Wasi;Aman
BURU;Fena Leisela;Waspait;Aman
BURU;Teluk Kaiely;Kaiely;Aman
BURU;Teluk Kaiely;Kaki Air;Aman
BURU;Teluk Kaiely;Masarete;Aman
BURU;Teluk Kaiely;Waelapia;Aman
BURU;Lilialy;Jikumarasa;Aman
BURU;Lilialy;Sawa;Aman
BURU;Lilialy;Ubung;Aman
BURU;Lilialy;Waeperang;Aman
BURU;Lilialy;Waimiting;Aman
BURU SELATAN;Kepala Madan;Kepala madan;Aman
BURU SELATAN;Leksula;Ewiri;Aman
BURU SELATAN;fena fafan;Nasarua;Aman
KEPULAUAN TANIMBAR;Tanimbar Selatan;Ilngei;Aman
KEPULAUAN TANIMBAR;Tanimbar Selatan;Kabiarat;Aman
KEPULAUAN TANIMBAR;Tanimbar Selatan;Latdalam;Aman
KEPULAUAN TANIMBAR;Tanimbar Selatan;Lauran;Aman
KEPULAUAN TANIMBAR;Tanimbar Selatan;Lermatang;Aman
KEPULAUAN TANIMBAR;Tanimbar Selatan;Olilit Raya;Aman
KEPULAUAN TANIMBAR;Tanimbar Selatan;Saumlaki;Aman
KEPULAUAN TANIMBAR;Tanimbar Selatan;Sifnana;Aman
KEPULAUAN TANIMBAR;Tanimbar Selatan;Wowonda;Aman
KEPULAUAN TANIMBAR;Selaru;Adaut;Aman
KEPULAUAN TANIMBAR;Selaru;Namtabung;Aman
KEPULAUAN TANIMBAR;Selaru;Kandar;Aman
KEPULAUAN TANIMBAR;Selaru;Lingat;Aman
KEPULAUAN TANIMBAR;Selaru;Werain;Aman
KEPULAUAN TANIMBAR;Selaru;Fursui;Aman
KEPULAUAN TANIMBAR;Wertamrian;Amdasa;Aman
KEPULAUAN TANIMBAR;Wertamrian;Arui Bab;Aman
KEPULAUAN TANIMBAR;Wertamrian;Arui Das;Aman
KEPULAUAN TANIMBAR;Wertamrian;Atubul Raya;Aman
KEPULAUAN TANIMBAR;Wertamrian;Lorulung;Aman
KEPULAUAN TANIMBAR;Wertamrian;Sangliat Dol;Aman
KEPULAUAN TANIMBAR;Wertamrian;Sangliat Krawain;Aman
KEPULAUAN TANIMBAR;Wertamrian;Tumbur;Aman
KEPULAUAN TANIMBAR;Wermakatian;Batu Putih;Aman
KEPULAUAN TANIMBAR;Wermakatian;Kamatubun;Aman
KEPULAUAN TANIMBAR;Wermakatian;Makatiang;Aman
KEPULAUAN TANIMBAR;Wermakatian;Rumasalut;Aman
KEPULAUAN TANIMBAR;Wermakatian;Themin;Aman
KEPULAUAN TANIMBAR;Wermakatian;Welutu;Aman
KEPULAUAN TANIMBAR;Wermakatian;Weratan;Aman
KEPULAUAN TANIMBAR;Wermakatian;Wermatang;Aman
KEPULAUAN TANIMBAR;Tanimbar Utara;Kelaan;Aman
KEPULAUAN TANIMBAR;Tanimbar Utara;Kaliober;Aman
KEPULAUAN TANIMBAR;Tanimbar Utara;Lamdesar Barat;Aman
KEPULAUAN TANIMBAR;Tanimbar Utara;Lamdesar Timur;Aman
KEPULAUAN TANIMBAR;Tanimbar Utara;Lelingluan;Aman
KEPULAUAN TANIMBAR;Tanimbar Utara;Ridool;Aman
KEPULAUAN TANIMBAR;Tanimbar Utara;Ritabel;Aman
KEPULAUAN TANIMBAR;Tanimbar Utara;Watidal;Aman
KEPULAUAN TANIMBAR;Yaru;Adodo Fordata;Aman
KEPULAUAN TANIMBAR;Yaru;Awear;Aman
KEPULAUAN TANIMBAR;Yaru;Romean;Aman
KEPULAUAN TANIMBAR;Yaru;Rumngeur;Aman
KEPULAUAN TANIMBAR;Yaru;Sofyanin;Aman
KEPULAUAN TANIMBAR;Yaru;Walerang;Aman
KEPULAUAN TANIMBAR;Wuarlabobar;Abat;Aman
KEPULAUAN TANIMBAR;Wuarlabobar;Adomolo;Aman
KEPULAUAN TANIMBAR;Wuarlabobar;Awear Rumngeur;Aman
KEPULAUAN TANIMBAR;Wuarlabobar;Karatat;Aman
KEPULAUAN TANIMBAR;Wuarlabobar;Kilon;Aman
KEPULAUAN TANIMBAR;Wuarlabobar;Labobar;Aman
KEPULAUAN TANIMBAR;Wuarlabobar;Nurkat;Aman
KEPULAUAN TANIMBAR;Wuarlabobar;Tutunametal;Aman
KEPULAUAN TANIMBAR;Wuarlabobar;Wadankou;Aman
KEPULAUAN TANIMBAR;Wuarlabobar;Watmasa;Aman
KEPULAUAN TANIMBAR;Wuarlabobar;Wulmasa;Aman
KEPULAUAN TANIMBAR;Wuarlabobar;Wunlah;Aman
KEPULAUAN TANIMBAR;Kormomolin;Alusi Batjas;Aman
KEPULAUAN TANIMBAR;Kormomolin;Alusi Bukyalin;Aman
KEPULAUAN TANIMBAR;Kormomolin;Alusi kelaan;Aman
KEPULAUAN TANIMBAR;Kormomolin;Alusi Krawain;Aman
KEPULAUAN TANIMBAR;Kormomolin;Alusi Tamrian;Aman
KEPULAUAN TANIMBAR;Kormomolin;Kilmasa;Aman
KEPULAUAN TANIMBAR;Kormomolin;Lorwembun;Aman
KEPULAUAN TANIMBAR;Kormomolin;Lumasebu;Aman
KEPULAUAN TANIMBAR;Kormomolin;Meyano Raya;Aman
KEPULAUAN TANIMBAR;Nirunmas;Arma;Aman
KEPULAUAN TANIMBAR;Nirunmas;Manglusi;Aman
KEPULAUAN TANIMBAR;Nirunmas;Tutukembong;Aman
KEPULAUAN TANIMBAR;Nirunmas;Watmuri;Aman
KEPULAUAN TANIMBAR;Nirunmas;Waturu;Aman
KEPULAUAN TANIMBAR;Molu Maru;Adodo Molu;Aman
KEPULAUAN TANIMBAR;Molu Maru;Nurkat;Aman
KEPULAUAN TANIMBAR;Molu Maru;Tutunametal;Aman
KEPULAUAN TANIMBAR;Molu Maru;Wadankou;Aman
KEPULAUAN TANIMBAR;Molu Maru;Wulmasa;Aman
MALUKU BARAT DAYA;Moa Lakor;Kaiwatu;Aman
MALUKU BARAT DAYA;Moa Lakor;Klis;Aman
MALUKU BARAT DAYA;Moa Lakor;Moain;Aman
MALUKU BARAT DAYA;Moa Lakor;Patti;Aman
MALUKU BARAT DAYA;Moa Lakor;Tiakur;Aman
MALUKU BARAT DAYA;Moa Lakor;Tounwawan;Aman
MALUKU BARAT DAYA;Moa Lakor;Wakarleli;Aman
MALUKU BARAT DAYA;Moa Lakor;Werwaru;Aman
MALUKU BARAT DAYA;Damer;Batu Merah;Aman
MALUKU BARAT DAYA;Damer;Bebar Timur;Aman
MALUKU BARAT DAYA;Damer;Ilih;Aman
MALUKU BARAT DAYA;Damer;Kehli;Aman
MALUKU BARAT DAYA;Damer;Kuaimelu;Aman
MALUKU BARAT DAYA;Damer;Kumur;Aman
MALUKU BARAT DAYA;Damer;Wulur;Aman
MALUKU BARAT DAYA;Mndona Hiera;Rumkisar;Aman
MALUKU BARAT DAYA;Mndona Hiera;Rotnama;Aman
MALUKU BARAT DAYA;Mndona Hiera;Romdara;Aman
MALUKU BARAT DAYA;Mndona Hiera;Regoha;Aman
MALUKU BARAT DAYA;Mndona Hiera;Pupliora;Aman
MALUKU BARAT DAYA;Mndona Hiera;Mahaleta;Aman
MALUKU BARAT DAYA;Mndona Hiera;Luang Timur;Aman
MALUKU BARAT DAYA;Mndona Hiera;Luang Barat;Aman
MALUKU BARAT DAYA;Mndona Hiera;Lelang;Aman
MALUKU BARAT DAYA;Mndona Hiera;Elo;Aman
MALUKU BARAT DAYA;Mndona Hiera;Batugajah;Aman
MALUKU BARAT DAYA;Pulau-Pulau Babar;Hertuti;Aman
MALUKU BARAT DAYA;Pulau-Pulau Babar;Imroing;Aman
MALUKU BARAT DAYA;Pulau-Pulau Babar;Letsiara;Aman
MALUKU BARAT DAYA;Pulau-Pulau Babar;Lewah;Aman
MALUKU BARAT DAYA;Pulau-Pulau Babar;Sinarusi;Aman
MALUKU BARAT DAYA;Pulau-Pulau Babar;Tela;Aman
MALUKU BARAT DAYA;Pulau-Pulau Babar;Tepa;Aman
MALUKU BARAT DAYA;Pulau-Pulau Babar;Wanuwui;Aman
MALUKU BARAT DAYA;Pulau-Pulau Babar;Yaltubung;Aman
MALUKU BARAT DAYA;Pulau-Pulau Babar Timur;Ahanari;Aman
MALUKU BARAT DAYA;Pulau-Pulau Babar Timur;Analutur;Aman
MALUKU BARAT DAYA;Pulau-Pulau Babar Timur;Emplawas;Aman
MALUKU BARAT DAYA;Pulau-Pulau Babar Timur;Kokwari;Aman
MALUKU BARAT DAYA;Pulau-Pulau Babar Timur;Kroing;Aman
MALUKU BARAT DAYA;Pulau-Pulau Babar Timur;Letwurung;Aman
MALUKU BARAT DAYA;Pulau-Pulau Babar Timur;Manuweri;Aman
MALUKU BARAT DAYA;Pulau-Pulau Babar Timur;Nakarhamto;Aman
MALUKU BARAT DAYA;Pulau-Pulau Babar Timur;Tutuwawang;Aman
MALUKU BARAT DAYA;Pulau-Pulau Babar Timur;Wakpapapi;Aman
MALUKU BARAT DAYA;Pulau-Pulau Babar Timur;Yatoke;Aman
MALUKU BARAT DAYA;Wetar;Karbubu;Aman
MALUKU BARAT DAYA;Wetar;Tolemar;Aman
MALUKU BARAT DAYA;Wetar;Arnau;Aman
MALUKU BARAT DAYA;Wetar;Hiai;Aman
MALUKU BARAT DAYA;Wetar;Ilwaki;Aman
MALUKU BARAT DAYA;Wetar;Ilputih;Aman
MALUKU BARAT DAYA;Wetar;Mahuan;Aman
MALUKU BARAT DAYA;Wetar;Masapun;Aman
MALUKU BARAT DAYA;Wetar Timur;Arwala;Aman
MALUKU BARAT DAYA;Wetar Timur;Ilpokil;Aman
MALUKU BARAT DAYA;Wetar Timur;Ilway;Aman
MALUKU BARAT DAYA;Wetar Timur;Kahilin;Aman
MALUKU BARAT DAYA;Wetar Timur;Moning;Aman
MALUKU BARAT DAYA;Wetar Timur;Tomliapat;Aman
MALUKU BARAT DAYA;Pulau-Pulau Terselatan;Abusur;Aman
MALUKU BARAT DAYA;Pulau-Pulau Terselatan;Lama;Aman
MALUKU BARAT DAYA;Pulau-Pulau Terselatan;Lekloor;Aman
MALUKU BARAT DAYA;Pulau-Pulau Terselatan;Oirata Barat;Aman
MALUKU BARAT DAYA;Pulau-Pulau Terselatan;Oirata Timur;Aman
MALUKU BARAT DAYA;Pulau-Pulau Terselatan;Wonreli;Aman
MALUKU BARAT DAYA;Pulau Leti;Batumiau;Aman
MALUKU BARAT DAYA;Pulau Leti;Laitutun;Aman
MALUKU BARAT DAYA;Pulau Leti;Luhuely;Aman
MALUKU BARAT DAYA;Pulau Leti;Nuwewang;Aman
MALUKU BARAT DAYA;Pulau Leti;Tomra;Aman
MALUKU BARAT DAYA;Pulau Leti;Tutukey;Aman
MALUKU BARAT DAYA;Pulau Leti;Tutuwaru;Aman
MALUKU BARAT DAYA;Pulau Masela;Babiotang;Aman
MALUKU BARAT DAYA;Pulau Masela;Bululora;Aman
MALUKU BARAT DAYA;Pulau Masela;Iblatmuntah;Aman
MALUKU BARAT DAYA;Pulau Masela;Uilbutung;Aman
MALUKU BARAT DAYA;Pulau Masela;Latalola Besar;Aman
MALUKU BARAT DAYA;Pulau Masela;Latalola Kecil;Aman
MALUKU BARAT DAYA;Pulau Masela;Lawawang;Aman
MALUKU BARAT DAYA;Pulau Masela;Marsela;Aman
MALUKU BARAT DAYA;Dawelor Dawera;Ilmarang;Aman
MALUKU BARAT DAYA;Dawelor Dawera;Letmasa;Aman
MALUKU BARAT DAYA;Dawelor Dawera;Nurnyaman;Aman
MALUKU BARAT DAYA;Dawelor Dawera;Wairatan;Aman
MALUKU BARAT DAYA;Dawelor Dawera;Watuwey;Aman
MALUKU BARAT DAYA;Dawelor Dawera;Welora;Aman
MALUKU BARAT DAYA;Pulau Wetang;Herley;Aman
MALUKU BARAT DAYA;Pulau Wetang;Nusiata;Aman
MALUKU BARAT DAYA;Pulau Wetang;Pota Besar Pota Kecil;Aman
MALUKU BARAT DAYA;Pulau Wetang;Rumalewang Besar;Aman
MALUKU BARAT DAYA;Pulau Wetang;Rumalewang Kecil;Aman
MALUKU BARAT DAYA;Pulau Wetang;Upupun;Aman
MALUKU BARAT DAYA;Pulau Wetang;Wasarili;Aman
MALUKU BARAT DAYA;Pulau Lakor;Yamluli;Aman
MALUKU BARAT DAYA;Pulau Lakor;Sera;Aman
MALUKU BARAT DAYA;Pulau Lakor;Lolotwara;Aman
MALUKU BARAT DAYA;Pulau Lakor;Letode;Aman
MALUKU BARAT DAYA;Pulau Lakor;Ketty;Aman
MALUKU BARAT DAYA;Wetar Utara;Elsulith;Aman
MALUKU BARAT DAYA;Wetar Utara;Eray;Aman
MALUKU BARAT DAYA;Wetar Utara;Lurang;Aman
MALUKU BARAT DAYA;Wetar Utara;Nabar;Aman
MALUKU BARAT DAYA;Wetar Utara;Naumatang;Aman
MALUKU BARAT DAYA;Wetar Utara;Uhak;Aman
MALUKU BARAT DAYA;Wetar Barat;Ilmamau;Aman
MALUKU BARAT DAYA;Wetar Barat;Karbubu;Aman
MALUKU BARAT DAYA;Wetar Barat;Klishatu;Aman
MALUKU BARAT DAYA;Wetar Barat;Telemar;Aman
MALUKU BARAT DAYA;Wetar Barat;Ustutun;Aman
MALUKU BARAT DAYA;Wetar Timur;Arwala;Aman
MALUKU BARAT DAYA;Wetar Timur;Ilpokil;Aman
MALUKU BARAT DAYA;Wetar Timur;Ilway;Aman
MALUKU BARAT DAYA;Wetar Timur;Kahilim;Aman
MALUKU BARAT DAYA;Wetar Timur;Moning;Aman
MALUKU BARAT DAYA;Wetar Timur;Tomliapat;Aman
MALUKU BARAT DAYA;Kepulauan Romang;Hila;Aman
MALUKU BARAT DAYA;Kepulauan Romang;Jerusu;Aman
MALUKU BARAT DAYA;Kepulauan Romang;Solath;Aman
MALUKU BARAT DAYA;Kisar Utara;Labelau;Aman
MALUKU BARAT DAYA;Kisar Utara;Nomaha;Aman
MALUKU BARAT DAYA;Kisar Utara;Purpura;Aman
