Bondowoso;Binakal;Jeruk Soksok;Aman;
Bondowoso;Binakal;Sumberwaru;Aman;
Bondowoso;Cermee;Batuampar;Aman;
Bondowoso;Cermee;Batusalang;Aman;
Bondowoso;Cermee;Pelalangan;Aman;
Bondowoso;Cermee;Ramban Barat;Aman;
Bondowoso;Cermee;Ramban Timur;Aman;
Bondowoso;Cermee;Suling Barat;Aman;
Bondowoso;Cermee;Suling Timur;Aman;
Bondowoso;Curahdami;Penambangan;Aman;
Bondowoso;Curahdami;Sumbersalak;Aman;
Bondowoso;Curahdami;Sumbersuko;Aman;
Bondowoso;Curahdami;Dadapan;Aman;
Bondowoso;Curahdami;Dawuhan;Aman;
Bondowoso;Curahdami;Grujugan Kidul;Siaga;
Bondowoso;Curahdami;Kabuaran;Aman;
Bondowoso;Curahdami;Kejawan;Aman;
Bondowoso;Curahdami;Pekauman;Aman;
Bondowoso;Curahdami;Sumber Pandan;Aman;
Bondowoso;Curahdami;Taman;Waspada;
Bondowoso;Curahdami;Tegal Mijin;Aman;
Bondowoso;Curahdami;Wanisodo;Aman;
Bondowoso;Curahdami;Wonosari;Aman;
Bondowoso;Jambesari Darus Sholah;Jambe Anom;Aman;
Bondowoso;Jambesari Darus Sholah;Jambe Sari;Siaga;
Bondowoso;Klabang;Karanganyar;Aman;
Bondowoso;Klabang;Karangsengon;Aman;
Bondowoso;Klabang;Sumbersuko;Aman;
Bondowoso;Maesan;Pujerbaru;Aman;
Bondowoso;Maesan;Sumberanyar;Bahaya;
Bondowoso;Maesan;Sumberpakem;Aman;
Bondowoso;Pujer;Alassumur;Aman;
Bondowoso;Pujer;Maskuning Barat;Aman;
Bondowoso;Pujer;Maskuning Timur;Aman;
Bondowoso;Pujer;Randucangkring;Aman;
Bondowoso;Pujer;Sukokerto;Aman;
Bondowoso;Sempol;Kaligedang;Aman;
Bondowoso;Sempol;Sumberejo;Aman;
Bondowoso;TamanKrocok;Gentong;Aman;
Bondowoso;TamanKrocok;Kemuningan;Aman;
Bondowoso;TamanKrocok;Kretek;Aman;
Bondowoso;TamanKrocok;Paguan;Aman;
Bondowoso;TamanKrocok;Sumberkokap;Aman;
Bondowoso;TamanKrocok;Taman;Siaga;
Bondowoso;TamanKrocok;Trebungan;Aman;
Bondowoso;Tenggarang;Koncerdarulaman;Siaga;
Bondowoso;Tenggarang;Koncer Selatan;Siaga;
Bondowoso;Tenggarang;Sumbersalam;Aman;
Bondowoso;Tenggarang;Tangsil Barat;Aman;
Bondowoso;Tlogosari;Brambangdarussolah;Aman;
Bondowoso;Wonosari;Lombok Barat;Aman;
Bondowoso;Wonosari;Lombok Timur;Aman;
Bondowoso;Wonosari;Tangsil Timur;Aman;
Banyuwangi;Purwoharjo;Sumberasri;Aman;
Banyuwangi;Muncar;Kemendung;Aman;
Banyuwangi;Muncar;Sumber Beras;Siaga;
Banyuwangi;Srono;Bagorejo;Aman;
Banyuwangi;Genteng;Genteng Wetan;Siaga;
Banyuwangi;Genteng;Genteng Kulon;Waspada;
Banyuwangi;Kalibaru;Kajar Harjo;Siaga;
Banyuwangi;Singojuruh;Alas Malang;Aman;
Banyuwangi;Kabat;Beneranlor;Aman;
Banyuwangi;Kabat;Macanputih;Aman;
Banyuwangi;Glagah;Kampung Anyar;Aman;
Banyuwangi;Banyuwangi;Kampung Mandar;Siaga;
Banyuwangi;Banyuwangi;Kampung Melayu;Aman;
Banyuwangi;Banyuwangi;Sumber Rejo;Waspada;
Banyuwangi;Banyuwangi;Taman Baru;Aman;
Banyuwangi;Banyuwangi;Tukang Kayu;Bahaya;
Banyuwangi;Wongsorejo;Alasrejo;Aman;
Banyuwangi;Siliragung;Seneporejo;Siaga;
Banyuwangi;Licin;Dsa Gumuk;Aman;
Situbondo;Banyuglugur;Selobanteng;Aman;
Situbondo;Kapongan;Curah Cottok;Aman;
Situbondo;Kapongan;Kesambi Rampak;Waspada;
Situbondo;Panarukan;Alas Malang;Aman;
Situbondo;Suboh;Dawuhan;Aman;
Situbondo;Suboh;Mojodungkol;Aman;
Situbondo;Sumber Malang;Alastengah;Aman;
Situbondo;Sumber Malang;Baderan;Aman;
Situbondo;Sumber Malang;Kalirejo;Aman;
Situbondo;Sumber Malang;Plalangan;Aman;
Situbondo;Sumber Malang;Sumberargo;Aman;
Situbondo;Sumber Malang;Taman;Aman;
Situbondo;Sumber Malang;Tamankursi;Aman;
Situbondo;Sumber Malang;Tamansari;Aman;
Situbondo;Sumber Malang;Tlogosari;Aman;
Sidoarjo;Sidoarjo;Bluru Kidul ;Bahaya;
Sidoarjo;Sidoarjo;Rangkah Kidul;Aman;
Sidoarjo;Sidoarjo;Cemengkalan;Waspada;
Sidoarjo;Sidoarjo;Pucang Anom;Waspada;
Sidoarjo;Porong;Glagaharum;Waspada;
Sidoarjo;Krembung;Balanggarut;Siaga;
Sidoarjo;Krembung;Tanjegwagir;Siaga;
Sidoarjo;Tulangan;Grabangan;Siaga;
Sidoarjo;Tulangan;Kebaran;Siaga;
Sidoarjo;Tanggulangin;Ganggang panjang;Waspada;
Sidoarjo;Jabon;Pejarakan;Siaga;
Sidoarjo;Krian;Keterungan;Waspada;
Sidoarjo;Krian;Tarik;Waspada;
Sidoarjo;Krian;Tambak Kemerakan;Bahaya;
Sidoarjo;Balongbendo;Balongbendo Kec. ;Waspada;
Sidoarjo;Balongbendo;Bakalan Wringinpitu;Waspada;
Sidoarjo;Balongbendo;Gadungkepuhsari;Waspada;
Sidoarjo;Balongbendo;Singkalang;Waspada;
Sidoarjo;Balongbendo;Sumokebangsri;Waspada;
Sidoarjo;Wonoayu;Simoanginangin;Waspada;
Sidoarjo;Wonoayu;Sumberejo;Waspada;
Sidoarjo;Wonoayu;Wonokasihan;Waspada;
Sidoarjo;Tarik;Gedangklutuk;Siaga;
Sidoarjo;Tarik;Singgogalih;Siaga;
Sidoarjo;Prambon;Jatialunalun;Waspada;
Sidoarjo;Prambon;Kajartrengguli;Waspada;
Sidoarjo;Taman;Kragan;Waspada;
Sidoarjo;Taman;Pertapan Maduretno;Waspada;
Sidoarjo;Waru;Tambarejo;Waspada;
Sidoarjo;Gedangan;Keboan Anom; Kec. Waspada;
Sidoarjo;Gedangan;Sawo Tratap;Bahaya;
Sidoarjo;Gedangan;Sereuni;Waspada;
Sidoarjo;Sedati;Banjarkemuningtambak;Waspada;
Sidoarjo;Sedati;Gisikcemandi;Waspada;
Sidoarjo;Sedati;Sedatiagug;Bahaya;
Sidoarjo;Sukodono;Keloposepuluh;Waspada;
Sidoarjo;Sukodono;Panjungan;Waspada;
Kediri;Gampengrejo;Putih Kec. ;Siaga;
Kediri;Banyakan;Jatirogo;Aman;
Kediri;Gurah;Tambak Rejo;Aman;
Kediri;Gurah;Sumber Cangkring;Aman;
Kediri;Kandangan;Jeruk Wangi;Aman;
Kediri;Kandangan;Jeruk Gulung;Aman;
Kediri;Kandangan;Jlumbung;Aman;
Kediri;Kandat;Sumberjo;Aman;
Kediri;Kras;Sentonorejo;Aman;
Kediri;Kunjang;Tenggerlor;Aman;
Kediri;Ngadiluwih;Bangle;Aman;
Kediri;Ngadiluwih;Rembang Kepuh;Aman;
Kediri;Ngadiluwih;Banjarrejo;Aman;
Kediri;Papar;Kedung Malang;Aman;
Kediri;Plosoklaten;Plosokidul;Aman;
Kediri;Plosoklaten;Plosolor;Aman;
Kediri;Ringinrejo;Nambaan;Aman;
Kediri;Ngasem;Sumberjo;Aman;
Blitar;Selorejo;Olak-Alen;Aman;
Blitar;Srengat;Bangelenan;Aman;
Blitar;Srengat;Pakisrejo.;Aman;
Blitar;Udanawu;Ds.Sukorejo;Aman;
Blitar;Udanawu;Ds.Tunjung;Aman;
Blitar;Kepanjen Kidul;Bendo;Aman;
Blitar;Kepanjen Kidul;Kauman;Aman;
Blitar;Kepanjen Kidul;Kepanjenkidul;Aman;
Blitar;Kepanjen Kidul;Kepanjenlor;Aman;
Blitar;Kepanjen Kidul;Ngadirejo;Aman;
Blitar;Kepanjen Kidul;Sentul;Aman;
Blitar;Kepanjen Kidul;Tanggung;Aman;
Blitar;Sananwetan;Karangtengah;Aman;
Mojokerto;Magersari;Gunung Gedangan;Bahaya;
Mojokerto;Prajurit Kulon;Prajurit Kulon;Waspada;
Mojokerto;Prajurit Kulon;Surodinawan;Waspada;
Mojokerto;Prajurit Kulon;Kauman;Siaga;
Mojokerto;Prajurit Kulon;Blooto;Siaga;
Mojokerto;Prajurit Kulon;Pulorejo;Waspada;
Mojokerto;Prajurit Kulon;Mentikan;Bahaya;
Mojokerto;Mojosari;Belahan Tengah;Siaga;
Mojokerto;Mojosari;Kedung Gempol;Aman;
Mojokerto;Ngoro;Manduro MG;Waspada;
Mojokerto;Ngoro;Wotanmas Jedong;Siaga;
Mojokerto;Dlanggu;Kedung Lengkong;Aman;
Mojokerto;Dlanggu;Randu Genengan;Waspada;
Mojokerto;Dlanggu;Kedung Gede;Aman;
Mojokerto;Bangsal;Tinggar Buntut;Aman;
Mojokerto;Mojoanyar;Kweden Kembar;Aman;
Mojokerto;Sooko;Ngigasrembyong;Waspada;
Mojokerto;Kutorejo;Sampang Agung;Waspada;
Mojokerto;Gedeg;Gempolkrep;Waspada;
Mojokerto;Gedeg;berat wetan;Siaga;
Mojokerto;Gedeg;Jeruk seger;Aman;
Mojokerto;Gedeg;Ngares Kidul;Aman;
Mojokerto;Dawar Blandong;Bangeran;Siaga;
Mojokerto;Dawar Blandong;Banyulegi;Aman;
Mojokerto;Dawar Blandong;Brayublandong;Siaga;
Mojokerto;Dawar Blandong;Cendoro;Aman;
Mojokerto;Dawar Blandong;Cinandang;Aman;
Mojokerto;Dawar Blandong;Dawarblandong;Aman;
Mojokerto;Dawar Blandong;Gunungan;Aman;
Mojokerto;Dawar Blandong;Gunungsari;Siaga;
Mojokerto;Dawar Blandong;Jatirowo;Aman;
Mojokerto;Dawar Blandong;Madureso;Waspada;
Mojokerto;Dawar Blandong;Pucuk;Aman;
Mojokerto;Dawar Blandong;Pulorejo;Aman;
Mojokerto;Dawar Blandong;Randegan;Siaga;
Mojokerto;Dawar Blandong;Simongagrok;Siaga;
Mojokerto;Dawar Blandong;Sumberwuluh;Aman;
Mojokerto;Dawar Blandong;Suru;Aman;
Mojokerto;Dawar Blandong;Talunblandong;Aman;
Mojokerto;Dawar Blandong;Temuireng;Siaga;
Jombang;Bandar Kedungmulyo;Bandar Kedungmulyo;Siaga;
Jombang;Bandar Kedungmulyo;Banjarsari;Waspada;
Jombang;Bandar Kedungmulyo;Barongsawahan;Siaga;
Jombang;Bandar Kedungmulyo;Brangkal;Siaga;
Jombang;Bandar Kedungmulyo;Brodot;Siaga;
Jombang;Bandar Kedungmulyo;Gondomanis;Siaga;
Jombang;Bandar Kedungmulyo;Karangdagangan;Siaga;
Jombang;Bandar Kedungmulyo;Kayen;Waspada;
Jombang;Bandar Kedungmulyo;Mojokambang;Siaga;
Jombang;Bandar Kedungmulyo;Pucangsimo;Siaga;
Jombang;Bandar Kedungmulyo;Tinggar;Siaga;
Jombang;Diwek;Balonbesuk;Siaga;
Jombang;Diwek;Kedawung;Siaga;
Jombang;Gudo;Begasur Kedaleman;Siaga;
Jombang;Gudo;Gempol Legundi;Siaga;
Jombang;Gudo;TanggunganKec Gudo Kab Jombang;Siaga;
Jombang;Jogoroto;Beji;Siaga;
Jombang;Jogoroto;Jarak Kulon;Siaga;
Jombang;Jombang;Banjarjowo;Siaga;
Jombang;Jombang;Ploso geneng;Waspada;
Jombang;Jombang;Sumberejo;Aman;
Jombang;Kudu;Ketemas;Siaga;
Jombang;Kudu;Kedungbanjar;Aman;
Jombang;Kudu;Da Sidokaton;Aman;
Jombang;Megaluh;Dukuh Arum;Siaga;
Jombang;Mojoagung;Miyagan;Aman;
Jombang;Ngusikan;Ketapangkungin;Siaga;
Jombang;Perak;Plosogenung;Siaga;
Jombang;Peterongan;Tugusumberejo;Aman;
Jombang;Plandaan;Jipurapah;Siaga;
Jombang;Plandaan;Sumberejo;Siaga;
Jombang;Ploso;Gdongombo;Siaga;
Jombang;Ploso;Jatigendong;Waspada;
Jombang;Ploso;Kedundowo;Siaga;
Jombang;Sumobito;Kedungpapar;Aman;
Jombang;Sumobito;Madiyopuro;Siaga;
Jombang;Tembelang;Gabusbenaran;Siaga;
Jombang;Wonosalam;Sumberejo;Siaga;
Surabaya;Asemrowo;Asemrowo;Siaga;
Surabaya;Asemrowo;Genting Kalianak;Siaga;
Surabaya;Asemrowo;Tambak Sarioso;Siaga;
Surabaya;Benowo;Tambak Osowilangun;Siaga;
Surabaya;Bubutan;GundihKec. Bubutan Kota Surabaya;Siaga;
Surabaya;Gubeng;Barata Jaya;Siaga;
Surabaya;Gubeng;Pucangsewu;Siaga;
Surabaya;Gunung Anyar;Gunungsari;Siaga;
Surabaya;Karang Pilang;Karangpilang;Siaga;
Surabaya;Karang Pilang;Warugunung;Waspada;
Surabaya;Kenjeran;Tambakwedi;Siaga;
Surabaya;Lakarsantri;Sumur Welut;Siaga;
Surabaya;Mulyorejo;Kejawan Putih Tambak;Siaga;
Surabaya;Pabean Cantikan;Bongkaran;Siaga;
Surabaya;Pabean Cantikan;Krembangan Utara;Siaga;
Surabaya;Pabean Cantikan;Nyamplungan;Siaga;
Surabaya;Pabean Cantikan;Perak Timur;Siaga;
Surabaya;Pabean Cantikan;Perak Utara;Siaga;
Surabaya;Pakal;PakalKec. Pakal Kota Surabaya;Waspada;
Surabaya;Pakal;Sumberejo;Siaga;
Surabaya;Rungkut;Kali Rungkut;Siaga;
Surabaya;Rungkut;Penjaringan Sari;Waspada;
Surabaya;Sambikerep;Bringin;Siaga;
Surabaya;Tambaksari;Kapas Madya;Waspada;
Surabaya;Tambaksari;Pacar Kembang;Siaga;
Surabaya;Tambaksari;Pacar Keling;Siaga;
Surabaya;Tegalsari;Dr. Sutomo;Siaga;
Surabaya;Tenggilis Mejoyo;Tenggiis Mejoyo;Waspada;
Surabaya;Wonocolo;Bandul Merisi;Siaga;
Surabaya;Wonokromo;Ngagelrejo;Siaga;
Bangkalan;Bangkalan;Pejagan (Pajagan);Siaga;
Bangkalan;Bangkalan;Keraton;Siaga;
Bangkalan;Bangkalan;Mertajasah;Siaga;
Bangkalan;Blega;Alasraja;Siaga;
Bangkalan;Blega;Blegaoloh;Siaga;
Bangkalan;Blega;Kajan;Siaga;
Bangkalan;Blega;Karangnangka;Siaga;
Bangkalan;Blega;Kojolan (Ko'olan);Siaga;
Bangkalan;Blega;Lombang Daya;Siaga;
Bangkalan;Blega;Nyor Manis (Nyormanes);Siaga;
Bangkalan;Blega;Pangeran Gedungan (Gadungan);Siaga;
Bangkalan;Burneh;Alas Kembang ;Siaga;
Bangkalan;Burneh;Benangkah;Siaga;
Bangkalan;Burneh;Tonjung (Tunjung);Siaga;
Bangkalan;Galis;Banyubunih;Siaga;
Bangkalan;Galis;Belateran (Blateran);Siaga;
Bangkalan;Galis;Lantek Temor ;Siaga;
Bangkalan;Galis;Pakaan Daya;Siaga;
Bangkalan;Galis;Telagah (Tlagah) ;Siaga;
Bangkalan;Geger;Banyoneng Dajah (Bayoneng);Siaga;
Bangkalan;Geger;Banyoneng Laok (Bayoneng);Siaga;
Bangkalan;Geger;Batobella (Batobelle);Siaga;
Bangkalan;Geger;Dabung (Debung);Siaga;
Bangkalan;Geger;Tagubang (Togubang);Siaga;
Bangkalan;Geger;Tegerpriyah (Tegarpriyah);Siaga;
Bangkalan;Kamal;Binajuh (Banyu Ajuh);Siaga;
Bangkalan;Kamal;Pendabah (Pendebeh);Siaga;
Bangkalan;Kamal;Tanjung Jati;Siaga;
Bangkalan;Kamal;Tellang (Telang);Siaga;
Bangkalan;Klampis;Bantean (Banteyan) ;Siaga;
Bangkalan;Klampis;Buluk Agung;Siaga;
Bangkalan;Klampis;Muarah (Moarah);Siaga;
Bangkalan;Klampis;Tenggun Daya;Siaga;
Bangkalan;Klampis;Tolbuk (Tolluk);Siaga;
Bangkalan;Kokop;Amparaan;Siaga;
Bangkalan;Kokop;Banda Soleh;Siaga;
Bangkalan;Kokop;Lembung Gunung/Gunong;Siaga;
Bangkalan;Konang;Cangkarman (Cangkareman);Siaga;
Bangkalan;Konang;Galis Daya/Dajah;Siaga;
Bangkalan;Konang;Kanegarah (Kanagereh);Siaga;
Bangkalan;Kwanyar;Gunong/Gunung Sereng;Siaga;
Bangkalan;Kwanyar;Karang Entang/Gentang;Siaga;
Bangkalan;Kwanyar;Pasanggrahan (Pesanggrahan);Siaga;
Bangkalan;Kwanyar;Sumur Kuning (Somor Koneng);Siaga;
Bangkalan;Labang;Bringin (Bringen);Siaga;
Bangkalan;Labang;Sendang Daya/Dajah;Siaga;
Bangkalan;Modung;Alaskokon;Siaga;
Bangkalan;Modung;Glisgis (Gligis);Siaga;
Bangkalan;Modung;Karanganyar;Siaga;
Bangkalan;Modung;Manggaan;Siaga;
Bangkalan;Modung;Patengteng;Siaga;
Bangkalan;Modung;Srabi/Serabi Barat;Siaga;
Bangkalan;Modung;Srabi/Serabi Timur;Siaga;
Bangkalan;Modung;Suwaan;Siaga;
Bangkalan;Sepulu;Gangseyan (Gengseyan);Siaga;
Bangkalan;Sepulu;Gunelap (Genelap);Siaga;
Bangkalan;Sepulu;Klapayan (Klapaian);Siaga;
Bangkalan;Sepulu;Tanah Gurah Barat (Tanagura Barat);Siaga;
Bangkalan;Sepulu;Tanah Gurah Temor (Tanagura Timur);Siaga;
Bangkalan;Socah;Sanggra/Sanggar Agung;Siaga;
Bangkalan;Tanah Merah;Tlomar (Tlomor);Siaga;
Bangkalan;Tanjungbumi;Aeng Tabar;Siaga;
Bangkalan;Tanjungbumi;Bandang Dayah;Siaga;
Bangkalan;Tanjungbumi;Banyu Sangkah;Siaga;
Bangkalan;Tanjungbumi;Bumi Anyar;Siaga;
Bangkalan;Tanjungbumi;Bungkeng;Siaga;
Bangkalan;Tanjungbumi;Larangan Timur;Siaga;
Bangkalan;Tanjungbumi;Macajah;Siaga;
Bangkalan;Tanjungbumi;Paseseh;Siaga;
Bangkalan;Tanjungbumi;Planggiran;Siaga;
Bangkalan;Tanjungbumi;Tagungguh;Siaga;
Bangkalan;Tanjungbumi;Tambak Pocok;Siaga;
Bangkalan;Tanjungbumi;Tanjung Bumi;Siaga;
Bangkalan;Tanjungbumi;Telaga/Tlaga Biru;Siaga;
Bangkalan;Tanjungbumi;Tlangoh;Siaga;
Bangkalan;Tragah;Banyu Beseh;Siaga;
Bangkalan;Tragah;Dukotambin;Siaga;
Bangkalan;Tragah;Jaah;Siaga;
Bangkalan;Tragah;Karang Leman/Lemen;Siaga;
Bangkalan;Tragah;Kemoneng (Kemoning);Siaga;
Bangkalan;Arosbaya;Glagah (Glagga);Siaga;
Nganjuk;LOCERET;Teken Glagahan;Siaga;
Nganjuk;NGANJUK;Ganungkidul;Siaga;
Nganjuk;NGANJUK;Cangkringan;Siaga;
Nganjuk;WILANGAN;Sukoharjo;Siaga;
Nganjuk;PRAMBON;Sonoageng;Siaga;
Nganjuk;LENGKONG;Banggle;Siaga;
Nganjuk;SUKOMORO;Sukomoro;Siaga;
Nganjuk;SUKOMORO;Nglundo;Siaga;
Nganjuk;SUKOMORO;Kedungsuko;Siaga;
Nganjuk;REJOSO;Sambirkerep;Siaga;
Nganjuk;GONDANG;Sumberejo;Siaga;
Nganjuk;GONDANG;Kedung Glugu;Siaga;
Nganjuk;GONDANG;Ngujung;Siaga;
Nganjuk;JATIKALEN;Gondangwetan;Siaga;
Nganjuk;JATIKALEN;Lumpang Kuwik;Siaga;
Nganjuk;JATIKALEN;Dluhurejo;Siaga;
Nganjuk;KERTOSONO;Juwono;Siaga;
Nganjuk;BAGOR;Karangtengah;Siaga;
Nganjuk;BAGOR;Kerep Kidul;Waspada;
Nganjuk;PACE;Pace Kulon;Siaga;
Madiun;KARTOHARJO;Pilang Bango;Siaga;
Madiun;KARTOHARJO;Tawang Rejo;Siaga;
Madiun;JIWAN;Metisih;Siaga;
Madiun;JIWAN;Kincangwetan;Siaga;
Madiun;SAWAHAN;Lebak Ayu;Siaga;
Madiun;MADIUN;Tangjungrejo;Siaga;
Madiun;WONOSARI;BAnyukambang;Siaga;
Madiun;WONOSARI;Bancong;Siaga;
Madiun;WONOSARI;Buduran;Siaga;
Madiun;WONOSARI;Jatirejo;Siaga;
Madiun;WONOSARI;Klitik;Siaga;
Madiun;WONOSARI;Ngadirejo;Siaga;
Madiun;WONOSARI;Plumpungrejo;Siaga;
Madiun;WONOSARI;Purwosari;Siaga;
Madiun;WONOSARI;Sidomulyo;Siaga;
Madiun;WONOSARI;Wonoasri;Siaga;
Madiun;DOLOPO;Mlirir;Siaga;
Madiun;KEBONSARI;Balerejo;Siaga;
Madiun;KEBONSARI;Bacem;Siaga;
Madiun;KEBONSARI;Kebon Sari;Waspada;
Madiun;KEBONSARI;Kedondong;Siaga;
Madiun;KEBONSARI;Krandegan;Siaga;
Madiun;KEBONSARI;Mojorejo;Siaga;
Madiun;KEBONSARI;Palur;Siaga;
Madiun;KEBONSARI;Pucanganom;Siaga;
Madiun;KEBONSARI;Rejosari;Siaga;
Madiun;KEBONSARI;Sidorejo;Siaga;
Madiun;KEBONSARI;Singgahan;Siaga;
Madiun;KEBONSARI;Sukorejo;Siaga;
Madiun;KEBONSARI;Tambakmas;Aman;
Madiun;KEBONSARI;Tanjungrejo;Siaga;
Gresik;Balongpanggang;gedungsekaran;Aman;
Gresik;Balongpanggang;Kedungpiring;Siaga;
Gresik;Benjeng;Balongtunjung;Siaga;
Gresik;Benjeng;Bangkelolor;Siaga;
Gresik;Benjeng;Gluranploso;Aman;
Gresik;Benjeng;Kedurungkem;Aman;
Gresik;Benjeng;Kedung Sekar;Aman;
Gresik;Benjeng;Sedapurklagen;Siaga;
Gresik;Bungah;Abar-abir;Aman;
Gresik;Bungah;Sukarejo;Siaga;
Gresik;Bungah;Tanjungwidoro;Siaga;
Gresik;Cerme;betting;Siaga;
Gresik;Cerme;Cagak Agung;Siaga;
Gresik;Cerme;Gedangkulut;Aman;
Gresik;Cerme;Iker-Iker Geger;Aman;
Gresik;Driyorejo;Kesambenwetan;Siaga;
Gresik;Driyorejo;Mojosarirejo;Siaga;
Gresik;Driyorejo;Wedaraanom;Siaga;
Gresik;Duduk Sampeyan;Ambeng-ambeng;Siaga;
Gresik;Duduk Sampeyan;watangrejo;Siaga;
Gresik;Duduk Sampeyan;Bendungan;Aman;
Gresik;Duduk Sampeyan;Duduk Sampeyan;Siaga;
Gresik;Duduk Sampeyan;Glanggang;Siaga;
Gresik;Duduk Sampeyan;Gredeg;Aman;
Gresik;Duduk Sampeyan;kandangan;Aman;
Gresik;Duduk Sampeyan;kawistowindu;Aman;
Gresik;Duduk Sampeyan;Kemudi;Aman;
Gresik;Duduk Sampeyan;Kramat Kulon;Siaga;
Gresik;Duduk Sampeyan;Palepon;Siaga;
Gresik;Duduk Sampeyan;Panjunan;Siaga;
Gresik;Duduk Sampeyan;Petisbenem;Aman;
Gresik;Duduk Sampeyan;Samirplapan;Siaga;
Gresik;Duduk Sampeyan;Setrohadi;Siaga;
Gresik;Duduk Sampeyan;Sumari;Siaga;
Gresik;Duduk Sampeyan;Sumengko;Siaga;
Gresik;Duduk Sampeyan;Tambakrejo;Siaga;
Gresik;Duduk Sampeyan;Tebaloan;Siaga;
Gresik;Duduk Sampeyan;Tirem;Siaga;
Gresik;Duduk Sampeyan;Tumapel;Siaga;
Gresik;Duduk Sampeyan;Wadak Kidul;Aman;
Gresik;Duduk Sampeyan;Wadak Kor;Aman;
Gresik;Dukun;Dukuhkembar;Aman;
Gresik;Dukun;Dukuanyar;Aman;
Gresik;Dukun;Gedongkedoang;Siaga;
Gresik;Dukun;Imaan;Aman;
Gresik;Dukun;Mojopentung;Aman;
Gresik;Dukun;Padangbandung;Aman;
Gresik;Dukun;Petiyintunggal;Siaga;
Gresik;Dukun;Tiremenggal;Aman;
Gresik;Gresik;Gapurosukolilo;Siaga;
Gresik;Gresik;Karangpoh;Siaga;
Gresik;Gresik;Karangturi;Siaga;
Gresik;Gresik;Sidokumpul;Siaga;
Gresik;Gresik;Tlogopatut;Siaga;
Gresik;Gresik;Tlogopojok;Siaga;
Gresik;Kebomas;Karangkering;Aman;
Gresik;Kebomas;Kedanyang;Siaga;
Gresik;Kebomas;kawisanyar;Siaga;
Gresik;Kedamean;Belahan Rejo;Aman;
Gresik;Kedamean;cermenlerek;Aman;
Gresik;Kedamean;Kedamaian;Aman;
Gresik;Kedamean;Sidoharjo;Siaga;
Gresik;Manyar;Manyar Sidokmukti;Siaga;
Gresik;Manyar;Peganden;Waspada;
Gresik;Manyar;Ponganggan;Siaga;
Gresik;Manyar;Yosowilangon;Waspada;
Gresik;Manyar;Manyarrejo;Siaga;
Gresik;Menganti;Palemwatu;Siaga;
Gresik;Menganti;Putat Lor;Siaga;
Gresik;Sangkapura;Deketagung;Aman;
Gresik;Sangkapura;Kebuntelukdalam;Aman;
Gresik;Sangkapura;Pudakit Barat;Aman;
Gresik;Sangkapura;Pudakit Timur;Aman;
Gresik;Sedayu;Asempapak;Aman;
Gresik;Sedayu;Bunderan;Aman;
Gresik;Sedayu;Gedangan;Aman;
Gresik;Sedayu;Golokan;Siaga;
Gresik;Sedayu;Kauman;Aman;
Gresik;Sedayu;Kertosono;Aman;
Gresik;Sedayu;Lasem;Siaga;
Gresik;Sedayu;Mriyunan;Aman;
Gresik;Sedayu;Ngawen;Aman;
Gresik;Sedayu;Pengulu;Aman;
Gresik;Sedayu;Purwodadi;Aman;
Gresik;Sedayu;Raci;Siaga;
Gresik;Sedayu;Raci Tengah;Siaga;
Gresik;Sedayu;Randuboto;Aman;
Gresik;Sedayu;Sambi Pondok;Aman;
Gresik;Sedayu;Sedagaran;Siaga;
Gresik;Sedayu;Sidomulyo;Aman;
Gresik;Sedayu;Srowo;Aman;
Gresik;Sedayu;Sukorejo;Aman;
Gresik;Sedayu;Wadeng;Siaga;
Gresik;Sedayu;Mojo Asem;Aman;
Gresik;Tambak;Kelompanggubug;Aman;
Gresik;Tambak;Tanjunggori;Siaga;
Gresik;Ujung Pangkah;Banyuurip;Aman;
Gresik;Ujung Pangkah;Bolo;Siaga;
Gresik;Ujung Pangkah;Cangaan;Siaga;
Gresik;Ujung Pangkah;Glatik;Aman;
Gresik;Ujung Pangkah;Gosari;Aman;
Gresik;Ujung Pangkah;Karangrejo;Siaga;
Gresik;Ujung Pangkah;Kebonagung;Siaga;
Gresik;Ujung Pangkah;Ketapang Lor;Siaga;
Gresik;Ujung Pangkah;Ngemboh;Siaga;
Gresik;Ujung Pangkah;Pangkahkulon;Siaga;
Gresik;Ujung Pangkah;Pangkahwetan;Siaga;
Gresik;Ujung Pangkah;Sekapuk;Siaga;
Gresik;Ujung Pangkah;Tanjangawan;Siaga;
Gresik;Wringinanom;Pasinan Lemah Putih;Siaga;
Lamongan;Babat;Gendong kulon;Aman;
Lamongan;Babat;Karang Kembang;Siaga;
Lamongan;Bluluk;Songowereng;Aman;
Lamongan;Brondong;Labuhan Kec. ;Siaga;
Lamongan;Brondong;Sedayu Lawas;Siaga;
Lamongan;Deket;Deket Kulon;Siaga;
Lamongan;Deket;Deket Wetan;Siaga;
Lamongan;Deket;Pandan Pancur;Siaga;
Lamongan;Glagah;Bapuh Baru;Siaga;
Lamongan;Glagah;Duduk Lor;Siaga;
Lamongan;Glagah;Dukuh tunggal;Siaga;
Lamongan;Glagah;Gempol Pendowo;Siaga;
Lamongan;Glagah;Pangggang;Aman;
Lamongan;Kalitengah;Pengansalan;Siaga;
Lamongan;Karangbinangun;Karangbingangun;Siaga;
Lamongan;Karanggeneng;Dwaa Latukan;Aman;
Lamongan;Kedungpring;Dradah Blumbang;Siaga;
Lamongan;Kedungpring;Des Gunungrejo;Siaga;
Lamongan;Laren;Mojo asem;Siaga;
Lamongan;Laren;Taman Prijek;Siaga;
Lamongan;Mantup;Tunggujagir;Aman;
Lamongan;Ngimbang;Ganggantingan;Aman;
Lamongan;Ngimbang;Ngasem lamhbang;Aman;
Lamongan;Paciran;Kandang semangkon;Siaga;
Lamongan;Paciran;Des Tunggul;Aman;
Lamongan;Sambeng;Patihan;Siaga;
Lamongan;Sekaran;Kebalan kulon;Siaga;
Lamongan;Sekaran;Sungageneng;Siaga;
Lamongan;Sugio;Lawangan agung;Aman;
Lamongan;Sugio;Lebak adi;Aman;
Lamongan;Sugio;Sekar bagus;Siaga;
Lamongan;Sukodadi;Balungtawun;Siaga;
Malang;Bantur;Pringgodani;Waspada;
Malang;Dampit;Amadanom;Waspada;
Malang;Poncokusumo;Gubukklakah;Waspada;
Malang;Poncokusumo;Poncokusomo;Aman;
Malang;Turen;Gedong Kulon;Waspada;
Malang;Turen;Gedong Wetan;Waspada;
Malang;Gondanglegi;Urek-Urek;Waspada;
Malang;Sumberpucung;Ngebruk;Waspada;
Malang;Pakisaji;Glanggang;Aman;
Malang;Tajinan;Tambakasri;Siaga;
Malang;Tumpang;Duwet Krajan;Aman;
Malang;Jabung;Gunung Jati;Aman;
Malang;Singosari;Lang-Lang;Aman;
Malang;Singosari;Tamanharjo;Waspada;
Malang;Karangploso;Ampeldento;Aman;
Malang;Karangploso;Bocek;Waspada;
Malang;Karangploso;Donowarih;Waspada;
Malang;Karangploso;Girimoyo;Waspada;
Malang;Karangploso;Kepuharjo;Waspada;
Malang;Karangploso;Ngenep;Waspada;
Malang;Karangploso;Ngijo;Waspada;
Malang;Karangploso;Tawangargo;Waspada;
Malang;Karangploso;Tegalgondo;Waspada;
Tulungagung;Bandung;Talunkulon;Aman;
Tulungagung;Besuki;Siyotobagus;Aman;
Tulungagung;Campur Darat;Campur Darat;Aman;
Tulungagung;Campur Darat;Gamping;Aman;
Tulungagung;Campur Darat;Gedangan;Aman;
Tulungagung;Campur Darat;Ngentrong;Aman;
Tulungagung;Campur Darat;Pelem;Aman;
Tulungagung;Campur Darat;Pojok;Siaga;
Tulungagung;Campur Darat;Sawo;Aman;
Tulungagung;Campur Darat;Tanggung;Aman;
Tulungagung;Campur Darat;Wates;Aman;
Tulungagung;Kalidawir;Kalidawir Kab. Tulungagung;Aman;
Tulungagung;Kalidawir;Salak Kembang;Aman;
Tulungagung;Kalidawir;Winong Kulon;Aman;
Tulungagung;Ngunut;Karangsosno;Aman;
Tulungagung;Ngunut;Gilang Kulon;Aman;
Tulungagung;Pagerwojo;Krandinan;Aman;
Tulungagung;Pagerwojo;Molyosari;Aman;
Tulungagung;Pagerwojo;Sidomuyo;Siaga;
Tulungagung;Pucanglaban;Kaligawe;Aman;
Tulungagung;Pucanglaban;sumberadadap;Aman;
Tulungagung;Rejotangan;Aryojeding;Aman;
Tulungagung;Sumbergempol;Doro Ampel;Aman;
Tulungagung;Tanggung Gunung;Jengglungharjo;Aman;
Tulungagung;Tanggung Gunung;Kresikan;Aman;
Tulungagung;Tanggung Gunung;Ngepoh;Siaga;
Tulungagung;Tanggung Gunung;Ngrejo;Aman;
Tulungagung;Tanggung Gunung;Pakisrejo;Aman;
Tulungagung;Tanggung Gunung;Tanggunggunung;Aman;
Tulungagung;Tanggung Gunung;Tenggarejo;Aman;
Tulungagung;Tulungagung;Tretek;Aman;
Kediri;Kota;Kampungdalem;Siaga;
Kediri;Kota;Setono Gedong;Aman;
Kediri;Kota;Setono Pande;Aman;
Kediri;Mojoroto;Banjarmlati;Waspada;
Kediri;Pesantren;Keluraha Singonegaran;Waspada;
Kediri;Pesantren;Tempurejo;Waspada;
Magetan;Karangrejo;Gebyok;Aman;
Magetan;Kartoharjo;Bayem Taman;Aman;
Magetan;Kartoharjo;Bayem Wetan;Aman;
Magetan;Nguntoronadi;Gorang-Gareng;Aman;
Magetan;Parang;Joketro;Aman;
Batu;Batu;Sidomuyo;Aman;
Batu;Bumiaji;Sumber Brantas;Aman;
Malang;Klojen;Gadingasri;Siaga;
Malang;Klojen;Kidul Dalem;Siaga;
Malang;Klojen;Oro Oro Dowo;Siaga;
Malang;Klojen;Rampal Celaket;Siaga;
Malang;Lowokwaru;Tasikmadu;Siaga;
Ngawi;Bringin;Kenongrejo;Aman;
Ngawi;Bringin;Lego Wetan;Aman;
Ngawi;Geneng;Kenitren;Aman;
Ngawi;Geneng;Keras Wetan;Aman;
Ngawi;Gerih;Keras Kulon;Aman;
Ngawi;Karangjati;Campur Sari;Siaga;
Ngawi;Karangjati;Ploso Lor;Aman;
Ngawi;Karangjati;Ringin Anom;Aman;
Ngawi;Kasreman;Kiyonten;Aman;
Ngawi;Kasreman;Lego Kulon;Aman;
Ngawi;Kedunggalar;Pelang Kidul;Aman;
Ngawi;Kedunggalar;Pelang Lor;Aman;
Ngawi;Kwadungan;Warukalong;Siaga;
Ngawi;Ngawi;Karang Asri;Siaga;
Ngawi;Ngawi;Karangtengah Kota;Aman;
Ngawi;Ngrambe;Samberejo;Aman;
Ngawi;Pangkur;Waruk Tengah;Aman;
Tuban;Palang;Panyuran;Siaga;
Bojonegoro;Balen;Kedungbondo;Aman;
Bojonegoro;Balen;Mengkawis;Aman;
Bojonegoro;Balen;Sarisejo;Aman;
Bojonegoro;Balen;Swaloh;Aman;
Bojonegoro;Baureno;Pucangarum;Aman;
Bojonegoro;Baureno;Sumberagung;Aman;
Bojonegoro;Bojonegoro;Banjarejo;Aman;
Bojonegoro;Dander;Sumodikaran;Aman;
Bojonegoro;Kalitidu;Ngringinrejo;Aman;
Bojonegoro;Kanor;Cangakan;Aman;
Bojonegoro;Kapas;Padang Mentoyo;Aman;
Bojonegoro;Kasiman;Besah;Aman;
Bojonegoro;Kedewan;Kadewan;Aman;
Bojonegoro;kedungadem;Kec Kedungadem Kab BojonegoroSidorejo;Aman;
Bojonegoro;kepohbaru;Sidonganti;Aman;
Bojonegoro;kepohbaru;Sumberoto;Aman;
Bojonegoro;ngasem;Dukoh Kidul;Aman;
Bojonegoro;padangan;Kuncan;Aman;
Bojonegoro;padangan;Ngasiman;Aman;
Bojonegoro;sukosewu;Semen Kidul;Aman;
Bojonegoro;sukosewu;Sumberjo Kidul;Aman;
Bojonegoro;sumberrejo;Banjarjo;Aman;
Bojonegoro;sumberrejo;Bogangin;Aman;
Bojonegoro;sumberrejo;Butoh;Aman;
Bojonegoro;sumberrejo;Deru;Aman;
Bojonegoro;sumberrejo;Jatigede;Aman;
Bojonegoro;sumberrejo;Karangdinoyo;Aman;
Bojonegoro;sumberrejo;Karangdowo;Aman;
Bojonegoro;sumberrejo;Kayulemah;Aman;
Bojonegoro;sumberrejo;Kedungrejo;Aman;
Bojonegoro;sumberrejo;Margoagung;Aman;
Bojonegoro;sumberrejo;Mejuwet;Aman;
Bojonegoro;sumberrejo;Mlinjeng;Aman;
Bojonegoro;sumberrejo;Ngampal;Aman;
Bojonegoro;sumberrejo;Pejambon;Aman;
Bojonegoro;sumberrejo;Pekuwon;Aman;
Bojonegoro;sumberrejo;Prayungan;Siaga;
Bojonegoro;sumberrejo;Sambongrejo;Aman;
Bojonegoro;sumberrejo;Sendangagung;Aman;
Bojonegoro;sumberrejo;Sumberharjo;Aman;
Bojonegoro;sumberrejo;Sumberejo;Siaga;
Bojonegoro;sumberrejo;Sumuragung;Aman;
Bojonegoro;sumberrejo;Talun;Aman;
Bojonegoro;sumberrejo;Teleng;Aman;
Bojonegoro;sumberrejo;Tlogohaji;Aman;
Bojonegoro;sumberrejo;Tulungrejo;Aman;
Bojonegoro;sumberrejo;Wotan;Aman;
Sampang;Banyuates;Nepa Olor;Siaga;
Sampang;Banyuates;PlanggaranBarat;Siaga;
Sampang;Camplong;Anggarsek;Siaga;
Sampang;Camplong;Sejati Taddan;Siaga;
Sampang;Kedungdung;Batoporoh Timur;Siaga;
Sampang;Kedungdung;Pelenggian;Siaga;
Sampang;Kedungdung;Pesarenan;Waspada;
Sampang;Ketapang;Karang Anyar;Siaga;
Sampang;Ketapang;Rabiyen;Siaga;
Sampang;Omben;Kebon Sareh;Siaga;
Sampang;Sampang;Aeng Sareh;Siaga;
Sampang;Sampang;Kamoning;Siaga;
Sampang;Sampang;Pulau Mandangin;Siaga;
Sampang;Sampang;Karang Dalem;Waspada;
Sampang;Sampang;Rong Tengah;Bahaya;
Pacitan;Donorejo;Belah;Aman;
Pacitan;Donorejo;Cemeng;Siaga;
Pacitan;Donorejo;Donorejo;Aman;
Pacitan;Donorejo;Gedompol;Aman;
Pacitan;Donorejo;Gendaran;Aman;
Pacitan;Donorejo;Kalak;Aman;
Pacitan;Donorejo;Klepu;Aman;
Pacitan;Donorejo;Sawahan;Aman;
Pacitan;Donorejo;Sekar;Aman;
Pacitan;Donorejo;Sendang;Aman;
Pacitan;Donorejo;Sukodono;Aman;
Pacitan;Donorejo;Widoro;Aman;
Pacitan;Pacitan;Pucungsewu;Aman;
Pacitan;Pacitan;Purworjo;Aman;
Pacitan;Pacitan;Semantren;Aman;
Pacitan;Punung;Sooko;Aman;
Pacitan;Punung;Wareg;Aman;
Pacitan;Sudimoro;Sukoharjo;Aman;
Jember;Ambulu;Karang Anyar;Siaga;
Jember;Arjasa;Kemuning Lor;Siaga;
Jember;Balung;Balung Kidul;Siaga;
Jember;Balung;Balung Kulon;Siaga;
Jember;Balung;Balung Lor;Siaga;
Jember;Jenggawah;Kemuningsari Kidul;Siaga;
Jember;Kaliwates;Jember Kidul;Siaga;
Jember;Kaliwates;Kebon Agung;Siaga;
Jember;Kaliwates;Tegal Besar;Siaga;
Jember;Panti;Kemuningsari Lor;Siaga;
Jember;Puger;Puger Kulon;Siaga;
Jember;Puger;Puger Wetan;Siaga;
Jember;Sukowono;Balet Baru;Siaga;
Jember;Tanggul;Tanggul Kulon;Siaga;
Jember;Tanggul;Tanggul Wetan;Siaga;
Ponorogo;Balong;Bulukidul;Aman;
Ponorogo;Jetis;Kutukulon;Aman;
Ponorogo;Jetis;Kutuwetan;Aman;
Ponorogo;Ngebel;Wagirlor;Aman;
Ponorogo;Ngrayun;Baosankidul;Aman;
Ponorogo;Ngrayun;Baosanlor;Aman;
Ponorogo;Pudak;Banjarjo;Aman;
Ponorogo;Pudak;Pudakkulon;Siaga;
Ponorogo;Pudak;Pudakwetan;Aman;
Ponorogo;Pulung;Wagirkidul;Aman;
Ponorogo;Sawoo;Tumpakpelem;Aman;
Ponorogo;Sukorejo;Gelanglor;Siaga;
Ponorogo;Sukorejo;Karanglolor;Aman;
Lumajang;Lumajang;Ditrotunan;Aman;
Lumajang;Candipuro;Sumberwuluh;Aman;
Lumajang;Candipuro;Sumbermujur;Aman;
Lumajang;Candipuro;Kloposawit;Aman;
Lumajang;Pasirian;Selok Awar-awar;Aman;
Lumajang;Randuagung;Ledok Tempuro;Aman;
Lumajang;Randuagung;Pejarakan;Aman;
Lumajang;Randuagung;Ranu Wurung;Aman;
Lumajang;Ranuyoso;Ranu Bedali;Aman;
Lumajang;Senduro;Bedayu Talang;Aman;
Lumajang;Senduro;Wonocempokoayu;Aman;
Lumajang;Senduro;Ranupane;Aman;
Lumajang;Sukodono;Selok Besuki;Aman;
Lumajang;Sukodono;Selok Gondang;Aman;
Trenggalek;PANGGUL;Krambingan;Siaga;
Trenggalek;DONGKO;Ngerdasi;Siaga;
Trenggalek;DONGKO;Salam Wates;Siaga;
Trenggalek;DONGKO;Sumber Bening;Siaga;
Trenggalek;KARANGAN;Suko Wetan;Siaga;
Trenggalek;BENDUNGAN;Suren Lor;Siaga;
Sumenep;Ambunten;Tambak Agung Ares;Aman;
Sumenep;Ambunten;Tambak Agung Barat;Aman;
Sumenep;Ambunten;Tambak Agung Timur;Aman;
Sumenep;Ambunten;Tambak Agung Tengah;Aman;
Sumenep;Arjasa;Gellaman;Aman;
Sumenep;Arjasa;Kalianyar;Aman;
Sumenep;Arjasa;LaoJangjang;Aman;
Sumenep;Arjasa;Pabiyan;Aman;
Sumenep;Arjasa;Sawa Timur;Aman;
Sumenep;Arjasa;Sumber Nangka;Aman;
Sumenep;Batang-Batang;Banuaju Barat;Aman;
Sumenep;Batang-Batang;Banuaju Timur;Aman;
Sumenep;Batang-Batang;Batang-batang Daja;Aman;
Sumenep;Batang-Batang;Batang-batang Laok;Aman;
Sumenep;Batang-Batang;Bilangan;Aman;
Sumenep;Batang-Batang;Dapenda;Aman;
Sumenep;Batang-Batang;Janagger;Aman;
Sumenep;Batang-Batang;Jangkong;Aman;
Sumenep;Batang-Batang;Kolpo;Aman;
Sumenep;Batang-Batang;LegunBarat;Aman;
Sumenep;Batang-Batang;LegunTimur;Aman;
Sumenep;Batang-Batang;Lombang;Aman;
Sumenep;Batang-Batang;Nyabakan Barat;Aman;
Sumenep;Batang-Batang;Nyabakan Timur;Aman;
Sumenep;Batang-Batang;Tamidung;Aman;
Sumenep;Batang-Batang;Totosan;Aman;
Sumenep;Batuputih;Aeng Merah;Aman;
Sumenep;Batuputih;Juruwan Daja;Aman;
Sumenep;Batuputih;Juruwan Laok;Aman;
Sumenep;Batuan;Galugur;Aman;
Sumenep;Bluto;Aengbaja Kenek;Aman;
Sumenep;Bluto;Aengbaja Raja;Aman;
Sumenep;Bluto;Aengdake;Aman;
Sumenep;Bluto;Bungbungan;Aman;
Sumenep;Bluto;Ging-ging;Aman;
Sumenep;Bluto;Guluk Majung;Aman;
Sumenep;Bluto;Karang Cempaka;Aman;
Sumenep;Dasuk;Batubella Barat;Aman;
Sumenep;Dasuk;Batubella Timur;Aman;
Sumenep;Dasuk;Brengin;Aman;
Sumenep;Dasuk;Ellak Laok;Aman;
Sumenep;Dasuk;Sema'an;Aman;
Sumenep;Dungkek;LapaDaja;Aman;
Sumenep;Dungkek;LapLaok;Aman;
Sumenep;Dungkek;LapaTaman;Aman;
Sumenep;Dungkek;RombenBarat;Aman;
Sumenep;Dungkek;RombenGuna;Aman;
Sumenep;Dungkek;Rombea Rana;Aman;
Sumenep;Dungkek;TamanSareh;Aman;
Sumenep;Ganding;rRombiya Timur;Aman;
Sumenep;Gapura;Batu Dinding;Aman;
Sumenep;Gapura;Grujukan;Aman;
Sumenep;Gapura;Karang Buddi;Aman;
Sumenep;Gapura;Panangan;Aman;
Sumenep;Gayam;Geddang Barat;Aman;
Sumenep;Gayam;Gendang Tengah;Aman;
Sumenep;Gayam;Kaloang;Aman;
Sumenep;Giligenting;Aeng Anyar;Aman;
Sumenep;Giligenting;Banbaru;Aman;
Sumenep;Giligenting;Banmaleng;Aman;
Sumenep;Giligenting;Bringsang;Aman;
Sumenep;Giligenting;Galis;Aman;
Sumenep;Giligenting;Gedungan;Aman;
Sumenep;Giligenting;Jate;Aman;
Sumenep;Giligenting;Lombang;Aman;
Sumenep;Guluk-guluk;Bakeyong;Aman;
Sumenep;Guluk-guluk;Baragung;Aman;
Sumenep;Guluk-guluk;Pajuddan Daleman;Aman;
Sumenep;Guluk-guluk;Pajuddan Dundang;Aman;
Sumenep;Guluk-guluk;Pajuddan Karang Sokon;Aman;
Sumenep;Guluk-guluk;Pajuddan Nangger;Aman;
Sumenep;Kalianget;KaliangetTimur;Aman;
Sumenep;Kalianget;Kalimo'ok;Aman;
Sumenep;Kalianget;Kartasada;Aman;
Sumenep;Kalianget;Pinggir Papas;Aman;
Sumenep;Kangayan;Cangkraman;Aman;
Sumenep;Kangayan;Dandung;Aman;
Sumenep;Kangayan;Saubi;Aman;
Sumenep;Kangayan;TimurJangjang;Aman;
Sumenep;Kota Sumenep;Kebonagong;Aman;
Sumenep;Lenteng;Banarese Barat;Aman;
Sumenep;Lenteng;Banarese Timur;Aman;
Sumenep;Lenteng;Bilapora Reba;Aman;
Sumenep;Lenteng;Daramesta;Aman;
Sumenep;Lenteng;Sender;Aman;
Sumenep;Lenteng;Tarongan;Aman;
Sumenep;Manding;Gading;Aman;
Sumenep;Manding;GunungKembar;Aman;
Sumenep;Manding;Tenunan;Aman;
Sumenep;Masalembu;Masa Kambing;Aman;
Sumenep;Masalembu;Suka Jeruk;Aman;
Sumenep;Nonggunong;Sokarame Paseser;Aman;
Sumenep;Nonggunong;Sokarame Timur;Aman;
Sumenep;Nonggunong;Sumber;Aman;
Sumenep;Nonggunong;Tana Merah;Aman;
Sumenep;Pasongsongan;Sodara;Aman;
Sumenep;Pragaan;Larangn aPerreng;Aman;
Sumenep;Pragaan;Sentol Lao';Aman;
Sumenep;Ra'as;Alasmalang;Aman;
Sumenep;Ra'as;Gua-gua;Aman;
Sumenep;Ra'as;Karang nangka;Aman;
Sumenep;Ra'as;Ketupak;Aman;
Sumenep;Ra'as;Kropak;Aman;
Sumenep;Ra'as;Poterran;Aman;
Sumenep;Rubaru;Basoke;Aman;
Sumenep;Rubaru;Bun Barat;Aman;
Sumenep;Rubaru;Tambak Sari;Aman;
Sumenep;Sapeken;Pagerrungan Besar;Aman;
Sumenep;Sapeken;Pagerrungan Kecil;Aman;
Sumenep;Sapeken;Paleyat;Aman;
Sumenep;Sapeken;Sase'er;Aman;
Sumenep;Sapeken;Saunter;Aman;
Sumenep;Sapeken;SauSaebu;Aman;
Sumenep;Sapeken;Sepeken;Aman;
Sumenep;Saronggi;AenTong-tong;Aman;
Sumenep;Saronggi;Muangan;Aman;
Sumenep;Saronggi;Pagarbatu;Aman;
Sumenep;Saronggi;Talango;Aman;
Sumenep;Talango;Jaba'an;Aman;
Sumenep;Talango;Marengan Palasa;Aman;
Pamekasan;Batu Marmar;Bangserreh;Aman;
Pamekasan;Batu Marmar;Batu Bintang;Aman;
Pamekasan;Batu Marmar;Blaban;Aman;
Pamekasan;Batu Marmar;Bujur Barat;Aman;
Pamekasan;Batu Marmar;Bujur Tengah;Aman;
Pamekasan;Batu Marmar;Bujur Timur;Aman;
Pamekasan;Batu Marmar;Kapong;Aman;
Pamekasan;Batu Marmar;Lessong Daja;Aman;
Pamekasan;Batu Marmar;Lessong Laok;Aman;
Pamekasan;Batu Marmar;Pangerreman;Aman;
Pamekasan;Batu Marmar;Ponjanan Barat;Aman;
Pamekasan;Batu Marmar;Ponjanan Timur;Aman;
Pamekasan;Batu Marmar;Tamberu;Aman;
Pamekasan;Kadur;Sokalelah;Aman;
Pamekasan;Pakong;Ban-ban;Aman;
Pamekasan;Pakong;Cen Lecen;Aman;
Pamekasan;Pasean;Batokerbuy;Aman;
Pamekasan;Pasean;Tlontoraja;Aman;
Pamekasan;Palenggaan;Palenggaan Laok;Aman;
Pamekasan;Palenggaan;Palenggaan Dajah;Aman;
Pamekasan;Palenggaan;Pana'an;Aman;
Pamekasan;Palenggaan;Potoan Laok;Aman;
Pamekasan;Palenggaan;Potoan Dajah;Aman;
Pamekasan;Pamekasan;Nyalabu Daya;Aman;
Pamekasan;Pamekasan;Gladak Anyar;Aman;
Pamekasan;Proppo;Batokalangan;Aman;
Pamekasan;Proppo;Karanganyar;Aman;
Pamekasan;Proppo;Panagguan;Aman;
Pamekasan;Proppo;Tlangoh;Aman;
Pasuruan;Bugul Kidul;Tapaan;Aman;
Pasuruan;Panggungrejo;Tambaan;Waspada;
Pasuruan;Bangil;Kidul Dalem;Siaga;
Pasuruan;Beji;Cangkring Malang;Siaga;
Pasuruan;Beji;Gunung Sari;Siaga;
Pasuruan;Beji;Kedung Boto;Siaga;
Pasuruan;Beji;Kedung Ringin;Siaga;
Pasuruan;Gempol;Sumber Suko;Aman;
Pasuruan;Gondang Wetan;Bajangan;Aman;
Pasuruan;Gondang Wetan;Bayeman;Aman;
Pasuruan;Gondang Wetan;Brambang;Aman;
Pasuruan;Gondang Wetan;Gayam;Aman;
Pasuruan;Gondang Wetan;Gondang Rejo;Aman;
Pasuruan;Gondang Wetan;Gondang Wetan;Siaga;
Pasuruan;Gondang Wetan;Grogol;Aman;
Pasuruan;Gondang Wetan;Kali Rejo;Aman;
Pasuruan;Gondang Wetan;Karang Sentul;Siaga;
Pasuruan;Gondang Wetan;Kebon Candi;Siaga;
Pasuruan;Gondang Wetan;Kersikan;Siaga;
Pasuruan;Gondang Wetan;Lajuk;Aman;
Pasuruan;Gondang Wetan;Pateguhan;Aman;
Pasuruan;Gondang Wetan;Pekangkungan;Aman;
Pasuruan;Gondang Wetan;Ranggeh;Siaga;
Pasuruan;Gondang Wetan;Sekar Putih;Aman;
Pasuruan;Gondang Wetan;Tebas;Aman;
Pasuruan;Gondang Wetan;Tenggilis Rejo;Aman;
Pasuruan;Gondang Wetan;Wonojati;Aman;
Pasuruan;Gondang Wetan;Wonosari;Aman;
Pasuruan;Grati;Cukur Gondang;Siaga;
Pasuruan;Grati;Grati Tunon;Aman;
Pasuruan;Grati;Kambingan Rejo;Siaga;
Pasuruan;Grati;Karang Kliwon;Siaga;
Pasuruan;Grati;Karang Lo;Siaga;
Pasuruan;Grati;Kebon Rejo;Siaga;
Pasuruan;Grati;Kedawung Kulon;Siaga;
Pasuruan;Grati;Kedawung Wetan;Siaga;
Pasuruan;Grati;Ranu Klindungan;Aman;
Pasuruan;Grati;Sumber Agung;Aman;
Pasuruan;Grati;Sumber Dawesari;Siaga;
Pasuruan;Kejayan;Coban Joyo;Siaga;
Pasuruan;Kejayan;Kedung Pengaron;Aman;
Pasuruan;Kejayan;Ketangi Rejo (Kangirejo);Siaga;
Pasuruan;Kejayan;Randu Gong;Aman;
Pasuruan;Kejayan;Tundo Soro;Aman;
Pasuruan;Kejayan;Wangkal Wetan;Siaga;
Pasuruan;Kraton;Asemkandang;Aman;
Pasuruan;Kraton;Curah Dukuh;Aman;
Pasuruan;Kraton;Gambir Kuning;Siaga;
Pasuruan;Kraton;Karang Anyar;Aman;
Pasuruan;Kraton;Klampis Rejo;Aman;
Pasuruan;Kraton;Mulyo Rejo;Aman;
Pasuruan;Kraton;Tambakrejo;Siaga;
Pasuruan;Lekok;Balung Anyar;Waspada;
Pasuruan;Lekok;Gejug Jati;Siaga;
Pasuruan;Lekok;Rowo Gempol;Siaga;
Pasuruan;Lekok;Tambak Lekok;Siaga;
Pasuruan;Lumbang;Bulukandang;Aman;
Pasuruan;Lumbang;Cukurguling;Siaga;
Pasuruan;Lumbang;Watulumbung;Siaga;
Pasuruan;Nguling;Dandang Gendis;Siaga;
Pasuruan;Nguling;Sang Anom;Siaga;
Pasuruan;Nguling;Sumber Anyar;Siaga;
Pasuruan;Nguling;Wates Tani;Siaga;
Pasuruan;Nguling;Wot Galih;Siaga;
Pasuruan;Pandaan;Banjar Kejen;Aman;
Pasuruan;Pandaan;Karang Jati;Siaga;
Pasuruan;Pandaan;Kebon Waris;Aman;
Pasuruan;Pandaan;Kemiri Sewu;Siaga;
Pasuruan;Pandaan;Sumber Gedang;Siaga;
Pasuruan;Pandaan;Sumber Rejo;Aman;
Pasuruan;Pandaan;Tawang Rejo;Aman;
Pasuruan;Pandaan;Tunggul Wulung;Aman;
Pasuruan;Pasrepan;Ampelsari;Waspada;
Pasuruan;Pasrepan;Poh Gading;Aman;
Pasuruan;Pasrepan;Poh Gedang;Aman;
Pasuruan;Pasrepan;Tambakrejo;Siaga;
Pasuruan;Pohjentrek;Paras Rejo;Aman;
Pasuruan;Pohjentrek;Sungi Kulon;Aman;
Pasuruan;Pohjentrek;Sungi Wetan;Aman;
Pasuruan;Pohjentrek;Warung Dowo;Siaga;
Pasuruan;Prigen;Candi Wates;Siaga;
Pasuruan;Prigen;Lumbang Rejo;Siaga;
Pasuruan;Purwodadi;Dawuhan Sengon;Aman;
Pasuruan;Purwodadi;Gajah Rejo;Aman;
Pasuruan;Purwosari;Karang Rejo;Aman;
Pasuruan;Purwosari;Pucangsari;Siaga;
Pasuruan;Purwosari;Sekar Mojo;Siaga;
Pasuruan;Purwosari;Sengon Agung;Waspada;
Pasuruan;Purwosari;Sumber Rejo;Aman;
Pasuruan;Purwosari;Sumber Suko;Siaga;
Pasuruan;Puspo;Jangjangwulung;Aman;
Pasuruan;Puspo;Palang Sari;Siaga;
Pasuruan;Rejoso;Karang Pandan;Aman;
Pasuruan;Rejoso;Kawis Rejo;Aman;
Pasuruan;Rejoso;Kedung Bako;Aman;
Pasuruan;Rejoso;Manik Rejo;Aman;
Pasuruan;Rejoso;Pandan Rejo;Aman;
Pasuruan;Rejoso;Patuguran;Aman;
Pasuruan;Rejoso;Rejosolor;Aman;
Pasuruan;Rejoso;Sadeng Rejo;Aman;
Pasuruan;Rejoso;Segoro Puro;Aman;
Pasuruan;Rembang;Geneng Waru;Aman;
Pasuruan;Rembang;Oroombo Kulon;Aman;
Pasuruan;Rembang;Oroombo Wetan;Aman;
Pasuruan;Rembang;Sumber Glagah;Aman;
Pasuruan;Sukorejo;Candi Binangun;Siaga;
Pasuruan;Sukorejo;Curah Rejo;Aman;
Pasuruan;Sukorejo;Dukuh Sari;Aman;
Pasuruan;Sukorejo;Glagah Sari;Aman;
Pasuruan;Tutur;Kali Pucang;Aman;
Pasuruan;Winongan;Kedung Rejo;Aman;
Pasuruan;Winongan;Sumber Rejo;Aman;
Pasuruan;Wonorejo;Coban Blimbing;Siaga;
Pasuruan;Wonorejo;Karang Asem;Siaga;
Pasuruan;Wonorejo;Karang Menggah;Siaga;
Pasuruan;Wonorejo;Karangjati Anyar;Siaga;
Pasuruan;Wonorejo;Kendang Dukuh;Aman;
Pasuruan;Wonorejo;Lebaksari;Aman;
Probolinggo;Kademangan;Poh Sangit Kidul;Siaga;
Probolinggo;Kanigaran;Curah Grinting;Aman;
Probolinggo;Wonoasih;Kedung Galeng;Aman;
Probolinggo;Wonoasih;Pakis Taji;Aman;
Probolinggo;Bantaran;Gunung Tugel;Siaga;
Probolinggo;Bantaran;Karang Anyar;Aman;
Probolinggo;Bantaran;Kramat Agung;Aman;
Probolinggo;Banyuanyar;Gading Kulon;Siaga;
Probolinggo;Banyuanyar;Gunung Geni;Siaga;
Probolinggo;Banyuanyar;Klenang Kidul;Aman;
Probolinggo;Banyuanyar;Klenang Lor;Aman;
Probolinggo;Besuk;Alas Kandang;Aman;
Probolinggo;Besuk;Alas Nyiur;Aman;
Probolinggo;Besuk;Alas Sumur Lor;Aman;
Probolinggo;Besuk;Alas Tengah;Aman;
Probolinggo;Besuk;Besuk Agung;Waspada;
Probolinggo;Besuk;Besuk Kidul;Waspada;
Probolinggo;Besuk;Randu Jalak;Siaga;
Probolinggo;Besuk;Sindet Anyar;Siaga;
Probolinggo;Besuk;Sindet Lami;Siaga;
Probolinggo;Besuk;Sumur Dalam;Siaga;
Probolinggo;Dringu;Mranggon Lawang;Siaga;
Probolinggo;Gading;Bulupandak;Siaga;
Probolinggo;Gading;Gading Wetan;Siaga;
Probolinggo;kotanayar;Curahtemu;Siaga;
Probolinggo;kotanayar;Kedungrejoso;Siaga;
Probolinggo;kotanayar;Kotaanyar;Siaga;
Probolinggo;kotanayar;Pasembon;Siaga;
Probolinggo;kotanayar;Sambirampak Kidul;Siaga;
Probolinggo;kotanayar;Sambirampak Lor;Siaga;
Probolinggo;kotanayar;Sidomulyo;Waspada;
Probolinggo;kotanayar;Sidorejo;Waspada;
Probolinggo;kotanayar;Sukorejo;Waspada;
Probolinggo;kotanayar;Sumbersecang;Waspada;
Probolinggo;kotanayar;Talkandang;Siaga;
Probolinggo;kotanayar;Tambakukir;Siaga;
Probolinggo;kotanayar;Triwungan;Siaga;
Probolinggo;Kraksaan;Kandangjati Wetan;Siaga;
Probolinggo;Kraksaan;Kraksan Wetan;Aman;
Probolinggo;Kraksaan;Kandangjati Kulon;Siaga;
Probolinggo;Kraksaan;Alassumur Lor;;Siaga
Probolinggo;Krejengan;Kebuncaruk;Waspada;
Probolinggo;Krejengan;Opo-Opo;Siaga;
Probolinggo;Krejengan;Sokaan;Siaga;
Probolinggo;Krucil;Pandanlaras;Waspada;
Probolinggo;Leces;Malasan Kulon;Waspada;
Probolinggo;Leces;Pondokwuluh;Waspada;
Probolinggo;Paiton;Jabung Candi;Siaga;
Probolinggo;Paiton;Jabung Sisir;Siaga;
Probolinggo;Paiton;Pondokkelor;Siaga;
Probolinggo;Paiton;Sumberrejo;Siaga;
Probolinggo;Pakuniran;Alas Panda;Waspada;
Probolinggo;Pakuniran;Patemon Kulon;Siaga;
Probolinggo;Pajarakan;Gejugan;Siaga;
Probolinggo;Pajarakan;Karangbong;Aman;
Probolinggo;Pajarakan;Karanggeger;Aman;
Probolinggo;Pajarakan;Karangpranti;Aman;
Probolinggo;Pajarakan;Ketompen;Aman;
Probolinggo;Pajarakan;Pajarakan Kulon;Siaga;
Probolinggo;Pajarakan;Penambangan;Siaga;
Probolinggo;Pajarakan;Selogudig Kulon;Aman;
Probolinggo;Pajarakan;Selogudig Wetan;Aman;
Probolinggo;Pajarakan;Sukokerto;Siaga;
Probolinggo;Pajarakan;Sukomulyo;Siaga;
Probolinggo;Pajarakan;Tanjung;Siaga;
Probolinggo;Sumber;Rambaan;Waspada;
Probolinggo;Sumberasih;Gili Ketapang;Siaga;
Probolinggo;Sumberasih;Muneng Kidul;Siaga;
Probolinggo;Sumberasih;Pohsangit Leres;Siaga;
Probolinggo;Tegalsiwalan;Blado Kulon;Siaga;
Probolinggo;Tegalsiwalan;Bulujaran Kidul;Siaga;
Probolinggo;Tegalsiwalan;Bulujaran Lor;Siaga;
Probolinggo;Tegalsiwalan;Gunung Bekel;Waspada;
Probolinggo;Tegalsiwalan;Malasan Wetan;Waspada;
Probolinggo;Tiris;Andung Biru;Waspada;
Probolinggo;Tiris;Andungaari;Siaga;
Probolinggo;Tiris;Tulupari;Siaga;
Probolinggo;Tongas;Curah Dringu;Waspada;
Probolinggo;Tongas;Curah Tulis;Waspada;
Probolinggo;Tongas;Tongas Kulon;Siaga;
Probolinggo;Tongas;Tongas Wetan;Aman;
Probolinggo;Wonomerto;Sepuh Gempol;Siaga;
Probolinggo;Wonomerto;Tunggak Cerme;Siaga;
