;Ambon;;Nusaniwe;20;Urimessing;Aman;Aman;
;Ambon;;Nusaniwe;26;Urimessing;Aman;Aman;
;Ambon;4;Baguala;32;Latta;Aman;Aman;
;Ambon;;Baguala;33;Nania;Aman;Aman;
;Ambon;;Baguala;34;Negeri Lama;Aman;Aman;
;Ambon;;Baguala;35;Waiheru;Aman;Aman;
;Ambon;;Baguala;36;Lateri;Aman;Aman;
;Ambon;;Baguala;37;Halong;Aman;Aman;
;Ambon;;Baguala;38;Passo;Aman;Aman;
;Ambon;;Leitimur Selatan;42;Hutumury;Aman;Aman;
;MALUKU TENGAH;;Teon Nila Serua;64;issu;Aman;Aman;
;MALUKU TENGAH;;Teon Nila Serua;68;Lesluru;Aman;Aman;
;MALUKU TENGAH;;Teon Nila Serua;69;Messa;Aman;Aman;
;MALUKU TENGAH;;Teon Nila Serua;71;Sifluru;Aman;Aman;
;MALUKU TENGAH;;Seram Utara;83;Kanikeh;Aman;Aman;
;MALUKU TENGAH;;Banda;100;Kampung Baru;Aman;Aman;
;MALUKU TENGAH;;Banda;102;Merdeka;Aman;Aman;
;MALUKU TENGAH;;Banda;104;Pulau Hatta;Aman;Aman;
;MALUKU TENGAH;;Tehoru;118;Mosso;Aman;Aman;
;MALUKU TENGAH;;Tehoru;119;Lava;Aman;Aman;
;MALUKU TENGAH;;Saparua;129;Sirisori Amalatu;Aman;Aman;
;MALUKU TENGAH;;Saparua;130;Sirisori Amapatti;Aman;Aman;
;MALUKU TENGAH;;Saparua;137;Pia;Aman;Aman;
;MALUKU TENGAH;;Pulau Haruku;143;Kariuw;Aman;Aman;
;MALUKU TENGAH;;Salahutu;151;Tengah-Tengah;Aman;Aman;
;MALUKU TENGAH;;Leihitu;157;Hitu Lama;Aman;Aman;
;MALUKU TENGAH;;Leihitu;158;Hitu Mesing;Aman;Aman;
;MALUKU TENGAH;;Leihitu;161;Morela;Aman;Aman;
;MALUKU TENGAH;12;Seram Barat;178;Kaibobo;Aman;Aman;
;MALUKU TENGAH;;Seram Barat;179;Eti;Aman;Aman;
;MALUKU TENGAH;;Seram Barat;180;Lumoli;Aman;Aman;
;MALUKU TENGAH;;Seram Barat;181;Morekau;Aman;Aman;
;MALUKU TENGAH;;Seram Barat;182;Neniari;Aman;Aman;
;MALUKU TENGAH;;Seram Barat;183;Piru;Aman;Aman;
;MALUKU TENGAH;;Seram Barat;184;Kawa;Aman;Aman;
;MALUKU TENGAH;14;Leihitu Barat;189;alang;Aman;Aman;
;MALUKU TENGAH;;Telutih;197;lahakaba;Aman;Aman;
;MALUKU TENGAH;;Timur Seti;215;wanosari;Aman;Aman;
;MALUKU TENGAH;17;Timur Kobi;216;kalawira;Aman;Aman;
;MALUKU TENGAH;;Timur Kobi;217;kayu besi;Aman;Aman;
;MALUKU TENGAH;;Timur Kobi;218;kinaselon;Aman;Aman;
;MALUKU TENGAH;;Timur Kobi;219;kolongan;Aman;Aman;
;MALUKU TENGAH;;Timur Kobi;220;kolongan 1;Aman;Aman;
;MALUKU TENGAH;;Timur Kobi;221;kombi;Aman;Aman;
;MALUKU TENGAH;;Timur Kobi;222;lalumpe;Aman;Aman;
;MALUKU TENGAH;;Timur Kobi;223;makalisung;Aman;Aman;
;MALUKU TENGAH;;Timur Kobi;224;ranowangko II;Aman;Aman;
;MALUKU TENGAH;;Timur Kobi;225;rerer;Aman;Aman;
;MALUKU TENGAH;;Timur Kobi;226;rerer I;Aman;Aman;
;MALUKU TENGAH;;Timur Kobi;227;sawangan;Aman;Aman;
;MALUKU TENGAH;;Timur Kobi;228;tulap;Aman;Aman;
;MALUKU TENGAH;;Saparua Timur;235;sirisori islam;Aman;Aman;
;MALUKU TENGAH;;Saparua Timur;236;sirisori amalatu;Aman;Aman;
;MALUKU TENGAH;;Saparua Timur;238;Ulath;Aman;Aman;
;Seram Bagian Barat;;Huamual Belakang;245;Solea;Aman;Aman;
;Seram Bagian Barat;;Huamual Belakang;248;Buanio Utara;Aman;Aman;
;Seram Bagian Barat;;Huamual Belakang;250;Alang Asaude;Aman;Aman;
;Seram Bagian Barat;;Kairatu Barat;261;Nurue;Aman;Aman;
;Seram Bagian Barat;5;Inamosol;264;Hunitetu;Aman;Aman;
;Seram Bagian Barat;;Amalatu;270;Latuhalat;Aman;Aman;
;Seram Bagian Barat;;Elpaputih;282;Watuy;Aman;Aman;
;Seram Bagian Barat;8;Kepulauan Manipa;283;Buano Hatu Putih;Aman;Aman;
;Seram Bagian Barat;;Kepulauan Manipa;284;Kelang Asude;Aman;Aman;
;Seram Bagian Barat;;Kepulauan Manipa;286;Masawoi;Aman;Aman;
;Seram Bagian Barat;;Taniwel Timur;296;Musihuwei;Aman;Aman;
;Seram Bagian Barat;;Taniwel;299;Lohia sapalewa;Aman;Aman;
;Seram Bagian Barat;;Taniwel;308;Lisabata Barat;Aman;Aman;
;Seram Bagian Barat;;Taniwel;316;Pasinalu;Aman;Aman;
;Seram Bagian Timur;;Bula;339;Emnglas;Aman;Aman;
;Seram Bagian Timur;;Bula Barat;348;Banggoui;Aman;Aman;
;Seram Bagian Timur;;Gorom Timur;373;Miran Kaledar;Aman;Aman;
;Seram Bagian Timur;;Pulau Gorom;412;Rumanama wouw;Aman;Aman;
;Seram Bagian Timur;;Seram Timur;420;Guli Guli;Aman;Aman;
;Seram Bagian Timur;;Seram Timur;424;Kiltai;Aman;Aman;
;Seram Bagian Timur;;Seram Timur;428;Kwawor Mata Ata;Aman;Aman;
;Seram Bagian Timur;;Seram Timur;429;Kwawor Mata Wawa;Aman;Aman;
;Seram Bagian Timur;;Tutuk Tolu;470;Walang Tengah;Aman;Aman;
;Seram Bagian Timur;;Teor;473;Kampung Baru Lautang;Aman;Aman;
;Seram Bagian Timur;;Teor;477;Ker-Ker;Aman;Aman;
;Seram Bagian Timur;;Kilmury;486;Kamarian;Aman;Aman;
;Seram Bagian Timur;;Siritaun Wida Timur;506;Kianlaut;Aman;Aman;
;Seram Bagian Timur;;Siritaun Wida Timur;507;Kwaos;Aman;Aman;
;Seram Bagian Timur;;Siritaun Wida Timur;508;Liantasik;Aman;Aman;
;Seram Bagian Timur;;Teluk waru;515;Kampung Baru Lautang;Aman;Aman;
;MALUKU TENGGARA;;kei Kecil;533;ohoider tawun;Aman;Aman;
;MALUKU TENGGARA;;kei Kecil;534;ohoijang watdeck;Aman;Aman;
;MALUKU TENGGARA;;kei Kecil;536;sidneiohoi;Aman;Aman;
;MALUKU TENGGARA;;Kei Besar;541;El Laran;Aman;Aman;
;MALUKU TENGGARA;;Kei Besar;544;Pagamas;Aman;Aman;
;MALUKU TENGGARA;;Kei Besar;547;Lerohoilim;Aman;Aman;
;MALUKU TENGGARA;;Kei Besar;556;Ohoilem;Aman;Aman;
;MALUKU TENGGARA;;Kei Besar;559;Ohoililir;Aman;Aman;
;MALUKU TENGGARA;;Kei Besar;560;Tamada;Aman;Aman;
;MALUKU TENGGARA;;Kei Besar;562;Debut;Aman;Aman;
;MALUKU TENGGARA;;kei Besar Selatan;568;Ohoirenang;Aman;Aman;
;MALUKU TENGGARA;;kei Besar Selatan;570;Soindat Tamangil;Aman;Aman;
;MALUKU TENGGARA;;kei Besar Selatan;571;Nuhuten tamangil;Aman;Aman;
;MALUKU TENGGARA;;kei Besar Utara Timur;582;Haarohoimel;Aman;Aman;
;MALUKU TENGGARA;;kei Kecil Timur;586;Numefar;Aman;Aman;
;MALUKU TENGGARA;;kei Kecil Timur;587;Nursoin;Aman;Aman;
;MALUKU TENGGARA;;kei Kecil Timur;592;Wain abean;Aman;Aman;
;MALUKU TENGGARA;;kei Kecil Timur;593;Raat;Aman;Aman;
;MALUKU TENGGARA;;kei Kecil Barat;597;Madwaer;Aman;Aman;
;MALUKU TENGGARA;;kei Kecil Barat;598;Somlaeng;Aman;Aman;
;MALUKU TENGGARA;;kei Kecil Barat;599;Ohoireng;Aman;Aman;
;MALUKU TENGGARA;;Manyeuw;609;ohililir;Aman;Aman;
;MALUKU TENGGARA;;Manyeuw;610;Ohoilub;Aman;Aman;
;MALUKU TENGGARA;;Manyeuw;611;rumah dian;Aman;Aman;
;MALUKU TENGGARA;;Hoat Sorbay;617;Letwuan (letvuan);Aman;Aman;
;MALUKU TENGGARA;;Hoat Sorbay;620;ohoi badar;Aman;Aman;
;MALUKU TENGGARA;9;kei Besar Utara Barat;626;at ngurwul;Aman;Aman;
;MALUKU TENGGARA;;kei Besar Utara Barat;627;at Ohoiwaf;Aman;Aman;
;MALUKU TENGGARA;;kei Besar Utara Barat;628;at wear aur;Aman;Aman;
;MALUKU TENGGARA;;kei Besar Utara Barat;634;laar (laar Perda);Aman;Aman;
;MALUKU TENGGARA;;kei Besar Utara Barat;635;munessoy;Aman;Aman;
;MALUKU TENGGARA;;kei Besar Utara Barat;636;mun khaar;Aman;Aman;
;MALUKU TENGGARA;;kei Besar Utara Barat;637;mun ngurdit wain;Aman;Aman;
;MALUKU TENGGARA;;kei Besar Utara Barat;639;ngurwalet;Aman;Aman;
;MALUKU TENGGARA;;kei Besar Utara Barat;640;ohoi tuf;Aman;Aman;
;MALUKU TENGGARA;;kei Besar Utara Barat;642;uwatreyaan;Aman;Aman;
;MALUKU TENGGARA;;kei Besar Utara Barat;643;uwatwear;Aman;Aman;
;MALUKU TENGGARA;;kei Besar Selatan Barat;656;weduar feer;Aman;Aman;
;MALUKU TENGGARA;11;kei Besar Timur Selatan;657;Danar Ohoiseb;Aman;Aman;
;MALUKU TENGGARA;;kei Besar Timur Selatan;658;Danar Ternate;Aman;Aman;
;MALUKU TENGGARA;;kei Besar Timur Selatan;659;Danar lumefar;Aman;Aman;
;MALUKU TENGGARA;;kei Besar Timur Selatan;660;Elaar Nursoin;Aman;Aman;
;MALUKU TENGGARA;;kei Besar Timur Selatan;661;Elaar lamagorang;Aman;Aman;
;MALUKU TENGGARA;;kei Besar Timur Selatan;662;Elaar Let;Aman;Aman;
;MALUKU TENGGARA;;kei Besar Timur Selatan;663;Sare;Aman;Aman;
;MALUKU TENGGARA;;kei Besar Timur Selatan;664;Maar;Aman;Aman;
;MALUKU TENGGARA;;kei Besar Timur Selatan;665;uf;Aman;Aman;
;MALUKU TENGGARA;;kei Besar Timur Selatan;666;Ngurwul;Aman;Aman;
;MALUKU TENGGARA;;kei Besar Timur Selatan;667;Garara;Aman;Aman;
6;TUAL;1;Pulau Dulla Utara;668;Dullah (Darat);Aman;Aman;
;TUAL;;Pulau Dulla Utara;669;Dullah Laut;Aman;Aman;
;TUAL;;Pulau Dulla Utara;670;Fiditan;Aman;Aman;
;TUAL;;Pulau Dulla Utara;671;Labetawi;Aman;Aman;
;TUAL;;Pulau Dulla Utara;672;Ngadi;Aman;Aman;
;TUAL;;Pulau Dulla Utara;673;Ohoitahit;Aman;Aman;
;TUAL;;Pulau Dulla Utara;674;Ohoitel;Aman;Aman;
;TUAL;;Pulau Dulla Utara;675;Tamedan;Aman;Aman;
;TUAL;2;Pulau Dulla Selatan;676;Ketsoblak;Aman;Aman;
;TUAL;;Pulau Dulla Selatan;677;Lodar Ell;Aman;Aman;
;TUAL;;Pulau Dulla Selatan;678;Masrum;Aman;Aman;
;TUAL;;Pulau Dulla Selatan;679;Taar;Aman;Aman;
;TUAL;;Pulau Dulla Selatan;680;Kiom;Waspada;Waspada;
;TUAL;;Pulau Dulla Selatan;681;Tual;Aman;Aman;
;TUAL;;Tayando Tam;684;TayandoOhoiel;Aman;Aman;
;TUAL;;Pulau-pulau Kur;690;_;Aman;Aman;
;TUAL;;Pulau-pulau Kur;691;_;Aman;Aman;
;TUAL;;Kur Selatan;694;Niela (Mangur Niela);Aman;Aman;
;TUAL;;Kur Selatan;695;Rumoin (Romoin);Aman;Aman;
;TUAL;;Kur Selatan;696;Tiflen (Tiflean);Aman;Aman;
7;KEP.ARU;1;P.P.Aru;699;Galai;Aman;Aman;
;KEP.ARU;;P.P.Aru;700;Dubu;Aman;Aman;
;KEP.ARU;;P.P.Aru;701;Siwa Lima;Aman;Aman;
;KEP.ARU;;P.P.Aru;702;Durjela;Aman;Aman;
;KEP.ARU;;P.P.Aru;703;Gorar;Aman;Aman;
;KEP.ARU;;P.P.Aru;704;Jabulenga;Aman;Aman;
;KEP.ARU;;P.P.Aru;705;Karangguli;Aman;Aman;
;KEP.ARU;;P.P.Aru;706;Kobraur;Aman;Aman;
;KEP.ARU;;P.P.Aru;707;Lau-lau;Aman;Aman;
;KEP.ARU;;P.P.Aru;708;Nafar;Aman;Aman;
;KEP.ARU;;P.P.Aru;709;Samang;Aman;Aman;
;KEP.ARU;;P.P.Aru;710;Tunguwatu;Aman;Aman;
;KEP.ARU;;P.P.Aru;711;Ujir;Aman;Aman;
;KEP.ARU;;P.P.Aru;712;Wangel;Aman;Aman;
;KEP.ARU;;P.P.Aru;713;Wokam;Aman;Aman;
;KEP.ARU;2;Aru Selatan;714;Doka Barat;Aman;Aman;
;KEP.ARU;;Aru Selatan;715;Doka Timur;Aman;Aman;
;KEP.ARU;;Aru Selatan;716;Fatural;Aman;Aman;
;KEP.ARU;;Aru Selatan;717;Feruni;Aman;Aman;
;KEP.ARU;;Aru Selatan;718;Gaimar;Aman;Aman;
;KEP.ARU;;Aru Selatan;719;Jelia;Aman;Aman;
;KEP.ARU;;Aru Selatan;720;Jerol;Aman;Aman;
;KEP.ARU;;Aru Selatan;721;Kabalukin;Aman;Aman;
;KEP.ARU;;Aru Selatan;722;Kalar-kalar;Aman;Aman;
;KEP.ARU;;Aru Selatan;723;Laininir;Aman;Aman;
;KEP.ARU;;Aru Selatan;724;Lor-Lor;Aman;Aman;
;KEP.ARU;;Aru Selatan;725;Marfenfen;Aman;Aman;
;KEP.ARU;;Aru Selatan;726;Ngaibor;Aman;Aman;
;KEP.ARU;;Aru Selatan;727;Ngaiguli;Aman;Aman;
;KEP.ARU;;Aru Selatan;728;Popjetur;Aman;Aman;
;KEP.ARU;3;Aru Tengah;729;Algadang;Aman;Aman;
;KEP.ARU;;Aru Tengah;730;Benjina;Aman;Aman;
;KEP.ARU;;Aru Tengah;731;Fatlabata;Aman;Aman;
;KEP.ARU;;Aru Tengah;732;Gardakau;Aman;Aman;
;KEP.ARU;;Aru Tengah;733;Gulili;Aman;Aman;
;KEP.ARU;;Aru Tengah;734;Irloy;Aman;Aman;
;KEP.ARU;;Aru Tengah;735;Jirlay;Aman;Aman;
;KEP.ARU;;Aru Tengah;736;Kobadangar;Aman;Aman;
;KEP.ARU;;Aru Tengah;737;Kobasel Fara;Aman;Aman;
;KEP.ARU;;Aru Tengah;738;Kobasel Timur;Aman;Aman;
;KEP.ARU;;Aru Tengah;739;Kwarbola;Aman;Aman;
;KEP.ARU;;Aru Tengah;740;Lorang;Aman;Aman;
;KEP.ARU;;Aru Tengah;741;Maijuring;Aman;Aman;
;KEP.ARU;;Aru Tengah;742;Manjau;Aman;Aman;
;KEP.ARU;;Aru Tengah;743;Maririmar;Aman;Aman;
;KEP.ARU;;Aru Tengah;744;Murai;Aman;Aman;
;KEP.ARU;;Aru Tengah;745;Namara;Aman;Aman;
;KEP.ARU;;Aru Tengah;746;Papakula;Aman;Aman;
;KEP.ARU;;Aru Tengah;747;Selibata-Bata;Aman;Aman;
;KEP.ARU;;Aru Tengah;748;Selilau;Aman;Aman;
;KEP.ARU;4;Aru Utara;749;Foket;Aman;Aman;
;KEP.ARU;;Aru Utara;750;Jerwatu;Aman;Aman;
;KEP.ARU;;Aru Utara;751;Kabufin;Aman;Aman;
;KEP.ARU;;Aru Utara;752;Kaibolafin;Aman;Aman;
;KEP.ARU;;Aru Utara;753;Kolamar;Aman;Aman;
;KEP.ARU;;Aru Utara;754;Marlasi;Aman;Aman;
;KEP.ARU;;Aru Utara;755;Mesidang;Aman;Aman;
;KEP.ARU;;Aru Utara;756;Selmona;Aman;Aman;
;KEP.ARU;;Aru Utara;757;Tasinwaha;Aman;Aman;
;KEP.ARU;;Aru Utara;758;Wangangula-Ngula;Aman;Aman;
;KEP.ARU;;Aru Utara;759;Wahayum;Aman;Aman;
;KEP.ARU;;Aru Utara;760;Warialau;Aman;Aman;
;KEP.ARU;5;Aru Utara Timur Batuley;761;Batuley;Aman;Aman;
;KEP.ARU;;Aru Utara Timur Batuley;762;Benjuring;Aman;Aman;
;KEP.ARU;;Aru Utara Timur Batuley;763;Jursiang;Aman;Aman;
;KEP.ARU;;Aru Utara Timur Batuley;764;kabalsiang;Aman;Aman;
;KEP.ARU;;Aru Utara Timur Batuley;765;Kobamar;Aman;Aman;
;KEP.ARU;;Aru Utara Timur Batuley;766;Kompane;Aman;Aman;
;KEP.ARU;;Aru Utara Timur Batuley;767;Kumul;Aman;Aman;
;KEP.ARU;;Aru Utara Timur Batuley;768;Sewer;Aman;Aman;
;KEP.ARU;;Aru Utara Timur Batuley;769;Waria;Aman;Aman;
;KEP.ARU;6;Sir-Sir;770;Bardevan;Aman;Aman;
;KEP.ARU;;Sir-Sir;771;Goda-Goda;Aman;Aman;
;KEP.ARU;;Sir-Sir;772;Gomsey;Aman;Aman;
;KEP.ARU;;Sir-Sir;773;Kolaha;Aman;Aman;
;KEP.ARU;;Sir-Sir;774;Langhalau;Aman;Aman;
;KEP.ARU;;Sir-Sir;775;Leiting;Aman;Aman;
;KEP.ARU;;Sir-Sir;776;Mohongsel;Aman;Aman;
;KEP.ARU;;Sir-Sir;777;Wafan;Aman;Aman;
;KEP.ARU;;Sir-Sir;778;Waiful;Aman;Aman;
;KEP.ARU;7;Aru Tengah Timur;779;Balatan;Aman;Aman;
;KEP.ARU;;Aru Tengah Timur;780;Basada;Aman;Aman;
;KEP.ARU;;Aru Tengah Timur;781;Dosinamalu;Aman;Aman;
;KEP.ARU;;Aru Tengah Timur;782;Kaiwabar;Aman;Aman;
;KEP.ARU;;Aru Tengah Timur;783;Karawai;Aman;Aman;
;KEP.ARU;;Aru Tengah Timur;784;Kobror;Aman;Aman;
;KEP.ARU;;Aru Tengah Timur;785;Koijabi;Aman;Aman;
;KEP.ARU;;Aru Tengah Timur;786;Lola;Aman;Aman;
;KEP.ARU;;Aru Tengah Timur;787;Mariri;Aman;Aman;
;KEP.ARU;;Aru Tengah Timur;788;Ponom;Aman;Aman;
;KEP.ARU;;Aru Tengah Timur;789;Wailay;Aman;Aman;
;KEP.ARU;;Aru Tengah Timur;790;Marjukur;Aman;Aman;
;KEP.ARU;;Aru Tengah Timur;791;Warloi;Aman;Aman;
;KEP.ARU;8;Aru Tengah Selatan;792;Apara;Aman;Aman;
;KEP.ARU;;Aru Tengah Selatan;793;Bemun;Aman;Aman;
;KEP.ARU;;Aru Tengah Selatan;794;Gomo-Gomo;Aman;Aman;
;KEP.ARU;;Aru Tengah Selatan;795;Jambu Air;Aman;Aman;
;KEP.ARU;;Aru Tengah Selatan;796;Longgar;Aman;Aman;
;KEP.ARU;;Aru Tengah Selatan;797;Mesiang;Aman;Aman;
;KEP.ARU;;Aru Tengah Selatan;798;Warabal;Aman;Aman;
;KEP.ARU;9;Aru Selatan Utara;799;Erersin;Aman;Aman;
;KEP.ARU;;Aru Selatan Utara;800;Hokmar;Aman;Aman;
;KEP.ARU;;Aru Selatan Utara;801;Juring;Aman;Aman;
;KEP.ARU;;Aru Selatan Utara;802;Lutur;Aman;Aman;
;KEP.ARU;;Aru Selatan Utara;803;Maekor;Aman;Aman;
;KEP.ARU;;Aru Selatan Utara;804;Rebi;Aman;Aman;
;KEP.ARU;;Aru Selatan Utara;805;Tabarfane;Aman;Aman;
8;P.BURU;1;Namlea;806;Batu Boy;Aman;Aman;
;P.BURU;;Namlea;807;Jamilu;Aman;Aman;
;P.BURU;;Namlea;808;Karang Jaya;Aman;Aman;
;P.BURU;;Namlea;809;Lala;Aman;Aman;
;P.BURU;;Namlea;810;Namlea;Aman;Aman;
;P.BURU;;Namlea;811;Sanleko;Aman;Aman;
;P.BURU;;Namlea;812;Siahoni;Aman;Aman;
;P.BURU;2;Air Buaya;813;Air Buaya;Aman;Aman;
;P.BURU;;Air Buaya;814;Awilinan;Aman;Aman;
;P.BURU;;Air Buaya;815;Bara;Aman;Aman;
;P.BURU;;Air Buaya;816;Batlale;Aman;Aman;
;P.BURU;;Air Buaya;817;Kampung Baru;Aman;Aman;
;P.BURU;;Air Buaya;818;Selwadu;Aman;Aman;
;P.BURU;;Air Buaya;819;Tanjung Karang;Aman;Aman;
;P.BURU;;Air Buaya;820;Waimangit;Aman;Aman;
;P.BURU;;Air Buaya;821;Waipure;Aman;Aman;
;P.BURU;;Air Buaya;822;Wasbaka;Aman;Aman;
;P.BURU;3;Waeapo;823;Savana Jaya;Aman;Aman;
;P.BURU;;Waeapo;824;Gogrea;Aman;Aman;
;P.BURU;;Waeapo;825;Waetele;Aman;Aman;
;P.BURU;;Waeapo;826;Waekerta;Aman;Aman;
;P.BURU;;Waeapo;827;Waekasar;Aman;Aman;
;P.BURU;;Waeapo;828;Waenetat;Aman;Aman;
;P.BURU;;Waeapo;829;Wanareja;Aman;Aman;
;P.BURU;4;Waplau;830;Hatawano;Aman;Aman;
;P.BURU;;Waplau;831;Lamahang;Aman;Aman;
;P.BURU;;Waplau;832;Namsina;Aman;Aman;
;P.BURU;;Waplau;833;Samalagi;Aman;Aman;
;P.BURU;;Waplau;834;Skikilale;Aman;Aman;
;P.BURU;;Waplau;835;Waepotih;Aman;Aman;
;P.BURU;;Waplau;836;Waeura;Aman;Aman;
;P.BURU;;Waplau;837;Wailihang;Aman;Aman;
;P.BURU;;Waplau;838;Waplau;Aman;Aman;
;P.BURU;;Waplau;839;Waprea;Aman;Aman;
;P.BURU;5;Batabual;840;Ilath;Aman;Aman;
;P.BURU;;Batabual;841;Batu Jungku;Aman;Aman;
;P.BURU;;Batabual;842;Pela;Aman;Aman;
;P.BURU;;Batabual;843;Waemorat;Aman;Aman;
;P.BURU;;Batabual;844;Seith;Aman;Aman;
;P.BURU;6;Lolong Guba;845;Grandeng;Aman;Aman;
;P.BURU;;Lolong Guba;846;Kubalahin;Aman;Aman;
;P.BURU;;Lolong Guba;847;Lele;Aman;Aman;
;P.BURU;;Lolong Guba;848;Nafrua;Aman;Aman;
;P.BURU;;Lolong Guba;849;Ohilahin;Aman;Aman;
;P.BURU;;Lolong Guba;850;Tifu;Aman;Aman;
;P.BURU;;Lolong Guba;851;Wabloy;Aman;Aman;
;P.BURU;;Lolong Guba;852;Waegeren;Aman;Aman;
;P.BURU;;Lolong Guba;853;Wanakarta;Aman;Aman;
;P.BURU;;Lolong Guba;854;Wapsalit;Aman;Aman;
;P.BURU;7;Waelata;855;Basalale;Aman;Aman;
;P.BURU;;Waelata;856;Dava;Aman;Aman;
;P.BURU;;Waelata;857;Deboway;Aman;Aman;
;P.BURU;8;Fena Leisela;858;Balbalu;Aman;Aman;
;P.BURU;;Fena Leisela;859;Lemanpoli;Aman;Aman;
;P.BURU;;Fena Leisela;860;Raheriat;Aman;Aman;
;P.BURU;;Fena Leisela;861;Waedanga;Aman;Aman;
;P.BURU;;Fena Leisela;862;Waekose;Aman;Aman;
;P.BURU;;Fena Leisela;863;Waelana-lana;Aman;Aman;
;P.BURU;;Fena Leisela;864;Waemite;Aman;Aman;
;P.BURU;;Fena Leisela;865;Waereman;Aman;Aman;
;P.BURU;;Fena Leisela;866;Wainibe;Aman;Aman;
;P.BURU;;Fena Leisela;867;Wamana Baru;Aman;Aman;
;P.BURU;;Fena Leisela;868;Wamlana;Aman;Aman;
;P.BURU;;Fena Leisela;869;Wasi;Aman;Aman;
;P.BURU;;Fena Leisela;870;Waspait;Aman;Aman;
;P.BURU;9;Teluk Kaiely;871;Kaiely;Aman;Aman;
;P.BURU;;Teluk Kaiely;872;Kaki Air;Aman;Aman;
;P.BURU;;Teluk Kaiely;873;Masarete;Aman;Aman;
;P.BURU;;Teluk Kaiely;874;Waelapia;Aman;Aman;
;P.BURU;10;Lilialy;875;Jikumarasa;Aman;Aman;
;P.BURU;;Lilialy;876;Sawa;Aman;Aman;
;P.BURU;;Lilialy;877;Ubung;Aman;Aman;
;P.BURU;;Lilialy;878;Waeperang;Aman;Aman;
;P.BURU;;Lilialy;879;Waimiting;Aman;Aman;
;BURU SELATAN;;Kepala Madan;930;Kepala madan;Aman;Aman;
;BURU SELATAN;5;Leksula;931;Ewiri;Aman;Aman;
;BURU SELATAN;;fena fafan;952;Nasarua;Aman;Aman;
10;KEPULAUANTANIMBAR;1;Tanimbar Selatan;960;Ilngei;Aman;Aman;
;KEPULAUANTANIMBAR;;Tanimbar Selatan;961;Kabiarat;Aman;Aman;
;KEPULAUANTANIMBAR;;Tanimbar Selatan;962;Latdalam;Aman;Aman;
;KEPULAUANTANIMBAR;;Tanimbar Selatan;963;Lauran;Aman;Aman;
;KEPULAUANTANIMBAR;;Tanimbar Selatan;964;Lermatang;Aman;Aman;
;KEPULAUANTANIMBAR;;Tanimbar Selatan;965;Olilit Raya;Aman;Aman;
;KEPULAUANTANIMBAR;;Tanimbar Selatan;966;Saumlaki;Aman;Aman;
;KEPULAUANTANIMBAR;;Tanimbar Selatan;967;Sifnana;Aman;Aman;
;KEPULAUANTANIMBAR;;Tanimbar Selatan;968;Wowonda;Aman;Aman;
;KEPULAUANTANIMBAR;2;Selaru;969;Adaut;Aman;Aman;
;KEPULAUANTANIMBAR;;Selaru;970;Namtabung;Aman;Aman;
;KEPULAUANTANIMBAR;;Selaru;971;Kandar;Aman;Aman;
;KEPULAUANTANIMBAR;;Selaru;972;Lingat;Aman;Aman;
;KEPULAUANTANIMBAR;;Selaru;973;Werain;Aman;Aman;
;KEPULAUANTANIMBAR;;Selaru;974;Fursui;Aman;Aman;
;KEPULAUANTANIMBAR;3;Wertamrian;975;Amdasa;Aman;Aman;
;KEPULAUANTANIMBAR;;Wertamrian;976;Arui Bab;Aman;Aman;
;KEPULAUANTANIMBAR;;Wertamrian;977;Arui Das;Aman;Aman;
;KEPULAUANTANIMBAR;;Wertamrian;978;Atubul Raya;Aman;Aman;
;KEPULAUANTANIMBAR;;Wertamrian;979;Lorulung;Aman;Aman;
;KEPULAUANTANIMBAR;;Wertamrian;980;Sangliat Dol;Aman;Aman;
;KEPULAUANTANIMBAR;;Wertamrian;981;Sangliat Krawain;Aman;Aman;
;KEPULAUANTANIMBAR;;Wertamrian;982;Tumbur;Aman;Aman;
;KEPULAUANTANIMBAR;4;Wermakatian;983;Batu Putih;Aman;Aman;
;KEPULAUANTANIMBAR;;Wermakatian;984;Kamatubun;Aman;Aman;
;KEPULAUANTANIMBAR;;Wermakatian;985;Makatiang;Aman;Aman;
;KEPULAUANTANIMBAR;;Wermakatian;986;Rumasalut;Aman;Aman;
;KEPULAUANTANIMBAR;;Wermakatian;987;Themin;Aman;Aman;
;KEPULAUANTANIMBAR;;Wermakatian;988;Welutu;Aman;Aman;
;KEPULAUANTANIMBAR;;Wermakatian;989;Weratan;Aman;Aman;
;KEPULAUANTANIMBAR;;Wermakatian;990;Wermatang;Aman;Aman;
;KEPULAUANTANIMBAR;5;Tanimbar Utara;991;Kelaan;Aman;Aman;
;KEPULAUANTANIMBAR;;Tanimbar Utara;992;Kaliober;Aman;Aman;
;KEPULAUANTANIMBAR;;Tanimbar Utara;993;Lamdesar Barat;Aman;Aman;
;KEPULAUANTANIMBAR;;Tanimbar Utara;994;Lamdesar Timur;Aman;Aman;
;KEPULAUANTANIMBAR;;Tanimbar Utara;995;Lelingluan;Aman;Aman;
;KEPULAUANTANIMBAR;;Tanimbar Utara;996;Ridool;Aman;Aman;
;KEPULAUANTANIMBAR;;Tanimbar Utara;997;Ritabel;Aman;Aman;
;KEPULAUANTANIMBAR;;Tanimbar Utara;998;Watidal;Aman;Aman;
;KEPULAUANTANIMBAR;6;Yaru;999;Adodo Fordata;Aman;Aman;
;KEPULAUANTANIMBAR;;Yaru;1000;Awear;Aman;Aman;
;KEPULAUANTANIMBAR;;Yaru;1001;Romean;Aman;Aman;
;KEPULAUANTANIMBAR;;Yaru;1002;Rumngeur;Aman;Aman;
;KEPULAUANTANIMBAR;;Yaru;1003;Sofyanin;Aman;Aman;
;KEPULAUANTANIMBAR;;Yaru;1004;Walerang;Aman;Aman;
;KEPULAUANTANIMBAR;7;Wuarlabobar;1005;Abat;Aman;Aman;
;KEPULAUANTANIMBAR;;Wuarlabobar;1006;Adomolo;Aman;Aman;
;KEPULAUANTANIMBAR;;Wuarlabobar;1007;Awear Rumngeur;Aman;Aman;
;KEPULAUANTANIMBAR;;Wuarlabobar;1008;Karatat;Aman;Aman;
;KEPULAUANTANIMBAR;;Wuarlabobar;1009;Kilon;Aman;Aman;
;KEPULAUANTANIMBAR;;Wuarlabobar;1010;Labobar;Aman;Aman;
;KEPULAUANTANIMBAR;;Wuarlabobar;1011;Nurkat;Aman;Aman;
;KEPULAUANTANIMBAR;;Wuarlabobar;1012;Tutunametal;Aman;Aman;
;KEPULAUANTANIMBAR;;Wuarlabobar;1013;Wadankou;Aman;Aman;
;KEPULAUANTANIMBAR;;Wuarlabobar;1014;Watmasa;Aman;Aman;
;KEPULAUANTANIMBAR;;Wuarlabobar;1015;Wulmasa;Aman;Aman;
;KEPULAUANTANIMBAR;;Wuarlabobar;1016;Wunlah;Aman;Aman;
;KEPULAUANTANIMBAR;8;Kormomolin;1017;Alusi Batjas;Aman;Aman;
;KEPULAUANTANIMBAR;;Kormomolin;1018;Alusi Bukyalin;Aman;Aman;
;KEPULAUANTANIMBAR;;Kormomolin;1019;Alusi kelaan;Aman;Aman;
;KEPULAUANTANIMBAR;;Kormomolin;1020;Alusi Krawain;Aman;Aman;
;KEPULAUANTANIMBAR;;Kormomolin;1021;Alusi Tamrian;Aman;Aman;
;KEPULAUANTANIMBAR;;Kormomolin;1022;Kilmasa;Aman;Aman;
;KEPULAUANTANIMBAR;;Kormomolin;1023;Lorwembun;Aman;Aman;
;KEPULAUANTANIMBAR;;Kormomolin;1024;Lumasebu;Aman;Aman;
;KEPULAUANTANIMBAR;;Kormomolin;1025;Meyano Raya;Aman;Aman;
;KEPULAUANTANIMBAR;9;Nirunmas;1026;Arma;Aman;Aman;
;KEPULAUANTANIMBAR;;Nirunmas;1027;Manglusi;Aman;Aman;
;KEPULAUANTANIMBAR;;Nirunmas;1028;Tutukembong;Aman;Aman;
;KEPULAUANTANIMBAR;;Nirunmas;1029;Watmuri;Aman;Aman;
;KEPULAUANTANIMBAR;;Nirunmas;1030;Waturu;Aman;Aman;
;KEPULAUANTANIMBAR;10;Molu Maru;1031;Adodo Molu;Aman;Aman;
;KEPULAUANTANIMBAR;;Molu Maru;1032;Nurkat;Aman;Aman;
;KEPULAUANTANIMBAR;;Molu Maru;1033;Tutunametal;Aman;Aman;
;KEPULAUANTANIMBAR;;Molu Maru;1034;Wadankou;Aman;Aman;
;KEPULAUANTANIMBAR;;Molu Maru;1035;Wulmasa;Aman;Aman;
;MALUKU BARAT DAYA;;Pulau-Pulau Babar;1066;Sinarusi;Aman;Aman;
;MALUKU BARAT DAYA;;Wetar;1083;Tolemar;Aman;Aman;
;MALUKU BARAT DAYA;;Wetar;1085;Hiai;Aman;Aman;
;MALUKU BARAT DAYA;;Pulau Masela;1112;Uilbutung;Aman;Aman;
;MALUKU BARAT DAYA;;Dawelor Dawera;1120;Wairatan;Aman;Aman;
;MALUKU BARAT DAYA;;Dawelor Dawera;1121;Watuwey;Aman;Aman;
;MALUKU BARAT DAYA;;Pulau Wetang;1125;Pota Besar Pota Kecil;Aman;Aman;
;MALUKU BARAT DAYA;;Pulau Wetang;1126;Rumalewang Besar;Aman;Aman;
;MALUKU BARAT DAYA;;Pulau Wetang;1127;Rumalewang Kecil;Aman;Aman;
;MALUKU BARAT DAYA;;Pulau Wetang;1128;Upupun;Aman;Aman;
;MALUKU BARAT DAYA;;Pulau Lakor;1132;Lolotwara;Aman;Aman;
;MALUKU BARAT DAYA;;Pulau Lakor;1133;Letode;Aman;Aman;
;MALUKU BARAT DAYA;;Wetar Timur;1149;Kahilim;Aman;Aman;
